config,repetition,seed,rare_type,winner,generations
A1_blue_rare,101,93540,biased,unbiased,1
A1_blue_rare,102,93541,biased,unbiased,1
A1_blue_rare,103,93542,biased,unbiased,1
A1_blue_rare,104,93543,biased,unbiased,1
A1_blue_rare,105,93544,biased,unbiased,1
A1_blue_rare,106,93545,biased,unbiased,1
A1_blue_rare,107,93546,biased,unbiased,1
A1_blue_rare,108,93547,biased,unbiased,1
A1_blue_rare,109,93548,biased,unbiased,1
A1_blue_rare,110,93549,biased,unbiased,1
A1_blue_rare,111,93550,biased,unbiased,1
A1_blue_rare,112,93551,biased,unbiased,2
A1_blue_rare,113,93552,biased,unbiased,1
A1_blue_rare,114,93553,biased,unbiased,1
A1_blue_rare,115,93554,biased,unbiased,1
A1_blue_rare,116,93555,biased,unbiased,1
A1_blue_rare,117,93556,biased,unbiased,1
A1_blue_rare,118,93557,biased,unbiased,1
A1_blue_rare,119,93558,biased,unbiased,1
A1_blue_rare,120,93559,biased,unbiased,1
A1_blue_rare,121,93560,biased,unbiased,1
A1_blue_rare,122,93561,biased,unbiased,1
A1_blue_rare,123,93562,biased,unbiased,2
A1_blue_rare,124,93563,biased,unbiased,3
A1_blue_rare,125,93564,biased,unbiased,1
A1_blue_rare,126,93565,biased,unbiased,1
A1_blue_rare,127,93566,biased,unbiased,1
A1_blue_rare,128,93567,biased,unbiased,1
A1_blue_rare,129,93568,biased,unbiased,1
A1_blue_rare,130,93569,biased,unbiased,3
A1_blue_rare,131,93570,biased,unbiased,1
A1_blue_rare,132,93571,biased,unbiased,1
A1_blue_rare,133,93572,biased,unbiased,1
A1_blue_rare,134,93573,biased,unbiased,1
A1_blue_rare,135,93574,biased,unbiased,1
A1_blue_rare,136,93575,biased,unbiased,2
A1_blue_rare,137,93576,biased,unbiased,1
A1_blue_rare,138,93577,biased,unbiased,2
A1_blue_rare,139,93578,biased,unbiased,1
A1_blue_rare,140,93579,biased,unbiased,1
A1_blue_rare,141,93580,biased,unbiased,1
A1_blue_rare,142,93581,biased,unbiased,1
A1_blue_rare,143,93582,biased,unbiased,1
A1_blue_rare,144,93583,biased,unbiased,1
A1_blue_rare,145,93584,biased,unbiased,1
A1_blue_rare,146,93585,biased,unbiased,1
A1_blue_rare,147,93586,biased,unbiased,1
A1_blue_rare,148,93587,biased,unbiased,4
A1_blue_rare,149,93588,biased,unbiased,1
A1_blue_rare,150,93589,biased,unbiased,1
A1_blue_rare,251,93690,biased,unbiased,1
A1_blue_rare,252,93691,biased,unbiased,1
A1_blue_rare,253,93692,biased,unbiased,1
A1_blue_rare,254,93693,biased,unbiased,1
A1_blue_rare,255,93694,biased,unbiased,1
A1_blue_rare,256,93695,biased,unbiased,1
A1_blue_rare,257,93696,biased,unbiased,1
A1_blue_rare,258,93697,biased,unbiased,1
A1_blue_rare,259,93698,biased,unbiased,1
A1_blue_rare,260,93699,biased,unbiased,1
A1_blue_rare,261,93700,biased,unbiased,2
A1_blue_rare,262,93701,biased,unbiased,1
A1_blue_rare,263,93702,biased,unbiased,2
A1_blue_rare,264,93703,biased,unbiased,1
A1_blue_rare,265,93704,biased,unbiased,3
A1_blue_rare,266,93705,biased,unbiased,2
A1_blue_rare,267,93706,biased,unbiased,1
A1_blue_rare,268,93707,biased,unbiased,1
A1_blue_rare,269,93708,biased,unbiased,1
A1_blue_rare,270,93709,biased,unbiased,2
A1_blue_rare,271,93710,biased,unbiased,1
A1_blue_rare,272,93711,biased,unbiased,1
A1_blue_rare,273,93712,biased,unbiased,1
A1_blue_rare,274,93713,biased,unbiased,1
A1_blue_rare,275,93714,biased,unbiased,2
A1_blue_rare,276,93715,biased,unbiased,1
A1_blue_rare,277,93716,biased,unbiased,2
A1_blue_rare,278,93717,biased,unbiased,1
A1_blue_rare,279,93718,biased,unbiased,1
A1_blue_rare,280,93719,biased,unbiased,1
A1_blue_rare,281,93720,biased,unbiased,1
A1_blue_rare,282,93721,biased,unbiased,1
A1_blue_rare,283,93722,biased,unbiased,2
A1_blue_rare,284,93723,biased,unbiased,1
A1_blue_rare,285,93724,biased,unbiased,2
A1_blue_rare,286,93725,biased,unbiased,1
A1_blue_rare,287,93726,biased,unbiased,1
A1_blue_rare,288,93727,biased,unbiased,1
A1_blue_rare,289,93728,biased,unbiased,1
A1_blue_rare,290,93729,biased,unbiased,1
A1_blue_rare,291,93730,biased,unbiased,1
A1_blue_rare,292,93731,biased,unbiased,1
A1_blue_rare,293,93732,biased,unbiased,1
A1_blue_rare,294,93733,biased,unbiased,1
A1_blue_rare,295,93734,biased,unbiased,1
A1_blue_rare,296,93735,biased,unbiased,1
A1_blue_rare,297,93736,biased,unbiased,1
A1_blue_rare,298,93737,biased,unbiased,2
A1_blue_rare,299,93738,biased,unbiased,1
A1_blue_rare,300,93739,biased,unbiased,1
A1_blue_rare,201,93640,biased,unbiased,2
A1_blue_rare,202,93641,biased,unbiased,1
A1_blue_rare,203,93642,biased,unbiased,1
A1_blue_rare,204,93643,biased,unbiased,1
A1_blue_rare,205,93644,biased,unbiased,1
A1_blue_rare,206,93645,biased,unbiased,2
A1_blue_rare,207,93646,biased,unbiased,4
A1_blue_rare,208,93647,biased,unbiased,1
A1_blue_rare,209,93648,biased,unbiased,2
A1_blue_rare,210,93649,biased,unbiased,1
A1_blue_rare,211,93650,biased,unbiased,1
A1_blue_rare,212,93651,biased,unbiased,1
A1_blue_rare,213,93652,biased,unbiased,1
A1_blue_rare,214,93653,biased,unbiased,1
A1_blue_rare,215,93654,biased,unbiased,1
A1_blue_rare,216,93655,biased,unbiased,1
A1_blue_rare,217,93656,biased,unbiased,1
A1_blue_rare,218,93657,biased,unbiased,1
A1_blue_rare,219,93658,biased,unbiased,1
A1_blue_rare,220,93659,biased,unbiased,1
A1_blue_rare,221,93660,biased,unbiased,1
A1_blue_rare,222,93661,biased,unbiased,1
A1_blue_rare,223,93662,biased,unbiased,4
A1_blue_rare,224,93663,biased,unbiased,1
A1_blue_rare,225,93664,biased,unbiased,2
A1_blue_rare,226,93665,biased,unbiased,1
A1_blue_rare,227,93666,biased,unbiased,1
A1_blue_rare,228,93667,biased,unbiased,1
A1_blue_rare,229,93668,biased,unbiased,1
A1_blue_rare,230,93669,biased,unbiased,3
A1_blue_rare,231,93670,biased,unbiased,5
A1_blue_rare,232,93671,biased,unbiased,1
A1_blue_rare,233,93672,biased,unbiased,1
A1_blue_rare,234,93673,biased,unbiased,1
A1_blue_rare,235,93674,biased,unbiased,1
A1_blue_rare,236,93675,biased,unbiased,1
A1_blue_rare,237,93676,biased,unbiased,1
A1_blue_rare,238,93677,biased,unbiased,2
A1_blue_rare,239,93678,biased,unbiased,1
A1_blue_rare,240,93679,biased,unbiased,1
A1_blue_rare,241,93680,biased,unbiased,1
A1_blue_rare,242,93681,biased,unbiased,1
A1_blue_rare,243,93682,biased,unbiased,1
A1_blue_rare,244,93683,biased,unbiased,1
A1_blue_rare,245,93684,biased,unbiased,1
A1_blue_rare,246,93685,biased,unbiased,6
A1_blue_rare,247,93686,biased,unbiased,1
A1_blue_rare,248,93687,biased,unbiased,1
A1_blue_rare,249,93688,biased,unbiased,1
A1_blue_rare,250,93689,biased,unbiased,1
A1_blue_rare,151,93590,biased,unbiased,1
A1_blue_rare,152,93591,biased,unbiased,1
A1_blue_rare,153,93592,biased,unbiased,1
A1_blue_rare,154,93593,biased,unbiased,1
A1_blue_rare,155,93594,biased,unbiased,1
A1_blue_rare,156,93595,biased,unbiased,1
A1_blue_rare,157,93596,biased,unbiased,1
A1_blue_rare,158,93597,biased,unbiased,6
A1_blue_rare,159,93598,biased,unbiased,1
A1_blue_rare,160,93599,biased,unbiased,1
A1_blue_rare,161,93600,biased,unbiased,1
A1_blue_rare,162,93601,biased,unbiased,1
A1_blue_rare,163,93602,biased,unbiased,2
A1_blue_rare,164,93603,biased,unbiased,1
A1_blue_rare,165,93604,biased,unbiased,1
A1_blue_rare,166,93605,biased,unbiased,2
A1_blue_rare,167,93606,biased,unbiased,1
A1_blue_rare,168,93607,biased,unbiased,1
A1_blue_rare,169,93608,biased,unbiased,1
A1_blue_rare,170,93609,biased,unbiased,1
A1_blue_rare,171,93610,biased,unbiased,2
A1_blue_rare,172,93611,biased,unbiased,1
A1_blue_rare,173,93612,biased,unbiased,1
A1_blue_rare,174,93613,biased,unbiased,1
A1_blue_rare,175,93614,biased,unbiased,1
A1_blue_rare,176,93615,biased,unbiased,1
A1_blue_rare,177,93616,biased,unbiased,4
A1_blue_rare,178,93617,biased,unbiased,10
A1_blue_rare,179,93618,biased,unbiased,1
A1_blue_rare,180,93619,biased,unbiased,1
A1_blue_rare,181,93620,biased,unbiased,1
A1_blue_rare,182,93621,biased,unbiased,2
A1_blue_rare,183,93622,biased,unbiased,1
A1_blue_rare,184,93623,biased,unbiased,1
A1_blue_rare,185,93624,biased,unbiased,2
A1_blue_rare,186,93625,biased,unbiased,2
A1_blue_rare,187,93626,biased,unbiased,1
A1_blue_rare,188,93627,biased,unbiased,1
A1_blue_rare,189,93628,biased,unbiased,1
A1_blue_rare,190,93629,biased,unbiased,1
A1_blue_rare,191,93630,biased,unbiased,1
A1_blue_rare,192,93631,biased,unbiased,1
A1_blue_rare,193,93632,biased,unbiased,1
A1_blue_rare,194,93633,biased,unbiased,1
A1_blue_rare,195,93634,biased,unbiased,1
A1_blue_rare,196,93635,biased,unbiased,1
A1_blue_rare,197,93636,biased,unbiased,1
A1_blue_rare,198,93637,biased,unbiased,1
A1_blue_rare,199,93638,biased,unbiased,1
A1_blue_rare,200,93639,biased,unbiased,1
A1_blue_rare,451,93890,biased,unbiased,1
A1_blue_rare,452,93891,biased,unbiased,1
A1_blue_rare,453,93892,biased,unbiased,1
A1_blue_rare,454,93893,biased,unbiased,1
A1_blue_rare,455,93894,biased,unbiased,5
A1_blue_rare,456,93895,biased,unbiased,1
A1_blue_rare,457,93896,biased,unbiased,2
A1_blue_rare,458,93897,biased,unbiased,1
A1_blue_rare,459,93898,biased,unbiased,3
A1_blue_rare,460,93899,biased,unbiased,1
A1_blue_rare,461,93900,biased,unbiased,1
A1_blue_rare,462,93901,biased,unbiased,3
A1_blue_rare,463,93902,biased,unbiased,1
A1_blue_rare,464,93903,biased,unbiased,1
A1_blue_rare,465,93904,biased,unbiased,1
A1_blue_rare,466,93905,biased,unbiased,1
A1_blue_rare,467,93906,biased,unbiased,1
A1_blue_rare,468,93907,biased,unbiased,1
A1_blue_rare,469,93908,biased,unbiased,1
A1_blue_rare,470,93909,biased,unbiased,1
A1_blue_rare,471,93910,biased,unbiased,1
A1_blue_rare,472,93911,biased,unbiased,1
A1_blue_rare,473,93912,biased,unbiased,1
A1_blue_rare,474,93913,biased,unbiased,1
A1_blue_rare,475,93914,biased,unbiased,1
A1_blue_rare,476,93915,biased,unbiased,1
A1_blue_rare,477,93916,biased,unbiased,1
A1_blue_rare,478,93917,biased,unbiased,6
A1_blue_rare,479,93918,biased,unbiased,1
A1_blue_rare,480,93919,biased,unbiased,2
A1_blue_rare,481,93920,biased,unbiased,1
A1_blue_rare,482,93921,biased,unbiased,1
A1_blue_rare,483,93922,biased,unbiased,1
A1_blue_rare,484,93923,biased,unbiased,1
A1_blue_rare,485,93924,biased,unbiased,1
A1_blue_rare,486,93925,biased,unbiased,1
A1_blue_rare,487,93926,biased,unbiased,1
A1_blue_rare,488,93927,biased,unbiased,1
A1_blue_rare,489,93928,biased,unbiased,1
A1_blue_rare,490,93929,biased,unbiased,1
A1_blue_rare,491,93930,biased,unbiased,1
A1_blue_rare,492,93931,biased,unbiased,1
A1_blue_rare,493,93932,biased,unbiased,2
A1_blue_rare,494,93933,biased,unbiased,3
A1_blue_rare,495,93934,biased,unbiased,1
A1_blue_rare,496,93935,biased,unbiased,2
A1_blue_rare,497,93936,biased,unbiased,1
A1_blue_rare,498,93937,biased,unbiased,1
A1_blue_rare,499,93938,biased,unbiased,1
A1_blue_rare,500,93939,biased,unbiased,1
A1_blue_rare,351,93790,biased,unbiased,1
A1_blue_rare,352,93791,biased,unbiased,1
A1_blue_rare,353,93792,biased,unbiased,1
A1_blue_rare,354,93793,biased,unbiased,1
A1_blue_rare,355,93794,biased,unbiased,1
A1_blue_rare,356,93795,biased,unbiased,1
A1_blue_rare,357,93796,biased,unbiased,1
A1_blue_rare,358,93797,biased,unbiased,1
A1_blue_rare,359,93798,biased,unbiased,1
A1_blue_rare,360,93799,biased,unbiased,1
A1_blue_rare,361,93800,biased,unbiased,2
A1_blue_rare,362,93801,biased,unbiased,1
A1_blue_rare,363,93802,biased,unbiased,2
A1_blue_rare,364,93803,biased,unbiased,1
A1_blue_rare,365,93804,biased,unbiased,1
A1_blue_rare,366,93805,biased,unbiased,1
A1_blue_rare,367,93806,biased,unbiased,1
A1_blue_rare,368,93807,biased,unbiased,2
A1_blue_rare,369,93808,biased,unbiased,2
A1_blue_rare,370,93809,biased,unbiased,1
A1_blue_rare,371,93810,biased,unbiased,1
A1_blue_rare,372,93811,biased,unbiased,1
A1_blue_rare,373,93812,biased,unbiased,1
A1_blue_rare,374,93813,biased,unbiased,1
A1_blue_rare,375,93814,biased,unbiased,1
A1_blue_rare,376,93815,biased,unbiased,8
A1_blue_rare,377,93816,biased,unbiased,1
A1_blue_rare,378,93817,biased,unbiased,3
A1_blue_rare,379,93818,biased,unbiased,1
A1_blue_rare,380,93819,biased,unbiased,1
A1_blue_rare,381,93820,biased,unbiased,1
A1_blue_rare,382,93821,biased,unbiased,1
A1_blue_rare,383,93822,biased,unbiased,1
A1_blue_rare,384,93823,biased,unbiased,1
A1_blue_rare,385,93824,biased,unbiased,1
A1_blue_rare,386,93825,biased,unbiased,2
A1_blue_rare,387,93826,biased,unbiased,1
A1_blue_rare,388,93827,biased,unbiased,1
A1_blue_rare,389,93828,biased,unbiased,3
A1_blue_rare,390,93829,biased,unbiased,1
A1_blue_rare,391,93830,biased,unbiased,7
A1_blue_rare,392,93831,biased,unbiased,1
A1_blue_rare,393,93832,biased,unbiased,2
A1_blue_rare,394,93833,biased,unbiased,1
A1_blue_rare,395,93834,biased,unbiased,1
A1_blue_rare,396,93835,biased,unbiased,1
A1_blue_rare,397,93836,biased,unbiased,1
A1_blue_rare,398,93837,biased,unbiased,1
A1_blue_rare,399,93838,biased,unbiased,1
A1_blue_rare,400,93839,biased,unbiased,1
A1_blue_rare,501,93940,biased,unbiased,1
A1_blue_rare,502,93941,biased,unbiased,1
A1_blue_rare,503,93942,biased,unbiased,1
A1_blue_rare,504,93943,biased,unbiased,3
A1_blue_rare,505,93944,biased,unbiased,2
A1_blue_rare,506,93945,biased,unbiased,1
A1_blue_rare,507,93946,biased,unbiased,1
A1_blue_rare,508,93947,biased,unbiased,1
A1_blue_rare,509,93948,biased,unbiased,1
A1_blue_rare,510,93949,biased,unbiased,1
A1_blue_rare,511,93950,biased,unbiased,1
A1_blue_rare,512,93951,biased,unbiased,1
A1_blue_rare,513,93952,biased,unbiased,1
A1_blue_rare,514,93953,biased,unbiased,1
A1_blue_rare,515,93954,biased,unbiased,1
A1_blue_rare,516,93955,biased,unbiased,2
A1_blue_rare,517,93956,biased,unbiased,1
A1_blue_rare,518,93957,biased,unbiased,1
A1_blue_rare,519,93958,biased,unbiased,1
A1_blue_rare,520,93959,biased,unbiased,1
A1_blue_rare,521,93960,biased,unbiased,1
A1_blue_rare,522,93961,biased,unbiased,2
A1_blue_rare,523,93962,biased,unbiased,1
A1_blue_rare,524,93963,biased,unbiased,1
A1_blue_rare,525,93964,biased,unbiased,2
A1_blue_rare,526,93965,biased,unbiased,1
A1_blue_rare,527,93966,biased,unbiased,1
A1_blue_rare,528,93967,biased,unbiased,1
A1_blue_rare,529,93968,biased,unbiased,1
A1_blue_rare,530,93969,biased,unbiased,1
A1_blue_rare,531,93970,biased,unbiased,3
A1_blue_rare,532,93971,biased,unbiased,1
A1_blue_rare,533,93972,biased,unbiased,1
A1_blue_rare,534,93973,biased,unbiased,1
A1_blue_rare,535,93974,biased,unbiased,1
A1_blue_rare,536,93975,biased,unbiased,1
A1_blue_rare,537,93976,biased,unbiased,1
A1_blue_rare,538,93977,biased,unbiased,1
A1_blue_rare,539,93978,biased,unbiased,2
A1_blue_rare,540,93979,biased,unbiased,1
A1_blue_rare,541,93980,biased,unbiased,5
A1_blue_rare,542,93981,biased,unbiased,2
A1_blue_rare,543,93982,biased,unbiased,1
A1_blue_rare,544,93983,biased,unbiased,1
A1_blue_rare,545,93984,biased,unbiased,1
A1_blue_rare,546,93985,biased,unbiased,12
A1_blue_rare,547,93986,biased,unbiased,1
A1_blue_rare,548,93987,biased,unbiased,1
A1_blue_rare,549,93988,biased,unbiased,2
A1_blue_rare,550,93989,biased,unbiased,1
A1_blue_rare,551,93990,biased,unbiased,2
A1_blue_rare,552,93991,biased,unbiased,2
A1_blue_rare,553,93992,biased,unbiased,1
A1_blue_rare,554,93993,biased,unbiased,1
A1_blue_rare,555,93994,biased,unbiased,14
A1_blue_rare,556,93995,biased,unbiased,1
A1_blue_rare,557,93996,biased,unbiased,1
A1_blue_rare,558,93997,biased,unbiased,1
A1_blue_rare,559,93998,biased,unbiased,1
A1_blue_rare,560,93999,biased,unbiased,1
A1_blue_rare,561,94000,biased,unbiased,1
A1_blue_rare,562,94001,biased,unbiased,1
A1_blue_rare,563,94002,biased,unbiased,1
A1_blue_rare,564,94003,biased,unbiased,1
A1_blue_rare,565,94004,biased,unbiased,1
A1_blue_rare,566,94005,biased,unbiased,1
A1_blue_rare,567,94006,biased,unbiased,1
A1_blue_rare,568,94007,biased,unbiased,1
A1_blue_rare,569,94008,biased,unbiased,1
A1_blue_rare,570,94009,biased,unbiased,1
A1_blue_rare,571,94010,biased,unbiased,1
A1_blue_rare,572,94011,biased,unbiased,1
A1_blue_rare,573,94012,biased,unbiased,1
A1_blue_rare,574,94013,biased,unbiased,1
A1_blue_rare,575,94014,biased,unbiased,2
A1_blue_rare,576,94015,biased,unbiased,1
A1_blue_rare,577,94016,biased,unbiased,1
A1_blue_rare,578,94017,biased,unbiased,1
A1_blue_rare,579,94018,biased,unbiased,1
A1_blue_rare,580,94019,biased,unbiased,1
A1_blue_rare,581,94020,biased,unbiased,1
A1_blue_rare,582,94021,biased,unbiased,1
A1_blue_rare,583,94022,biased,unbiased,1
A1_blue_rare,584,94023,biased,unbiased,1
A1_blue_rare,585,94024,biased,unbiased,1
A1_blue_rare,586,94025,biased,unbiased,1
A1_blue_rare,587,94026,biased,unbiased,1
A1_blue_rare,588,94027,biased,unbiased,1
A1_blue_rare,589,94028,biased,unbiased,1
A1_blue_rare,590,94029,biased,unbiased,2
A1_blue_rare,591,94030,biased,unbiased,1
A1_blue_rare,592,94031,biased,unbiased,1
A1_blue_rare,593,94032,biased,unbiased,10
A1_blue_rare,594,94033,biased,unbiased,1
A1_blue_rare,595,94034,biased,unbiased,1
A1_blue_rare,596,94035,biased,unbiased,1
A1_blue_rare,597,94036,biased,unbiased,1
A1_blue_rare,598,94037,biased,unbiased,1
A1_blue_rare,599,94038,biased,unbiased,1
A1_blue_rare,600,94039,biased,unbiased,1
A1_blue_rare,51,93490,biased,unbiased,1
A1_blue_rare,52,93491,biased,unbiased,1
A1_blue_rare,53,93492,biased,unbiased,3
A1_blue_rare,54,93493,biased,unbiased,1
A1_blue_rare,55,93494,biased,unbiased,3
A1_blue_rare,56,93495,biased,unbiased,1
A1_blue_rare,57,93496,biased,unbiased,1
A1_blue_rare,58,93497,biased,unbiased,1
A1_blue_rare,59,93498,biased,unbiased,1
A1_blue_rare,60,93499,biased,unbiased,2
A1_blue_rare,61,93500,biased,unbiased,1
A1_blue_rare,62,93501,biased,unbiased,11
A1_blue_rare,63,93502,biased,unbiased,2
A1_blue_rare,64,93503,biased,unbiased,4
A1_blue_rare,65,93504,biased,unbiased,1
A1_blue_rare,66,93505,biased,unbiased,1
A1_blue_rare,67,93506,biased,unbiased,1
A1_blue_rare,68,93507,biased,unbiased,1
A1_blue_rare,69,93508,biased,unbiased,1
A1_blue_rare,70,93509,biased,unbiased,1
A1_blue_rare,71,93510,biased,unbiased,1
A1_blue_rare,72,93511,biased,unbiased,1
A1_blue_rare,73,93512,biased,unbiased,1
A1_blue_rare,74,93513,biased,unbiased,1
A1_blue_rare,75,93514,biased,unbiased,1
A1_blue_rare,76,93515,biased,unbiased,1
A1_blue_rare,77,93516,biased,unbiased,1
A1_blue_rare,78,93517,biased,unbiased,1
A1_blue_rare,79,93518,biased,unbiased,1
A1_blue_rare,80,93519,biased,unbiased,1
A1_blue_rare,81,93520,biased,unbiased,1
A1_blue_rare,82,93521,biased,unbiased,1
A1_blue_rare,83,93522,biased,unbiased,1
A1_blue_rare,84,93523,biased,unbiased,1
A1_blue_rare,85,93524,biased,unbiased,1
A1_blue_rare,86,93525,biased,unbiased,1
A1_blue_rare,87,93526,biased,unbiased,1
A1_blue_rare,88,93527,biased,unbiased,1
A1_blue_rare,89,93528,biased,unbiased,9
A1_blue_rare,90,93529,biased,unbiased,1
A1_blue_rare,91,93530,biased,unbiased,1
A1_blue_rare,92,93531,biased,unbiased,1
A1_blue_rare,93,93532,biased,unbiased,1
A1_blue_rare,94,93533,biased,unbiased,1
A1_blue_rare,95,93534,biased,unbiased,1
A1_blue_rare,96,93535,biased,unbiased,1
A1_blue_rare,97,93536,biased,unbiased,4
A1_blue_rare,98,93537,biased,unbiased,2
A1_blue_rare,99,93538,biased,unbiased,1
A1_blue_rare,100,93539,biased,unbiased,1
A1_blue_rare,1,93440,biased,unbiased,1
A1_blue_rare,2,93441,biased,unbiased,1
A1_blue_rare,3,93442,biased,unbiased,1
A1_blue_rare,4,93443,biased,unbiased,1
A1_blue_rare,5,93444,biased,unbiased,3
A1_blue_rare,6,93445,biased,unbiased,2
A1_blue_rare,7,93446,biased,unbiased,5
A1_blue_rare,8,93447,biased,unbiased,1
A1_blue_rare,9,93448,biased,unbiased,2
A1_blue_rare,10,93449,biased,unbiased,1
A1_blue_rare,11,93450,biased,unbiased,1
A1_blue_rare,12,93451,biased,unbiased,1
A1_blue_rare,13,93452,biased,unbiased,2
A1_blue_rare,14,93453,biased,unbiased,3
A1_blue_rare,15,93454,biased,unbiased,1
A1_blue_rare,16,93455,biased,unbiased,1
A1_blue_rare,17,93456,biased,unbiased,1
A1_blue_rare,18,93457,biased,unbiased,1
A1_blue_rare,19,93458,biased,unbiased,1
A1_blue_rare,20,93459,biased,unbiased,4
A1_blue_rare,21,93460,biased,unbiased,4
A1_blue_rare,22,93461,biased,unbiased,2
A1_blue_rare,23,93462,biased,unbiased,3
A1_blue_rare,24,93463,biased,unbiased,1
A1_blue_rare,25,93464,biased,unbiased,1
A1_blue_rare,26,93465,biased,unbiased,1
A1_blue_rare,27,93466,biased,unbiased,1
A1_blue_rare,28,93467,biased,unbiased,1
A1_blue_rare,29,93468,biased,unbiased,1
A1_blue_rare,30,93469,biased,unbiased,9
A1_blue_rare,31,93470,biased,unbiased,1
A1_blue_rare,32,93471,biased,unbiased,1
A1_blue_rare,33,93472,biased,unbiased,1
A1_blue_rare,34,93473,biased,unbiased,1
A1_blue_rare,35,93474,biased,unbiased,2
A1_blue_rare,36,93475,biased,unbiased,3
A1_blue_rare,37,93476,biased,unbiased,1
A1_blue_rare,38,93477,biased,unbiased,1
A1_blue_rare,39,93478,biased,unbiased,1
A1_blue_rare,40,93479,biased,unbiased,1
A1_blue_rare,41,93480,biased,unbiased,1
A1_blue_rare,42,93481,biased,unbiased,1
A1_blue_rare,43,93482,biased,unbiased,1
A1_blue_rare,44,93483,biased,unbiased,1
A1_blue_rare,45,93484,biased,unbiased,1
A1_blue_rare,46,93485,biased,unbiased,5
A1_blue_rare,47,93486,biased,unbiased,1
A1_blue_rare,48,93487,biased,unbiased,2
A1_blue_rare,49,93488,biased,unbiased,1
A1_blue_rare,50,93489,biased,unbiased,1
A1_blue_rare,401,93840,biased,unbiased,2
A1_blue_rare,402,93841,biased,unbiased,1
A1_blue_rare,403,93842,biased,unbiased,1
A1_blue_rare,404,93843,biased,biased,26
A1_blue_rare,405,93844,biased,unbiased,2
A1_blue_rare,406,93845,biased,unbiased,1
A1_blue_rare,407,93846,biased,unbiased,1
A1_blue_rare,408,93847,biased,unbiased,1
A1_blue_rare,409,93848,biased,unbiased,1
A1_blue_rare,410,93849,biased,unbiased,2
A1_blue_rare,411,93850,biased,unbiased,1
A1_blue_rare,412,93851,biased,unbiased,1
A1_blue_rare,413,93852,biased,unbiased,1
A1_blue_rare,414,93853,biased,unbiased,6
A1_blue_rare,415,93854,biased,unbiased,2
A1_blue_rare,416,93855,biased,unbiased,1
A1_blue_rare,417,93856,biased,unbiased,1
A1_blue_rare,418,93857,biased,unbiased,1
A1_blue_rare,419,93858,biased,unbiased,1
A1_blue_rare,420,93859,biased,unbiased,1
A1_blue_rare,421,93860,biased,unbiased,1
A1_blue_rare,422,93861,biased,unbiased,1
A1_blue_rare,423,93862,biased,unbiased,1
A1_blue_rare,424,93863,biased,unbiased,1
A1_blue_rare,425,93864,biased,unbiased,2
A1_blue_rare,426,93865,biased,unbiased,1
A1_blue_rare,427,93866,biased,unbiased,1
A1_blue_rare,428,93867,biased,unbiased,2
A1_blue_rare,429,93868,biased,unbiased,3
A1_blue_rare,430,93869,biased,unbiased,1
A1_blue_rare,431,93870,biased,unbiased,1
A1_blue_rare,432,93871,biased,unbiased,1
A1_blue_rare,433,93872,biased,unbiased,1
A1_blue_rare,434,93873,biased,unbiased,1
A1_blue_rare,435,93874,biased,unbiased,1
A1_blue_rare,436,93875,biased,unbiased,1
A1_blue_rare,437,93876,biased,unbiased,1
A1_blue_rare,438,93877,biased,unbiased,1
A1_blue_rare,439,93878,biased,unbiased,1
A1_blue_rare,440,93879,biased,unbiased,2
A1_blue_rare,441,93880,biased,unbiased,1
A1_blue_rare,442,93881,biased,unbiased,1
A1_blue_rare,443,93882,biased,unbiased,1
A1_blue_rare,444,93883,biased,unbiased,2
A1_blue_rare,445,93884,biased,unbiased,1
A1_blue_rare,446,93885,biased,unbiased,1
A1_blue_rare,447,93886,biased,unbiased,3
A1_blue_rare,448,93887,biased,unbiased,1
A1_blue_rare,449,93888,biased,unbiased,1
A1_blue_rare,450,93889,biased,unbiased,1
A1_blue_rare,301,93740,biased,unbiased,1
A1_blue_rare,302,93741,biased,unbiased,1
A1_blue_rare,303,93742,biased,unbiased,1
A1_blue_rare,304,93743,biased,unbiased,3
A1_blue_rare,305,93744,biased,unbiased,1
A1_blue_rare,306,93745,biased,biased,23
A1_blue_rare,307,93746,biased,unbiased,2
A1_blue_rare,308,93747,biased,unbiased,1
A1_blue_rare,309,93748,biased,unbiased,3
A1_blue_rare,310,93749,biased,unbiased,1
A1_blue_rare,311,93750,biased,unbiased,1
A1_blue_rare,312,93751,biased,unbiased,1
A1_blue_rare,313,93752,biased,unbiased,1
A1_blue_rare,314,93753,biased,unbiased,1
A1_blue_rare,315,93754,biased,unbiased,1
A1_blue_rare,316,93755,biased,unbiased,1
A1_blue_rare,317,93756,biased,unbiased,1
A1_blue_rare,318,93757,biased,unbiased,1
A1_blue_rare,319,93758,biased,unbiased,1
A1_blue_rare,320,93759,biased,unbiased,1
A1_blue_rare,321,93760,biased,unbiased,1
A1_blue_rare,322,93761,biased,unbiased,2
A1_blue_rare,323,93762,biased,unbiased,1
A1_blue_rare,324,93763,biased,unbiased,1
A1_blue_rare,325,93764,biased,unbiased,1
A1_blue_rare,326,93765,biased,unbiased,1
A1_blue_rare,327,93766,biased,unbiased,1
A1_blue_rare,328,93767,biased,unbiased,2
A1_blue_rare,329,93768,biased,unbiased,1
A1_blue_rare,330,93769,biased,unbiased,1
A1_blue_rare,331,93770,biased,unbiased,1
A1_blue_rare,332,93771,biased,unbiased,1
A1_blue_rare,333,93772,biased,unbiased,1
A1_blue_rare,334,93773,biased,unbiased,1
A1_blue_rare,335,93774,biased,unbiased,2
A1_blue_rare,336,93775,biased,unbiased,1
A1_blue_rare,337,93776,biased,unbiased,1
A1_blue_rare,338,93777,biased,unbiased,1
A1_blue_rare,339,93778,biased,unbiased,1
A1_blue_rare,340,93779,biased,unbiased,1
A1_blue_rare,341,93780,biased,unbiased,2
A1_blue_rare,342,93781,biased,unbiased,1
A1_blue_rare,343,93782,biased,unbiased,1
A1_blue_rare,344,93783,biased,unbiased,1
A1_blue_rare,345,93784,biased,unbiased,1
A1_blue_rare,346,93785,biased,unbiased,4
A1_blue_rare,347,93786,biased,unbiased,7
A1_blue_rare,348,93787,biased,unbiased,2
A1_blue_rare,349,93788,biased,unbiased,1
A1_blue_rare,350,93789,biased,unbiased,1
A1_blue_rare,701,94140,biased,unbiased,1
A1_blue_rare,702,94141,biased,unbiased,1
A1_blue_rare,703,94142,biased,unbiased,3
A1_blue_rare,704,94143,biased,unbiased,1
A1_blue_rare,705,94144,biased,unbiased,1
A1_blue_rare,706,94145,biased,unbiased,1
A1_blue_rare,707,94146,biased,unbiased,1
A1_blue_rare,708,94147,biased,unbiased,1
A1_blue_rare,709,94148,biased,unbiased,1
A1_blue_rare,710,94149,biased,unbiased,3
A1_blue_rare,711,94150,biased,unbiased,1
A1_blue_rare,712,94151,biased,unbiased,1
A1_blue_rare,713,94152,biased,unbiased,1
A1_blue_rare,714,94153,biased,unbiased,8
A1_blue_rare,715,94154,biased,unbiased,1
A1_blue_rare,716,94155,biased,unbiased,1
A1_blue_rare,717,94156,biased,unbiased,1
A1_blue_rare,718,94157,biased,unbiased,1
A1_blue_rare,719,94158,biased,unbiased,1
A1_blue_rare,720,94159,biased,unbiased,1
A1_blue_rare,721,94160,biased,unbiased,1
A1_blue_rare,722,94161,biased,unbiased,2
A1_blue_rare,723,94162,biased,unbiased,2
A1_blue_rare,724,94163,biased,unbiased,2
A1_blue_rare,725,94164,biased,unbiased,1
A1_blue_rare,726,94165,biased,unbiased,1
A1_blue_rare,727,94166,biased,unbiased,2
A1_blue_rare,728,94167,biased,unbiased,2
A1_blue_rare,729,94168,biased,unbiased,1
A1_blue_rare,730,94169,biased,unbiased,1
A1_blue_rare,731,94170,biased,unbiased,1
A1_blue_rare,732,94171,biased,unbiased,1
A1_blue_rare,733,94172,biased,unbiased,1
A1_blue_rare,734,94173,biased,unbiased,1
A1_blue_rare,735,94174,biased,unbiased,1
A1_blue_rare,736,94175,biased,unbiased,1
A1_blue_rare,737,94176,biased,unbiased,1
A1_blue_rare,738,94177,biased,unbiased,1
A1_blue_rare,739,94178,biased,unbiased,1
A1_blue_rare,740,94179,biased,unbiased,1
A1_blue_rare,741,94180,biased,unbiased,1
A1_blue_rare,742,94181,biased,unbiased,1
A1_blue_rare,743,94182,biased,unbiased,1
A1_blue_rare,744,94183,biased,unbiased,1
A1_blue_rare,745,94184,biased,unbiased,6
A1_blue_rare,746,94185,biased,unbiased,2
A1_blue_rare,747,94186,biased,unbiased,1
A1_blue_rare,748,94187,biased,unbiased,1
A1_blue_rare,749,94188,biased,unbiased,1
A1_blue_rare,750,94189,biased,unbiased,1
A1_blue_rare,651,94090,biased,unbiased,1
A1_blue_rare,652,94091,biased,unbiased,1
A1_blue_rare,653,94092,biased,unbiased,1
A1_blue_rare,654,94093,biased,unbiased,1
A1_blue_rare,655,94094,biased,unbiased,1
A1_blue_rare,656,94095,biased,unbiased,1
A1_blue_rare,657,94096,biased,unbiased,1
A1_blue_rare,658,94097,biased,unbiased,1
A1_blue_rare,659,94098,biased,unbiased,1
A1_blue_rare,660,94099,biased,unbiased,1
A1_blue_rare,661,94100,biased,unbiased,2
A1_blue_rare,662,94101,biased,unbiased,1
A1_blue_rare,663,94102,biased,unbiased,1
A1_blue_rare,664,94103,biased,unbiased,1
A1_blue_rare,665,94104,biased,unbiased,2
A1_blue_rare,666,94105,biased,unbiased,1
A1_blue_rare,667,94106,biased,unbiased,1
A1_blue_rare,668,94107,biased,unbiased,1
A1_blue_rare,669,94108,biased,unbiased,1
A1_blue_rare,670,94109,biased,unbiased,1
A1_blue_rare,671,94110,biased,unbiased,1
A1_blue_rare,672,94111,biased,unbiased,1
A1_blue_rare,673,94112,biased,unbiased,1
A1_blue_rare,674,94113,biased,unbiased,1
A1_blue_rare,675,94114,biased,unbiased,1
A1_blue_rare,676,94115,biased,unbiased,1
A1_blue_rare,677,94116,biased,unbiased,1
A1_blue_rare,678,94117,biased,unbiased,1
A1_blue_rare,679,94118,biased,unbiased,4
A1_blue_rare,680,94119,biased,unbiased,1
A1_blue_rare,681,94120,biased,unbiased,1
A1_blue_rare,682,94121,biased,unbiased,1
A1_blue_rare,683,94122,biased,biased,25
A1_blue_rare,684,94123,biased,unbiased,1
A1_blue_rare,685,94124,biased,unbiased,2
A1_blue_rare,686,94125,biased,unbiased,1
A1_blue_rare,687,94126,biased,unbiased,1
A1_blue_rare,688,94127,biased,unbiased,1
A1_blue_rare,689,94128,biased,unbiased,1
A1_blue_rare,690,94129,biased,unbiased,1
A1_blue_rare,691,94130,biased,unbiased,1
A1_blue_rare,692,94131,biased,unbiased,1
A1_blue_rare,693,94132,biased,unbiased,1
A1_blue_rare,694,94133,biased,unbiased,1
A1_blue_rare,695,94134,biased,unbiased,1
A1_blue_rare,696,94135,biased,unbiased,1
A1_blue_rare,697,94136,biased,unbiased,1
A1_blue_rare,698,94137,biased,unbiased,1
A1_blue_rare,699,94138,biased,unbiased,1
A1_blue_rare,700,94139,biased,unbiased,1
A1_blue_rare,801,94240,biased,unbiased,1
A1_blue_rare,802,94241,biased,unbiased,1
A1_blue_rare,803,94242,biased,unbiased,1
A1_blue_rare,804,94243,biased,unbiased,1
A1_blue_rare,805,94244,biased,unbiased,1
A1_blue_rare,806,94245,biased,unbiased,2
A1_blue_rare,807,94246,biased,unbiased,1
A1_blue_rare,808,94247,biased,unbiased,3
A1_blue_rare,809,94248,biased,unbiased,1
A1_blue_rare,810,94249,biased,unbiased,1
A1_blue_rare,811,94250,biased,unbiased,1
A1_blue_rare,812,94251,biased,unbiased,2
A1_blue_rare,813,94252,biased,unbiased,1
A1_blue_rare,814,94253,biased,unbiased,2
A1_blue_rare,815,94254,biased,unbiased,1
A1_blue_rare,816,94255,biased,unbiased,1
A1_blue_rare,817,94256,biased,unbiased,11
A1_blue_rare,818,94257,biased,unbiased,1
A1_blue_rare,819,94258,biased,unbiased,1
A1_blue_rare,820,94259,biased,unbiased,1
A1_blue_rare,821,94260,biased,unbiased,1
A1_blue_rare,822,94261,biased,unbiased,1
A1_blue_rare,823,94262,biased,unbiased,1
A1_blue_rare,824,94263,biased,unbiased,1
A1_blue_rare,825,94264,biased,unbiased,1
A1_blue_rare,826,94265,biased,unbiased,1
A1_blue_rare,827,94266,biased,unbiased,1
A1_blue_rare,828,94267,biased,unbiased,1
A1_blue_rare,829,94268,biased,unbiased,2
A1_blue_rare,830,94269,biased,unbiased,1
A1_blue_rare,831,94270,biased,unbiased,1
A1_blue_rare,832,94271,biased,unbiased,1
A1_blue_rare,833,94272,biased,unbiased,1
A1_blue_rare,834,94273,biased,unbiased,1
A1_blue_rare,835,94274,biased,unbiased,1
A1_blue_rare,836,94275,biased,unbiased,1
A1_blue_rare,837,94276,biased,unbiased,2
A1_blue_rare,838,94277,biased,unbiased,2
A1_blue_rare,839,94278,biased,unbiased,3
A1_blue_rare,840,94279,biased,unbiased,1
A1_blue_rare,841,94280,biased,unbiased,1
A1_blue_rare,842,94281,biased,unbiased,1
A1_blue_rare,843,94282,biased,unbiased,3
A1_blue_rare,844,94283,biased,unbiased,1
A1_blue_rare,845,94284,biased,unbiased,2
A1_blue_rare,846,94285,biased,unbiased,5
A1_blue_rare,847,94286,biased,unbiased,1
A1_blue_rare,848,94287,biased,unbiased,1
A1_blue_rare,849,94288,biased,unbiased,1
A1_blue_rare,850,94289,biased,unbiased,1
A1_blue_rare,751,94190,biased,unbiased,1
A1_blue_rare,752,94191,biased,unbiased,1
A1_blue_rare,753,94192,biased,unbiased,1
A1_blue_rare,754,94193,biased,unbiased,1
A1_blue_rare,755,94194,biased,biased,20
A1_blue_rare,756,94195,biased,unbiased,1
A1_blue_rare,757,94196,biased,unbiased,1
A1_blue_rare,758,94197,biased,unbiased,2
A1_blue_rare,759,94198,biased,unbiased,1
A1_blue_rare,760,94199,biased,unbiased,1
A1_blue_rare,761,94200,biased,unbiased,1
A1_blue_rare,762,94201,biased,unbiased,5
A1_blue_rare,763,94202,biased,unbiased,1
A1_blue_rare,764,94203,biased,unbiased,2
A1_blue_rare,765,94204,biased,unbiased,1
A1_blue_rare,766,94205,biased,unbiased,1
A1_blue_rare,767,94206,biased,unbiased,3
A1_blue_rare,768,94207,biased,unbiased,1
A1_blue_rare,769,94208,biased,unbiased,1
A1_blue_rare,770,94209,biased,unbiased,1
A1_blue_rare,771,94210,biased,unbiased,1
A1_blue_rare,772,94211,biased,unbiased,1
A1_blue_rare,773,94212,biased,unbiased,1
A1_blue_rare,774,94213,biased,unbiased,1
A1_blue_rare,775,94214,biased,unbiased,1
A1_blue_rare,776,94215,biased,unbiased,1
A1_blue_rare,777,94216,biased,unbiased,1
A1_blue_rare,778,94217,biased,unbiased,1
A1_blue_rare,779,94218,biased,unbiased,1
A1_blue_rare,780,94219,biased,unbiased,3
A1_blue_rare,781,94220,biased,unbiased,1
A1_blue_rare,782,94221,biased,unbiased,1
A1_blue_rare,783,94222,biased,unbiased,1
A1_blue_rare,784,94223,biased,unbiased,1
A1_blue_rare,785,94224,biased,unbiased,1
A1_blue_rare,786,94225,biased,unbiased,1
A1_blue_rare,787,94226,biased,unbiased,1
A1_blue_rare,788,94227,biased,unbiased,1
A1_blue_rare,789,94228,biased,unbiased,1
A1_blue_rare,790,94229,biased,unbiased,2
A1_blue_rare,791,94230,biased,unbiased,1
A1_blue_rare,792,94231,biased,unbiased,2
A1_blue_rare,793,94232,biased,unbiased,6
A1_blue_rare,794,94233,biased,unbiased,1
A1_blue_rare,795,94234,biased,unbiased,1
A1_blue_rare,796,94235,biased,unbiased,1
A1_blue_rare,797,94236,biased,unbiased,2
A1_blue_rare,798,94237,biased,unbiased,1
A1_blue_rare,799,94238,biased,unbiased,1
A1_blue_rare,800,94239,biased,unbiased,1
A1_blue_rare,901,94340,biased,unbiased,6
A1_blue_rare,902,94341,biased,unbiased,1
A1_blue_rare,903,94342,biased,unbiased,3
A1_blue_rare,904,94343,biased,unbiased,1
A1_blue_rare,905,94344,biased,unbiased,1
A1_blue_rare,906,94345,biased,unbiased,1
A1_blue_rare,907,94346,biased,unbiased,3
A1_blue_rare,908,94347,biased,unbiased,4
A1_blue_rare,909,94348,biased,unbiased,1
A1_blue_rare,910,94349,biased,unbiased,1
A1_blue_rare,911,94350,biased,unbiased,2
A1_blue_rare,912,94351,biased,unbiased,2
A1_blue_rare,913,94352,biased,unbiased,1
A1_blue_rare,914,94353,biased,unbiased,1
A1_blue_rare,915,94354,biased,unbiased,2
A1_blue_rare,916,94355,biased,unbiased,1
A1_blue_rare,917,94356,biased,unbiased,2
A1_blue_rare,918,94357,biased,unbiased,1
A1_blue_rare,919,94358,biased,unbiased,1
A1_blue_rare,920,94359,biased,unbiased,1
A1_blue_rare,921,94360,biased,unbiased,12
A1_blue_rare,922,94361,biased,unbiased,2
A1_blue_rare,923,94362,biased,unbiased,1
A1_blue_rare,924,94363,biased,unbiased,1
A1_blue_rare,925,94364,biased,unbiased,1
A1_blue_rare,926,94365,biased,unbiased,1
A1_blue_rare,927,94366,biased,unbiased,1
A1_blue_rare,928,94367,biased,unbiased,1
A1_blue_rare,929,94368,biased,unbiased,2
A1_blue_rare,930,94369,biased,unbiased,1
A1_blue_rare,931,94370,biased,unbiased,1
A1_blue_rare,932,94371,biased,unbiased,1
A1_blue_rare,933,94372,biased,unbiased,4
A1_blue_rare,934,94373,biased,unbiased,2
A1_blue_rare,935,94374,biased,unbiased,1
A1_blue_rare,936,94375,biased,unbiased,1
A1_blue_rare,937,94376,biased,unbiased,2
A1_blue_rare,938,94377,biased,unbiased,1
A1_blue_rare,939,94378,biased,unbiased,1
A1_blue_rare,940,94379,biased,unbiased,4
A1_blue_rare,941,94380,biased,unbiased,1
A1_blue_rare,942,94381,biased,unbiased,1
A1_blue_rare,943,94382,biased,unbiased,1
A1_blue_rare,944,94383,biased,unbiased,1
A1_blue_rare,945,94384,biased,unbiased,1
A1_blue_rare,946,94385,biased,unbiased,1
A1_blue_rare,947,94386,biased,unbiased,1
A1_blue_rare,948,94387,biased,unbiased,1
A1_blue_rare,949,94388,biased,unbiased,1
A1_blue_rare,950,94389,biased,unbiased,1
A1_blue_rare,1051,94490,biased,unbiased,2
A1_blue_rare,1052,94491,biased,unbiased,1
A1_blue_rare,1053,94492,biased,unbiased,1
A1_blue_rare,1054,94493,biased,unbiased,1
A1_blue_rare,1055,94494,biased,unbiased,1
A1_blue_rare,1056,94495,biased,unbiased,3
A1_blue_rare,1057,94496,biased,unbiased,3
A1_blue_rare,1058,94497,biased,unbiased,1
A1_blue_rare,1059,94498,biased,unbiased,1
A1_blue_rare,1060,94499,biased,unbiased,2
A1_blue_rare,1061,94500,biased,unbiased,1
A1_blue_rare,1062,94501,biased,unbiased,2
A1_blue_rare,1063,94502,biased,unbiased,1
A1_blue_rare,1064,94503,biased,unbiased,1
A1_blue_rare,1065,94504,biased,unbiased,1
A1_blue_rare,1066,94505,biased,unbiased,1
A1_blue_rare,1067,94506,biased,unbiased,1
A1_blue_rare,1068,94507,biased,unbiased,1
A1_blue_rare,1069,94508,biased,unbiased,1
A1_blue_rare,1070,94509,biased,unbiased,1
A1_blue_rare,1071,94510,biased,unbiased,1
A1_blue_rare,1072,94511,biased,unbiased,1
A1_blue_rare,1073,94512,biased,unbiased,2
A1_blue_rare,1074,94513,biased,unbiased,1
A1_blue_rare,1075,94514,biased,unbiased,1
A1_blue_rare,1076,94515,biased,unbiased,1
A1_blue_rare,1077,94516,biased,unbiased,1
A1_blue_rare,1078,94517,biased,unbiased,1
A1_blue_rare,1079,94518,biased,unbiased,1
A1_blue_rare,1080,94519,biased,unbiased,1
A1_blue_rare,1081,94520,biased,unbiased,1
A1_blue_rare,1082,94521,biased,unbiased,1
A1_blue_rare,1083,94522,biased,unbiased,1
A1_blue_rare,1084,94523,biased,unbiased,1
A1_blue_rare,1085,94524,biased,unbiased,8
A1_blue_rare,1086,94525,biased,unbiased,1
A1_blue_rare,1087,94526,biased,unbiased,4
A1_blue_rare,1088,94527,biased,unbiased,1
A1_blue_rare,1089,94528,biased,unbiased,1
A1_blue_rare,1090,94529,biased,unbiased,3
A1_blue_rare,1091,94530,biased,unbiased,1
A1_blue_rare,1092,94531,biased,unbiased,1
A1_blue_rare,1093,94532,biased,unbiased,1
A1_blue_rare,1094,94533,biased,unbiased,3
A1_blue_rare,1095,94534,biased,unbiased,1
A1_blue_rare,1096,94535,biased,unbiased,1
A1_blue_rare,1097,94536,biased,unbiased,1
A1_blue_rare,1098,94537,biased,unbiased,6
A1_blue_rare,1099,94538,biased,unbiased,1
A1_blue_rare,1100,94539,biased,unbiased,1
A1_blue_rare,1101,94540,biased,unbiased,2
A1_blue_rare,1102,94541,biased,unbiased,1
A1_blue_rare,1103,94542,biased,unbiased,1
A1_blue_rare,1104,94543,biased,unbiased,1
A1_blue_rare,1105,94544,biased,unbiased,1
A1_blue_rare,1106,94545,biased,unbiased,1
A1_blue_rare,1107,94546,biased,unbiased,2
A1_blue_rare,1108,94547,biased,unbiased,1
A1_blue_rare,1109,94548,biased,unbiased,1
A1_blue_rare,1110,94549,biased,unbiased,1
A1_blue_rare,1111,94550,biased,unbiased,3
A1_blue_rare,1112,94551,biased,unbiased,1
A1_blue_rare,1113,94552,biased,unbiased,2
A1_blue_rare,1114,94553,biased,unbiased,2
A1_blue_rare,1115,94554,biased,unbiased,1
A1_blue_rare,1116,94555,biased,unbiased,1
A1_blue_rare,1117,94556,biased,biased,20
A1_blue_rare,1118,94557,biased,unbiased,1
A1_blue_rare,1119,94558,biased,unbiased,1
A1_blue_rare,1120,94559,biased,unbiased,1
A1_blue_rare,1121,94560,biased,unbiased,1
A1_blue_rare,1122,94561,biased,unbiased,1
A1_blue_rare,1123,94562,biased,unbiased,1
A1_blue_rare,1124,94563,biased,unbiased,1
A1_blue_rare,1125,94564,biased,unbiased,1
A1_blue_rare,1126,94565,biased,unbiased,1
A1_blue_rare,1127,94566,biased,unbiased,1
A1_blue_rare,1128,94567,biased,unbiased,1
A1_blue_rare,1129,94568,biased,unbiased,1
A1_blue_rare,1130,94569,biased,unbiased,1
A1_blue_rare,1131,94570,biased,unbiased,1
A1_blue_rare,1132,94571,biased,unbiased,1
A1_blue_rare,1133,94572,biased,unbiased,2
A1_blue_rare,1134,94573,biased,unbiased,1
A1_blue_rare,1135,94574,biased,unbiased,1
A1_blue_rare,1136,94575,biased,unbiased,1
A1_blue_rare,1137,94576,biased,unbiased,2
A1_blue_rare,1138,94577,biased,unbiased,2
A1_blue_rare,1139,94578,biased,unbiased,1
A1_blue_rare,1140,94579,biased,unbiased,2
A1_blue_rare,1141,94580,biased,unbiased,2
A1_blue_rare,1142,94581,biased,unbiased,1
A1_blue_rare,1143,94582,biased,unbiased,3
A1_blue_rare,1144,94583,biased,unbiased,1
A1_blue_rare,1145,94584,biased,unbiased,2
A1_blue_rare,1146,94585,biased,unbiased,1
A1_blue_rare,1147,94586,biased,unbiased,1
A1_blue_rare,1148,94587,biased,unbiased,1
A1_blue_rare,1149,94588,biased,unbiased,2
A1_blue_rare,1150,94589,biased,unbiased,1
A1_blue_rare,601,94040,biased,unbiased,1
A1_blue_rare,602,94041,biased,unbiased,1
A1_blue_rare,603,94042,biased,unbiased,1
A1_blue_rare,604,94043,biased,unbiased,1
A1_blue_rare,605,94044,biased,unbiased,1
A1_blue_rare,606,94045,biased,unbiased,2
A1_blue_rare,607,94046,biased,unbiased,1
A1_blue_rare,608,94047,biased,unbiased,1
A1_blue_rare,609,94048,biased,unbiased,1
A1_blue_rare,610,94049,biased,unbiased,1
A1_blue_rare,611,94050,biased,unbiased,18
A1_blue_rare,612,94051,biased,unbiased,1
A1_blue_rare,613,94052,biased,unbiased,2
A1_blue_rare,614,94053,biased,unbiased,1
A1_blue_rare,615,94054,biased,unbiased,1
A1_blue_rare,616,94055,biased,unbiased,1
A1_blue_rare,617,94056,biased,unbiased,3
A1_blue_rare,618,94057,biased,unbiased,1
A1_blue_rare,619,94058,biased,unbiased,14
A1_blue_rare,620,94059,biased,unbiased,1
A1_blue_rare,621,94060,biased,unbiased,1
A1_blue_rare,622,94061,biased,unbiased,1
A1_blue_rare,623,94062,biased,unbiased,1
A1_blue_rare,624,94063,biased,unbiased,1
A1_blue_rare,625,94064,biased,unbiased,1
A1_blue_rare,626,94065,biased,unbiased,1
A1_blue_rare,627,94066,biased,unbiased,1
A1_blue_rare,628,94067,biased,biased,29
A1_blue_rare,629,94068,biased,unbiased,1
A1_blue_rare,630,94069,biased,unbiased,1
A1_blue_rare,631,94070,biased,unbiased,2
A1_blue_rare,632,94071,biased,unbiased,1
A1_blue_rare,633,94072,biased,unbiased,2
A1_blue_rare,634,94073,biased,unbiased,1
A1_blue_rare,635,94074,biased,unbiased,1
A1_blue_rare,636,94075,biased,unbiased,1
A1_blue_rare,637,94076,biased,unbiased,1
A1_blue_rare,638,94077,biased,unbiased,1
A1_blue_rare,639,94078,biased,unbiased,1
A1_blue_rare,640,94079,biased,unbiased,1
A1_blue_rare,641,94080,biased,unbiased,3
A1_blue_rare,642,94081,biased,unbiased,3
A1_blue_rare,643,94082,biased,unbiased,1
A1_blue_rare,644,94083,biased,unbiased,1
A1_blue_rare,645,94084,biased,unbiased,1
A1_blue_rare,646,94085,biased,unbiased,1
A1_blue_rare,647,94086,biased,unbiased,1
A1_blue_rare,648,94087,biased,unbiased,2
A1_blue_rare,649,94088,biased,unbiased,1
A1_blue_rare,650,94089,biased,unbiased,1
A1_blue_rare,951,94390,biased,unbiased,1
A1_blue_rare,952,94391,biased,unbiased,1
A1_blue_rare,953,94392,biased,unbiased,1
A1_blue_rare,954,94393,biased,unbiased,2
A1_blue_rare,955,94394,biased,unbiased,1
A1_blue_rare,956,94395,biased,unbiased,1
A1_blue_rare,957,94396,biased,unbiased,5
A1_blue_rare,958,94397,biased,unbiased,1
A1_blue_rare,959,94398,biased,unbiased,1
A1_blue_rare,960,94399,biased,unbiased,1
A1_blue_rare,961,94400,biased,unbiased,19
A1_blue_rare,962,94401,biased,unbiased,2
A1_blue_rare,963,94402,biased,unbiased,1
A1_blue_rare,964,94403,biased,unbiased,1
A1_blue_rare,965,94404,biased,unbiased,1
A1_blue_rare,966,94405,biased,biased,18
A1_blue_rare,967,94406,biased,unbiased,1
A1_blue_rare,968,94407,biased,unbiased,1
A1_blue_rare,969,94408,biased,unbiased,1
A1_blue_rare,970,94409,biased,unbiased,1
A1_blue_rare,971,94410,biased,unbiased,1
A1_blue_rare,972,94411,biased,unbiased,1
A1_blue_rare,973,94412,biased,unbiased,1
A1_blue_rare,974,94413,biased,unbiased,3
A1_blue_rare,975,94414,biased,unbiased,1
A1_blue_rare,976,94415,biased,unbiased,3
A1_blue_rare,977,94416,biased,unbiased,1
A1_blue_rare,978,94417,biased,unbiased,1
A1_blue_rare,979,94418,biased,unbiased,1
A1_blue_rare,980,94419,biased,unbiased,1
A1_blue_rare,981,94420,biased,unbiased,1
A1_blue_rare,982,94421,biased,unbiased,1
A1_blue_rare,983,94422,biased,unbiased,1
A1_blue_rare,984,94423,biased,unbiased,1
A1_blue_rare,985,94424,biased,unbiased,1
A1_blue_rare,986,94425,biased,unbiased,1
A1_blue_rare,987,94426,biased,unbiased,4
A1_blue_rare,988,94427,biased,unbiased,1
A1_blue_rare,989,94428,biased,unbiased,1
A1_blue_rare,990,94429,biased,unbiased,1
A1_blue_rare,991,94430,biased,unbiased,3
A1_blue_rare,992,94431,biased,unbiased,8
A1_blue_rare,993,94432,biased,unbiased,1
A1_blue_rare,994,94433,biased,unbiased,1
A1_blue_rare,995,94434,biased,unbiased,1
A1_blue_rare,996,94435,biased,unbiased,2
A1_blue_rare,997,94436,biased,unbiased,1
A1_blue_rare,998,94437,biased,unbiased,2
A1_blue_rare,999,94438,biased,unbiased,1
A1_blue_rare,1000,94439,biased,unbiased,2
A1_blue_rare,851,94290,biased,unbiased,8
A1_blue_rare,852,94291,biased,unbiased,1
A1_blue_rare,853,94292,biased,unbiased,1
A1_blue_rare,854,94293,biased,unbiased,1
A1_blue_rare,855,94294,biased,unbiased,1
A1_blue_rare,856,94295,biased,unbiased,1
A1_blue_rare,857,94296,biased,unbiased,1
A1_blue_rare,858,94297,biased,unbiased,1
A1_blue_rare,859,94298,biased,unbiased,4
A1_blue_rare,860,94299,biased,unbiased,2
A1_blue_rare,861,94300,biased,unbiased,1
A1_blue_rare,862,94301,biased,biased,24
A1_blue_rare,863,94302,biased,unbiased,1
A1_blue_rare,864,94303,biased,unbiased,3
A1_blue_rare,865,94304,biased,unbiased,1
A1_blue_rare,866,94305,biased,unbiased,3
A1_blue_rare,867,94306,biased,unbiased,1
A1_blue_rare,868,94307,biased,unbiased,1
A1_blue_rare,869,94308,biased,unbiased,1
A1_blue_rare,870,94309,biased,unbiased,1
A1_blue_rare,871,94310,biased,unbiased,3
A1_blue_rare,872,94311,biased,unbiased,1
A1_blue_rare,873,94312,biased,unbiased,8
A1_blue_rare,874,94313,biased,unbiased,1
A1_blue_rare,875,94314,biased,unbiased,1
A1_blue_rare,876,94315,biased,unbiased,2
A1_blue_rare,877,94316,biased,unbiased,1
A1_blue_rare,878,94317,biased,unbiased,1
A1_blue_rare,879,94318,biased,unbiased,1
A1_blue_rare,880,94319,biased,unbiased,1
A1_blue_rare,881,94320,biased,unbiased,1
A1_blue_rare,882,94321,biased,unbiased,5
A1_blue_rare,883,94322,biased,unbiased,1
A1_blue_rare,884,94323,biased,unbiased,1
A1_blue_rare,885,94324,biased,unbiased,1
A1_blue_rare,886,94325,biased,unbiased,1
A1_blue_rare,887,94326,biased,unbiased,2
A1_blue_rare,888,94327,biased,unbiased,1
A1_blue_rare,889,94328,biased,unbiased,1
A1_blue_rare,890,94329,biased,unbiased,1
A1_blue_rare,891,94330,biased,unbiased,1
A1_blue_rare,892,94331,biased,unbiased,1
A1_blue_rare,893,94332,biased,unbiased,1
A1_blue_rare,894,94333,biased,unbiased,1
A1_blue_rare,895,94334,biased,unbiased,1
A1_blue_rare,896,94335,biased,unbiased,1
A1_blue_rare,897,94336,biased,unbiased,1
A1_blue_rare,898,94337,biased,unbiased,6
A1_blue_rare,899,94338,biased,unbiased,1
A1_blue_rare,900,94339,biased,unbiased,1
A1_blue_rare,1251,94690,biased,unbiased,3
A1_blue_rare,1252,94691,biased,unbiased,1
A1_blue_rare,1253,94692,biased,unbiased,1
A1_blue_rare,1254,94693,biased,unbiased,1
A1_blue_rare,1255,94694,biased,unbiased,1
A1_blue_rare,1256,94695,biased,unbiased,1
A1_blue_rare,1257,94696,biased,unbiased,8
A1_blue_rare,1258,94697,biased,unbiased,1
A1_blue_rare,1259,94698,biased,unbiased,1
A1_blue_rare,1260,94699,biased,unbiased,1
A1_blue_rare,1261,94700,biased,unbiased,1
A1_blue_rare,1262,94701,biased,unbiased,1
A1_blue_rare,1263,94702,biased,unbiased,1
A1_blue_rare,1264,94703,biased,unbiased,2
A1_blue_rare,1265,94704,biased,unbiased,1
A1_blue_rare,1266,94705,biased,unbiased,1
A1_blue_rare,1267,94706,biased,unbiased,1
A1_blue_rare,1268,94707,biased,unbiased,1
A1_blue_rare,1269,94708,biased,unbiased,1
A1_blue_rare,1270,94709,biased,unbiased,1
A1_blue_rare,1271,94710,biased,unbiased,1
A1_blue_rare,1272,94711,biased,unbiased,1
A1_blue_rare,1273,94712,biased,unbiased,1
A1_blue_rare,1274,94713,biased,unbiased,1
A1_blue_rare,1275,94714,biased,unbiased,1
A1_blue_rare,1276,94715,biased,unbiased,1
A1_blue_rare,1277,94716,biased,unbiased,9
A1_blue_rare,1278,94717,biased,unbiased,1
A1_blue_rare,1279,94718,biased,unbiased,1
A1_blue_rare,1280,94719,biased,unbiased,2
A1_blue_rare,1281,94720,biased,unbiased,1
A1_blue_rare,1282,94721,biased,unbiased,1
A1_blue_rare,1283,94722,biased,unbiased,1
A1_blue_rare,1284,94723,biased,unbiased,2
A1_blue_rare,1285,94724,biased,unbiased,5
A1_blue_rare,1286,94725,biased,unbiased,1
A1_blue_rare,1287,94726,biased,unbiased,1
A1_blue_rare,1288,94727,biased,unbiased,1
A1_blue_rare,1289,94728,biased,unbiased,1
A1_blue_rare,1290,94729,biased,unbiased,3
A1_blue_rare,1291,94730,biased,unbiased,1
A1_blue_rare,1292,94731,biased,unbiased,1
A1_blue_rare,1293,94732,biased,unbiased,1
A1_blue_rare,1294,94733,biased,unbiased,1
A1_blue_rare,1295,94734,biased,unbiased,1
A1_blue_rare,1296,94735,biased,unbiased,1
A1_blue_rare,1297,94736,biased,unbiased,2
A1_blue_rare,1298,94737,biased,unbiased,1
A1_blue_rare,1299,94738,biased,unbiased,1
A1_blue_rare,1300,94739,biased,unbiased,1
A1_blue_rare,1151,94590,biased,unbiased,1
A1_blue_rare,1152,94591,biased,unbiased,1
A1_blue_rare,1153,94592,biased,unbiased,2
A1_blue_rare,1154,94593,biased,unbiased,1
A1_blue_rare,1155,94594,biased,unbiased,1
A1_blue_rare,1156,94595,biased,unbiased,1
A1_blue_rare,1157,94596,biased,unbiased,1
A1_blue_rare,1158,94597,biased,unbiased,1
A1_blue_rare,1159,94598,biased,unbiased,1
A1_blue_rare,1160,94599,biased,unbiased,1
A1_blue_rare,1161,94600,biased,unbiased,1
A1_blue_rare,1162,94601,biased,unbiased,2
A1_blue_rare,1163,94602,biased,unbiased,3
A1_blue_rare,1164,94603,biased,unbiased,1
A1_blue_rare,1165,94604,biased,unbiased,1
A1_blue_rare,1166,94605,biased,unbiased,1
A1_blue_rare,1167,94606,biased,unbiased,1
A1_blue_rare,1168,94607,biased,unbiased,1
A1_blue_rare,1169,94608,biased,unbiased,1
A1_blue_rare,1170,94609,biased,unbiased,1
A1_blue_rare,1171,94610,biased,unbiased,1
A1_blue_rare,1172,94611,biased,unbiased,1
A1_blue_rare,1173,94612,biased,unbiased,1
A1_blue_rare,1174,94613,biased,unbiased,1
A1_blue_rare,1175,94614,biased,unbiased,1
A1_blue_rare,1176,94615,biased,unbiased,1
A1_blue_rare,1177,94616,biased,unbiased,1
A1_blue_rare,1178,94617,biased,unbiased,1
A1_blue_rare,1179,94618,biased,unbiased,1
A1_blue_rare,1180,94619,biased,unbiased,4
A1_blue_rare,1181,94620,biased,unbiased,1
A1_blue_rare,1182,94621,biased,unbiased,2
A1_blue_rare,1183,94622,biased,biased,48
A1_blue_rare,1184,94623,biased,unbiased,1
A1_blue_rare,1185,94624,biased,unbiased,1
A1_blue_rare,1186,94625,biased,unbiased,3
A1_blue_rare,1187,94626,biased,unbiased,1
A1_blue_rare,1188,94627,biased,biased,30
A1_blue_rare,1189,94628,biased,unbiased,1
A1_blue_rare,1190,94629,biased,unbiased,1
A1_blue_rare,1191,94630,biased,unbiased,1
A1_blue_rare,1192,94631,biased,unbiased,1
A1_blue_rare,1193,94632,biased,unbiased,1
A1_blue_rare,1194,94633,biased,unbiased,1
A1_blue_rare,1195,94634,biased,unbiased,1
A1_blue_rare,1196,94635,biased,unbiased,1
A1_blue_rare,1197,94636,biased,unbiased,1
A1_blue_rare,1198,94637,biased,unbiased,1
A1_blue_rare,1199,94638,biased,unbiased,1
A1_blue_rare,1200,94639,biased,unbiased,1
A1_blue_rare,1201,94640,biased,unbiased,1
A1_blue_rare,1202,94641,biased,unbiased,1
A1_blue_rare,1203,94642,biased,unbiased,1
A1_blue_rare,1204,94643,biased,unbiased,1
A1_blue_rare,1205,94644,biased,unbiased,1
A1_blue_rare,1206,94645,biased,unbiased,1
A1_blue_rare,1207,94646,biased,unbiased,5
A1_blue_rare,1208,94647,biased,unbiased,1
A1_blue_rare,1209,94648,biased,unbiased,2
A1_blue_rare,1210,94649,biased,unbiased,2
A1_blue_rare,1211,94650,biased,biased,22
A1_blue_rare,1212,94651,biased,unbiased,1
A1_blue_rare,1213,94652,biased,unbiased,1
A1_blue_rare,1214,94653,biased,unbiased,1
A1_blue_rare,1215,94654,biased,unbiased,1
A1_blue_rare,1216,94655,biased,unbiased,1
A1_blue_rare,1217,94656,biased,unbiased,1
A1_blue_rare,1218,94657,biased,unbiased,1
A1_blue_rare,1219,94658,biased,unbiased,4
A1_blue_rare,1220,94659,biased,unbiased,1
A1_blue_rare,1221,94660,biased,unbiased,1
A1_blue_rare,1222,94661,biased,unbiased,1
A1_blue_rare,1223,94662,biased,unbiased,3
A1_blue_rare,1224,94663,biased,unbiased,1
A1_blue_rare,1225,94664,biased,unbiased,1
A1_blue_rare,1226,94665,biased,unbiased,1
A1_blue_rare,1227,94666,biased,unbiased,1
A1_blue_rare,1228,94667,biased,unbiased,1
A1_blue_rare,1229,94668,biased,unbiased,1
A1_blue_rare,1230,94669,biased,unbiased,1
A1_blue_rare,1231,94670,biased,unbiased,1
A1_blue_rare,1232,94671,biased,unbiased,2
A1_blue_rare,1233,94672,biased,unbiased,1
A1_blue_rare,1234,94673,biased,unbiased,1
A1_blue_rare,1235,94674,biased,unbiased,1
A1_blue_rare,1236,94675,biased,unbiased,1
A1_blue_rare,1237,94676,biased,unbiased,3
A1_blue_rare,1238,94677,biased,unbiased,1
A1_blue_rare,1239,94678,biased,unbiased,1
A1_blue_rare,1240,94679,biased,unbiased,1
A1_blue_rare,1241,94680,biased,unbiased,1
A1_blue_rare,1242,94681,biased,unbiased,1
A1_blue_rare,1243,94682,biased,unbiased,1
A1_blue_rare,1244,94683,biased,unbiased,1
A1_blue_rare,1245,94684,biased,unbiased,1
A1_blue_rare,1246,94685,biased,unbiased,1
A1_blue_rare,1247,94686,biased,unbiased,2
A1_blue_rare,1248,94687,biased,unbiased,1
A1_blue_rare,1249,94688,biased,unbiased,1
A1_blue_rare,1250,94689,biased,unbiased,1
A1_blue_rare,1401,94840,biased,unbiased,1
A1_blue_rare,1402,94841,biased,unbiased,1
A1_blue_rare,1403,94842,biased,unbiased,1
A1_blue_rare,1404,94843,biased,unbiased,1
A1_blue_rare,1405,94844,biased,unbiased,2
A1_blue_rare,1406,94845,biased,unbiased,1
A1_blue_rare,1407,94846,biased,unbiased,1
A1_blue_rare,1408,94847,biased,unbiased,1
A1_blue_rare,1409,94848,biased,unbiased,2
A1_blue_rare,1410,94849,biased,unbiased,3
A1_blue_rare,1411,94850,biased,unbiased,1
A1_blue_rare,1412,94851,biased,unbiased,1
A1_blue_rare,1413,94852,biased,unbiased,1
A1_blue_rare,1414,94853,biased,unbiased,1
A1_blue_rare,1415,94854,biased,unbiased,1
A1_blue_rare,1416,94855,biased,unbiased,1
A1_blue_rare,1417,94856,biased,unbiased,1
A1_blue_rare,1418,94857,biased,unbiased,1
A1_blue_rare,1419,94858,biased,unbiased,1
A1_blue_rare,1420,94859,biased,unbiased,3
A1_blue_rare,1421,94860,biased,unbiased,1
A1_blue_rare,1422,94861,biased,unbiased,1
A1_blue_rare,1423,94862,biased,unbiased,1
A1_blue_rare,1424,94863,biased,unbiased,1
A1_blue_rare,1425,94864,biased,unbiased,2
A1_blue_rare,1426,94865,biased,unbiased,1
A1_blue_rare,1427,94866,biased,unbiased,1
A1_blue_rare,1428,94867,biased,unbiased,1
A1_blue_rare,1429,94868,biased,unbiased,2
A1_blue_rare,1430,94869,biased,unbiased,1
A1_blue_rare,1431,94870,biased,unbiased,1
A1_blue_rare,1432,94871,biased,unbiased,1
A1_blue_rare,1433,94872,biased,unbiased,1
A1_blue_rare,1434,94873,biased,unbiased,1
A1_blue_rare,1435,94874,biased,unbiased,2
A1_blue_rare,1436,94875,biased,unbiased,1
A1_blue_rare,1437,94876,biased,unbiased,1
A1_blue_rare,1438,94877,biased,unbiased,1
A1_blue_rare,1439,94878,biased,unbiased,1
A1_blue_rare,1440,94879,biased,unbiased,1
A1_blue_rare,1441,94880,biased,unbiased,1
A1_blue_rare,1442,94881,biased,unbiased,1
A1_blue_rare,1443,94882,biased,unbiased,1
A1_blue_rare,1444,94883,biased,unbiased,1
A1_blue_rare,1445,94884,biased,unbiased,1
A1_blue_rare,1446,94885,biased,unbiased,1
A1_blue_rare,1447,94886,biased,unbiased,1
A1_blue_rare,1448,94887,biased,unbiased,1
A1_blue_rare,1449,94888,biased,unbiased,8
A1_blue_rare,1450,94889,biased,unbiased,1
A1_blue_rare,1001,94440,biased,unbiased,3
A1_blue_rare,1002,94441,biased,unbiased,3
A1_blue_rare,1003,94442,biased,unbiased,2
A1_blue_rare,1004,94443,biased,unbiased,1
A1_blue_rare,1005,94444,biased,unbiased,1
A1_blue_rare,1006,94445,biased,unbiased,18
A1_blue_rare,1007,94446,biased,unbiased,2
A1_blue_rare,1008,94447,biased,unbiased,1
A1_blue_rare,1009,94448,biased,unbiased,1
A1_blue_rare,1010,94449,biased,unbiased,1
A1_blue_rare,1011,94450,biased,unbiased,1
A1_blue_rare,1012,94451,biased,unbiased,1
A1_blue_rare,1013,94452,biased,unbiased,21
A1_blue_rare,1014,94453,biased,unbiased,5
A1_blue_rare,1015,94454,biased,unbiased,1
A1_blue_rare,1016,94455,biased,unbiased,1
A1_blue_rare,1017,94456,biased,unbiased,1
A1_blue_rare,1018,94457,biased,unbiased,3
A1_blue_rare,1019,94458,biased,unbiased,1
A1_blue_rare,1020,94459,biased,unbiased,1
A1_blue_rare,1021,94460,biased,unbiased,1
A1_blue_rare,1022,94461,biased,unbiased,1
A1_blue_rare,1023,94462,biased,unbiased,1
A1_blue_rare,1024,94463,biased,unbiased,19
A1_blue_rare,1025,94464,biased,unbiased,1
A1_blue_rare,1026,94465,biased,unbiased,1
A1_blue_rare,1027,94466,biased,unbiased,1
A1_blue_rare,1028,94467,biased,unbiased,5
A1_blue_rare,1029,94468,biased,unbiased,1
A1_blue_rare,1030,94469,biased,unbiased,1
A1_blue_rare,1031,94470,biased,unbiased,1
A1_blue_rare,1032,94471,biased,unbiased,1
A1_blue_rare,1033,94472,biased,unbiased,1
A1_blue_rare,1034,94473,biased,unbiased,1
A1_blue_rare,1035,94474,biased,unbiased,1
A1_blue_rare,1036,94475,biased,unbiased,1
A1_blue_rare,1037,94476,biased,unbiased,1
A1_blue_rare,1038,94477,biased,unbiased,3
A1_blue_rare,1039,94478,biased,unbiased,1
A1_blue_rare,1040,94479,biased,unbiased,1
A1_blue_rare,1041,94480,biased,unbiased,1
A1_blue_rare,1042,94481,biased,unbiased,2
A1_blue_rare,1043,94482,biased,unbiased,1
A1_blue_rare,1044,94483,biased,unbiased,5
A1_blue_rare,1045,94484,biased,unbiased,1
A1_blue_rare,1046,94485,biased,unbiased,1
A1_blue_rare,1047,94486,biased,unbiased,18
A1_blue_rare,1048,94487,biased,unbiased,1
A1_blue_rare,1049,94488,biased,unbiased,5
A1_blue_rare,1050,94489,biased,unbiased,1
A1_blue_rare,1501,94940,biased,unbiased,1
A1_blue_rare,1502,94941,biased,unbiased,1
A1_blue_rare,1503,94942,biased,unbiased,1
A1_blue_rare,1504,94943,biased,unbiased,2
A1_blue_rare,1505,94944,biased,unbiased,1
A1_blue_rare,1506,94945,biased,unbiased,1
A1_blue_rare,1507,94946,biased,unbiased,1
A1_blue_rare,1508,94947,biased,unbiased,1
A1_blue_rare,1509,94948,biased,unbiased,1
A1_blue_rare,1510,94949,biased,unbiased,1
A1_blue_rare,1511,94950,biased,unbiased,1
A1_blue_rare,1512,94951,biased,unbiased,1
A1_blue_rare,1513,94952,biased,unbiased,2
A1_blue_rare,1514,94953,biased,unbiased,1
A1_blue_rare,1515,94954,biased,unbiased,1
A1_blue_rare,1516,94955,biased,unbiased,1
A1_blue_rare,1517,94956,biased,unbiased,1
A1_blue_rare,1518,94957,biased,unbiased,1
A1_blue_rare,1519,94958,biased,unbiased,3
A1_blue_rare,1520,94959,biased,unbiased,1
A1_blue_rare,1521,94960,biased,unbiased,1
A1_blue_rare,1522,94961,biased,unbiased,1
A1_blue_rare,1523,94962,biased,unbiased,1
A1_blue_rare,1524,94963,biased,unbiased,2
A1_blue_rare,1525,94964,biased,unbiased,1
A1_blue_rare,1526,94965,biased,unbiased,1
A1_blue_rare,1527,94966,biased,unbiased,1
A1_blue_rare,1528,94967,biased,unbiased,1
A1_blue_rare,1529,94968,biased,unbiased,3
A1_blue_rare,1530,94969,biased,unbiased,1
A1_blue_rare,1531,94970,biased,unbiased,1
A1_blue_rare,1532,94971,biased,unbiased,2
A1_blue_rare,1533,94972,biased,unbiased,1
A1_blue_rare,1534,94973,biased,unbiased,2
A1_blue_rare,1535,94974,biased,unbiased,1
A1_blue_rare,1536,94975,biased,unbiased,2
A1_blue_rare,1537,94976,biased,unbiased,1
A1_blue_rare,1538,94977,biased,unbiased,1
A1_blue_rare,1539,94978,biased,unbiased,1
A1_blue_rare,1540,94979,biased,unbiased,1
A1_blue_rare,1541,94980,biased,unbiased,1
A1_blue_rare,1542,94981,biased,unbiased,3
A1_blue_rare,1543,94982,biased,unbiased,1
A1_blue_rare,1544,94983,biased,unbiased,1
A1_blue_rare,1545,94984,biased,unbiased,1
A1_blue_rare,1546,94985,biased,unbiased,1
A1_blue_rare,1547,94986,biased,unbiased,1
A1_blue_rare,1548,94987,biased,unbiased,1
A1_blue_rare,1549,94988,biased,unbiased,1
A1_blue_rare,1550,94989,biased,unbiased,1
A1_blue_rare,1301,94740,biased,unbiased,1
A1_blue_rare,1302,94741,biased,unbiased,2
A1_blue_rare,1303,94742,biased,unbiased,1
A1_blue_rare,1304,94743,biased,unbiased,1
A1_blue_rare,1305,94744,biased,unbiased,2
A1_blue_rare,1306,94745,biased,unbiased,1
A1_blue_rare,1307,94746,biased,unbiased,1
A1_blue_rare,1308,94747,biased,unbiased,1
A1_blue_rare,1309,94748,biased,unbiased,1
A1_blue_rare,1310,94749,biased,unbiased,1
A1_blue_rare,1311,94750,biased,unbiased,2
A1_blue_rare,1312,94751,biased,unbiased,1
A1_blue_rare,1313,94752,biased,unbiased,1
A1_blue_rare,1314,94753,biased,unbiased,1
A1_blue_rare,1315,94754,biased,unbiased,1
A1_blue_rare,1316,94755,biased,unbiased,1
A1_blue_rare,1317,94756,biased,unbiased,1
A1_blue_rare,1318,94757,biased,unbiased,3
A1_blue_rare,1319,94758,biased,unbiased,2
A1_blue_rare,1320,94759,biased,unbiased,1
A1_blue_rare,1321,94760,biased,unbiased,3
A1_blue_rare,1322,94761,biased,unbiased,2
A1_blue_rare,1323,94762,biased,unbiased,1
A1_blue_rare,1324,94763,biased,unbiased,1
A1_blue_rare,1325,94764,biased,unbiased,1
A1_blue_rare,1326,94765,biased,biased,15
A1_blue_rare,1327,94766,biased,unbiased,1
A1_blue_rare,1328,94767,biased,unbiased,1
A1_blue_rare,1329,94768,biased,unbiased,1
A1_blue_rare,1330,94769,biased,unbiased,3
A1_blue_rare,1331,94770,biased,unbiased,2
A1_blue_rare,1332,94771,biased,unbiased,1
A1_blue_rare,1333,94772,biased,unbiased,1
A1_blue_rare,1334,94773,biased,unbiased,1
A1_blue_rare,1335,94774,biased,unbiased,1
A1_blue_rare,1336,94775,biased,unbiased,2
A1_blue_rare,1337,94776,biased,unbiased,2
A1_blue_rare,1338,94777,biased,unbiased,1
A1_blue_rare,1339,94778,biased,unbiased,1
A1_blue_rare,1340,94779,biased,unbiased,2
A1_blue_rare,1341,94780,biased,unbiased,1
A1_blue_rare,1342,94781,biased,unbiased,1
A1_blue_rare,1343,94782,biased,unbiased,2
A1_blue_rare,1344,94783,biased,unbiased,1
A1_blue_rare,1345,94784,biased,unbiased,3
A1_blue_rare,1346,94785,biased,unbiased,1
A1_blue_rare,1347,94786,biased,unbiased,1
A1_blue_rare,1348,94787,biased,unbiased,1
A1_blue_rare,1349,94788,biased,unbiased,1
A1_blue_rare,1350,94789,biased,unbiased,1
A1_blue_rare,1451,94890,biased,unbiased,1
A1_blue_rare,1452,94891,biased,unbiased,1
A1_blue_rare,1453,94892,biased,biased,23
A1_blue_rare,1454,94893,biased,unbiased,1
A1_blue_rare,1455,94894,biased,unbiased,3
A1_blue_rare,1456,94895,biased,unbiased,2
A1_blue_rare,1457,94896,biased,unbiased,1
A1_blue_rare,1458,94897,biased,unbiased,1
A1_blue_rare,1459,94898,biased,unbiased,1
A1_blue_rare,1460,94899,biased,unbiased,1
A1_blue_rare,1461,94900,biased,unbiased,1
A1_blue_rare,1462,94901,biased,unbiased,1
A1_blue_rare,1463,94902,biased,unbiased,1
A1_blue_rare,1464,94903,biased,unbiased,1
A1_blue_rare,1465,94904,biased,unbiased,1
A1_blue_rare,1466,94905,biased,unbiased,1
A1_blue_rare,1467,94906,biased,unbiased,1
A1_blue_rare,1468,94907,biased,unbiased,2
A1_blue_rare,1469,94908,biased,unbiased,1
A1_blue_rare,1470,94909,biased,unbiased,1
A1_blue_rare,1471,94910,biased,unbiased,1
A1_blue_rare,1472,94911,biased,unbiased,2
A1_blue_rare,1473,94912,biased,unbiased,1
A1_blue_rare,1474,94913,biased,unbiased,1
A1_blue_rare,1475,94914,biased,unbiased,2
A1_blue_rare,1476,94915,biased,unbiased,1
A1_blue_rare,1477,94916,biased,unbiased,1
A1_blue_rare,1478,94917,biased,unbiased,1
A1_blue_rare,1479,94918,biased,unbiased,2
A1_blue_rare,1480,94919,biased,unbiased,4
A1_blue_rare,1481,94920,biased,unbiased,1
A1_blue_rare,1482,94921,biased,unbiased,5
A1_blue_rare,1483,94922,biased,unbiased,1
A1_blue_rare,1484,94923,biased,unbiased,1
A1_blue_rare,1485,94924,biased,unbiased,1
A1_blue_rare,1486,94925,biased,unbiased,1
A1_blue_rare,1487,94926,biased,unbiased,1
A1_blue_rare,1488,94927,biased,unbiased,1
A1_blue_rare,1489,94928,biased,unbiased,1
A1_blue_rare,1490,94929,biased,unbiased,1
A1_blue_rare,1491,94930,biased,unbiased,1
A1_blue_rare,1492,94931,biased,unbiased,2
A1_blue_rare,1493,94932,biased,unbiased,1
A1_blue_rare,1494,94933,biased,unbiased,1
A1_blue_rare,1495,94934,biased,unbiased,1
A1_blue_rare,1496,94935,biased,unbiased,1
A1_blue_rare,1497,94936,biased,unbiased,1
A1_blue_rare,1498,94937,biased,unbiased,1
A1_blue_rare,1499,94938,biased,unbiased,1
A1_blue_rare,1500,94939,biased,unbiased,1
A1_blue_rare,1551,94990,biased,unbiased,1
A1_blue_rare,1552,94991,biased,unbiased,1
A1_blue_rare,1553,94992,biased,unbiased,1
A1_blue_rare,1554,94993,biased,unbiased,3
A1_blue_rare,1555,94994,biased,unbiased,1
A1_blue_rare,1556,94995,biased,unbiased,1
A1_blue_rare,1557,94996,biased,unbiased,1
A1_blue_rare,1558,94997,biased,unbiased,1
A1_blue_rare,1559,94998,biased,unbiased,3
A1_blue_rare,1560,94999,biased,unbiased,1
A1_blue_rare,1561,95000,biased,unbiased,1
A1_blue_rare,1562,95001,biased,unbiased,5
A1_blue_rare,1563,95002,biased,unbiased,1
A1_blue_rare,1564,95003,biased,unbiased,1
A1_blue_rare,1565,95004,biased,unbiased,1
A1_blue_rare,1566,95005,biased,unbiased,1
A1_blue_rare,1567,95006,biased,unbiased,6
A1_blue_rare,1568,95007,biased,unbiased,4
A1_blue_rare,1569,95008,biased,unbiased,2
A1_blue_rare,1570,95009,biased,unbiased,1
A1_blue_rare,1571,95010,biased,unbiased,2
A1_blue_rare,1572,95011,biased,unbiased,1
A1_blue_rare,1573,95012,biased,unbiased,1
A1_blue_rare,1574,95013,biased,unbiased,1
A1_blue_rare,1575,95014,biased,unbiased,8
A1_blue_rare,1576,95015,biased,unbiased,1
A1_blue_rare,1577,95016,biased,unbiased,1
A1_blue_rare,1578,95017,biased,unbiased,5
A1_blue_rare,1579,95018,biased,unbiased,1
A1_blue_rare,1580,95019,biased,unbiased,1
A1_blue_rare,1581,95020,biased,unbiased,1
A1_blue_rare,1582,95021,biased,unbiased,1
A1_blue_rare,1583,95022,biased,unbiased,1
A1_blue_rare,1584,95023,biased,unbiased,1
A1_blue_rare,1585,95024,biased,unbiased,1
A1_blue_rare,1586,95025,biased,unbiased,1
A1_blue_rare,1587,95026,biased,unbiased,1
A1_blue_rare,1588,95027,biased,unbiased,1
A1_blue_rare,1589,95028,biased,unbiased,1
A1_blue_rare,1590,95029,biased,unbiased,1
A1_blue_rare,1591,95030,biased,unbiased,1
A1_blue_rare,1592,95031,biased,unbiased,1
A1_blue_rare,1593,95032,biased,unbiased,2
A1_blue_rare,1594,95033,biased,unbiased,1
A1_blue_rare,1595,95034,biased,unbiased,1
A1_blue_rare,1596,95035,biased,unbiased,1
A1_blue_rare,1597,95036,biased,unbiased,2
A1_blue_rare,1598,95037,biased,unbiased,1
A1_blue_rare,1599,95038,biased,unbiased,1
A1_blue_rare,1600,95039,biased,unbiased,1
A1_blue_rare,1651,95090,biased,unbiased,1
A1_blue_rare,1652,95091,biased,unbiased,1
A1_blue_rare,1653,95092,biased,unbiased,1
A1_blue_rare,1654,95093,biased,unbiased,1
A1_blue_rare,1655,95094,biased,unbiased,4
A1_blue_rare,1656,95095,biased,unbiased,2
A1_blue_rare,1657,95096,biased,unbiased,1
A1_blue_rare,1658,95097,biased,unbiased,1
A1_blue_rare,1659,95098,biased,unbiased,1
A1_blue_rare,1660,95099,biased,unbiased,1
A1_blue_rare,1661,95100,biased,unbiased,1
A1_blue_rare,1662,95101,biased,unbiased,1
A1_blue_rare,1663,95102,biased,unbiased,1
A1_blue_rare,1664,95103,biased,unbiased,1
A1_blue_rare,1665,95104,biased,unbiased,1
A1_blue_rare,1666,95105,biased,unbiased,1
A1_blue_rare,1667,95106,biased,unbiased,6
A1_blue_rare,1668,95107,biased,unbiased,1
A1_blue_rare,1669,95108,biased,unbiased,1
A1_blue_rare,1670,95109,biased,unbiased,1
A1_blue_rare,1671,95110,biased,unbiased,1
A1_blue_rare,1672,95111,biased,unbiased,3
A1_blue_rare,1673,95112,biased,unbiased,1
A1_blue_rare,1674,95113,biased,unbiased,3
A1_blue_rare,1675,95114,biased,unbiased,1
A1_blue_rare,1676,95115,biased,unbiased,2
A1_blue_rare,1677,95116,biased,unbiased,1
A1_blue_rare,1678,95117,biased,unbiased,1
A1_blue_rare,1679,95118,biased,unbiased,2
A1_blue_rare,1680,95119,biased,unbiased,1
A1_blue_rare,1681,95120,biased,unbiased,1
A1_blue_rare,1682,95121,biased,unbiased,1
A1_blue_rare,1683,95122,biased,unbiased,1
A1_blue_rare,1684,95123,biased,unbiased,1
A1_blue_rare,1685,95124,biased,unbiased,1
A1_blue_rare,1686,95125,biased,unbiased,2
A1_blue_rare,1687,95126,biased,unbiased,1
A1_blue_rare,1688,95127,biased,unbiased,1
A1_blue_rare,1689,95128,biased,unbiased,1
A1_blue_rare,1690,95129,biased,unbiased,3
A1_blue_rare,1691,95130,biased,unbiased,1
A1_blue_rare,1692,95131,biased,unbiased,1
A1_blue_rare,1693,95132,biased,unbiased,1
A1_blue_rare,1694,95133,biased,unbiased,1
A1_blue_rare,1695,95134,biased,unbiased,1
A1_blue_rare,1696,95135,biased,unbiased,1
A1_blue_rare,1697,95136,biased,unbiased,1
A1_blue_rare,1698,95137,biased,unbiased,1
A1_blue_rare,1699,95138,biased,unbiased,1
A1_blue_rare,1700,95139,biased,unbiased,1
A1_blue_rare,1601,95040,biased,unbiased,1
A1_blue_rare,1602,95041,biased,unbiased,1
A1_blue_rare,1603,95042,biased,unbiased,1
A1_blue_rare,1604,95043,biased,unbiased,1
A1_blue_rare,1605,95044,biased,unbiased,1
A1_blue_rare,1606,95045,biased,unbiased,1
A1_blue_rare,1607,95046,biased,unbiased,1
A1_blue_rare,1608,95047,biased,unbiased,1
A1_blue_rare,1609,95048,biased,unbiased,1
A1_blue_rare,1610,95049,biased,unbiased,1
A1_blue_rare,1611,95050,biased,unbiased,3
A1_blue_rare,1612,95051,biased,unbiased,1
A1_blue_rare,1613,95052,biased,unbiased,1
A1_blue_rare,1614,95053,biased,unbiased,1
A1_blue_rare,1615,95054,biased,unbiased,2
A1_blue_rare,1616,95055,biased,unbiased,2
A1_blue_rare,1617,95056,biased,unbiased,1
A1_blue_rare,1618,95057,biased,unbiased,1
A1_blue_rare,1619,95058,biased,unbiased,1
A1_blue_rare,1620,95059,biased,unbiased,2
A1_blue_rare,1621,95060,biased,unbiased,1
A1_blue_rare,1622,95061,biased,unbiased,1
A1_blue_rare,1623,95062,biased,unbiased,1
A1_blue_rare,1624,95063,biased,biased,17
A1_blue_rare,1625,95064,biased,unbiased,1
A1_blue_rare,1626,95065,biased,unbiased,1
A1_blue_rare,1627,95066,biased,unbiased,1
A1_blue_rare,1628,95067,biased,unbiased,1
A1_blue_rare,1629,95068,biased,unbiased,1
A1_blue_rare,1630,95069,biased,unbiased,1
A1_blue_rare,1631,95070,biased,unbiased,1
A1_blue_rare,1632,95071,biased,unbiased,1
A1_blue_rare,1633,95072,biased,unbiased,1
A1_blue_rare,1634,95073,biased,unbiased,1
A1_blue_rare,1635,95074,biased,unbiased,1
A1_blue_rare,1636,95075,biased,unbiased,1
A1_blue_rare,1637,95076,biased,unbiased,1
A1_blue_rare,1638,95077,biased,unbiased,1
A1_blue_rare,1639,95078,biased,unbiased,1
A1_blue_rare,1640,95079,biased,unbiased,3
A1_blue_rare,1641,95080,biased,unbiased,1
A1_blue_rare,1642,95081,biased,unbiased,3
A1_blue_rare,1643,95082,biased,unbiased,2
A1_blue_rare,1644,95083,biased,unbiased,1
A1_blue_rare,1645,95084,biased,unbiased,1
A1_blue_rare,1646,95085,biased,unbiased,1
A1_blue_rare,1647,95086,biased,unbiased,1
A1_blue_rare,1648,95087,biased,unbiased,2
A1_blue_rare,1649,95088,biased,unbiased,1
A1_blue_rare,1650,95089,biased,unbiased,2
A1_blue_rare,1351,94790,biased,unbiased,1
A1_blue_rare,1352,94791,biased,unbiased,1
A1_blue_rare,1353,94792,biased,unbiased,5
A1_blue_rare,1354,94793,biased,unbiased,2
A1_blue_rare,1355,94794,biased,unbiased,2
A1_blue_rare,1356,94795,biased,unbiased,3
A1_blue_rare,1357,94796,biased,unbiased,1
A1_blue_rare,1358,94797,biased,unbiased,1
A1_blue_rare,1359,94798,biased,unbiased,1
A1_blue_rare,1360,94799,biased,unbiased,1
A1_blue_rare,1361,94800,biased,unbiased,1
A1_blue_rare,1362,94801,biased,unbiased,1
A1_blue_rare,1363,94802,biased,unbiased,2
A1_blue_rare,1364,94803,biased,unbiased,1
A1_blue_rare,1365,94804,biased,unbiased,1
A1_blue_rare,1366,94805,biased,unbiased,1
A1_blue_rare,1367,94806,biased,unbiased,3
A1_blue_rare,1368,94807,biased,unbiased,1
A1_blue_rare,1369,94808,biased,unbiased,1
A1_blue_rare,1370,94809,biased,unbiased,1
A1_blue_rare,1371,94810,biased,unbiased,1
A1_blue_rare,1372,94811,biased,unbiased,1
A1_blue_rare,1373,94812,biased,unbiased,1
A1_blue_rare,1374,94813,biased,unbiased,1
A1_blue_rare,1375,94814,biased,unbiased,3
A1_blue_rare,1376,94815,biased,unbiased,1
A1_blue_rare,1377,94816,biased,unbiased,1
A1_blue_rare,1378,94817,biased,unbiased,1
A1_blue_rare,1379,94818,biased,unbiased,3
A1_blue_rare,1380,94819,biased,unbiased,1
A1_blue_rare,1381,94820,biased,unbiased,1
A1_blue_rare,1382,94821,biased,unbiased,1
A1_blue_rare,1383,94822,biased,unbiased,1
A1_blue_rare,1384,94823,biased,unbiased,1
A1_blue_rare,1385,94824,biased,unbiased,1
A1_blue_rare,1386,94825,biased,unbiased,1
A1_blue_rare,1387,94826,biased,biased,36
A1_blue_rare,1388,94827,biased,unbiased,1
A1_blue_rare,1389,94828,biased,unbiased,1
A1_blue_rare,1390,94829,biased,unbiased,1
A1_blue_rare,1391,94830,biased,unbiased,3
A1_blue_rare,1392,94831,biased,unbiased,1
A1_blue_rare,1393,94832,biased,unbiased,1
A1_blue_rare,1394,94833,biased,unbiased,1
A1_blue_rare,1395,94834,biased,unbiased,1
A1_blue_rare,1396,94835,biased,unbiased,1
A1_blue_rare,1397,94836,biased,unbiased,2
A1_blue_rare,1398,94837,biased,unbiased,1
A1_blue_rare,1399,94838,biased,unbiased,1
A1_blue_rare,1400,94839,biased,unbiased,1
A1_blue_rare,1751,95190,biased,unbiased,1
A1_blue_rare,1752,95191,biased,unbiased,1
A1_blue_rare,1753,95192,biased,unbiased,1
A1_blue_rare,1754,95193,biased,unbiased,2
A1_blue_rare,1755,95194,biased,unbiased,2
A1_blue_rare,1756,95195,biased,unbiased,1
A1_blue_rare,1757,95196,biased,unbiased,1
A1_blue_rare,1758,95197,biased,unbiased,1
A1_blue_rare,1759,95198,biased,unbiased,1
A1_blue_rare,1760,95199,biased,unbiased,1
A1_blue_rare,1761,95200,biased,unbiased,1
A1_blue_rare,1762,95201,biased,unbiased,1
A1_blue_rare,1763,95202,biased,unbiased,1
A1_blue_rare,1764,95203,biased,unbiased,1
A1_blue_rare,1765,95204,biased,unbiased,1
A1_blue_rare,1766,95205,biased,unbiased,2
A1_blue_rare,1767,95206,biased,unbiased,1
A1_blue_rare,1768,95207,biased,unbiased,1
A1_blue_rare,1769,95208,biased,unbiased,1
A1_blue_rare,1770,95209,biased,unbiased,1
A1_blue_rare,1771,95210,biased,unbiased,1
A1_blue_rare,1772,95211,biased,unbiased,1
A1_blue_rare,1773,95212,biased,unbiased,1
A1_blue_rare,1774,95213,biased,unbiased,2
A1_blue_rare,1775,95214,biased,unbiased,1
A1_blue_rare,1776,95215,biased,unbiased,1
A1_blue_rare,1777,95216,biased,unbiased,1
A1_blue_rare,1778,95217,biased,unbiased,1
A1_blue_rare,1779,95218,biased,unbiased,1
A1_blue_rare,1780,95219,biased,unbiased,1
A1_blue_rare,1781,95220,biased,unbiased,2
A1_blue_rare,1782,95221,biased,unbiased,1
A1_blue_rare,1783,95222,biased,unbiased,1
A1_blue_rare,1784,95223,biased,unbiased,1
A1_blue_rare,1785,95224,biased,unbiased,1
A1_blue_rare,1786,95225,biased,unbiased,2
A1_blue_rare,1787,95226,biased,unbiased,1
A1_blue_rare,1788,95227,biased,unbiased,1
A1_blue_rare,1789,95228,biased,unbiased,1
A1_blue_rare,1790,95229,biased,unbiased,3
A1_blue_rare,1791,95230,biased,unbiased,1
A1_blue_rare,1792,95231,biased,unbiased,1
A1_blue_rare,1793,95232,biased,unbiased,1
A1_blue_rare,1794,95233,biased,unbiased,1
A1_blue_rare,1795,95234,biased,unbiased,3
A1_blue_rare,1796,95235,biased,unbiased,1
A1_blue_rare,1797,95236,biased,unbiased,6
A1_blue_rare,1798,95237,biased,unbiased,1
A1_blue_rare,1799,95238,biased,unbiased,1
A1_blue_rare,1800,95239,biased,unbiased,1
A1_blue_rare,1801,95240,biased,unbiased,1
A1_blue_rare,1802,95241,biased,unbiased,1
A1_blue_rare,1803,95242,biased,unbiased,1
A1_blue_rare,1804,95243,biased,unbiased,1
A1_blue_rare,1805,95244,biased,unbiased,1
A1_blue_rare,1806,95245,biased,unbiased,1
A1_blue_rare,1807,95246,biased,unbiased,1
A1_blue_rare,1808,95247,biased,unbiased,1
A1_blue_rare,1809,95248,biased,unbiased,1
A1_blue_rare,1810,95249,biased,unbiased,1
A1_blue_rare,1811,95250,biased,unbiased,2
A1_blue_rare,1812,95251,biased,unbiased,2
A1_blue_rare,1813,95252,biased,unbiased,5
A1_blue_rare,1814,95253,biased,unbiased,2
A1_blue_rare,1815,95254,biased,unbiased,1
A1_blue_rare,1816,95255,biased,unbiased,1
A1_blue_rare,1817,95256,biased,unbiased,1
A1_blue_rare,1818,95257,biased,unbiased,4
A1_blue_rare,1819,95258,biased,unbiased,1
A1_blue_rare,1820,95259,biased,unbiased,3
A1_blue_rare,1821,95260,biased,unbiased,1
A1_blue_rare,1822,95261,biased,unbiased,1
A1_blue_rare,1823,95262,biased,unbiased,4
A1_blue_rare,1824,95263,biased,unbiased,1
A1_blue_rare,1825,95264,biased,unbiased,1
A1_blue_rare,1826,95265,biased,unbiased,2
A1_blue_rare,1827,95266,biased,unbiased,1
A1_blue_rare,1828,95267,biased,unbiased,1
A1_blue_rare,1829,95268,biased,unbiased,1
A1_blue_rare,1830,95269,biased,unbiased,1
A1_blue_rare,1831,95270,biased,unbiased,2
A1_blue_rare,1832,95271,biased,unbiased,1
A1_blue_rare,1833,95272,biased,unbiased,1
A1_blue_rare,1834,95273,biased,unbiased,1
A1_blue_rare,1835,95274,biased,unbiased,1
A1_blue_rare,1836,95275,biased,unbiased,1
A1_blue_rare,1837,95276,biased,unbiased,1
A1_blue_rare,1838,95277,biased,unbiased,1
A1_blue_rare,1839,95278,biased,unbiased,1
A1_blue_rare,1840,95279,biased,unbiased,1
A1_blue_rare,1841,95280,biased,unbiased,1
A1_blue_rare,1842,95281,biased,unbiased,1
A1_blue_rare,1843,95282,biased,unbiased,1
A1_blue_rare,1844,95283,biased,unbiased,2
A1_blue_rare,1845,95284,biased,unbiased,1
A1_blue_rare,1846,95285,biased,unbiased,1
A1_blue_rare,1847,95286,biased,unbiased,1
A1_blue_rare,1848,95287,biased,unbiased,1
A1_blue_rare,1849,95288,biased,unbiased,1
A1_blue_rare,1850,95289,biased,unbiased,1
A1_blue_rare,1701,95140,biased,unbiased,1
A1_blue_rare,1702,95141,biased,unbiased,1
A1_blue_rare,1703,95142,biased,unbiased,1
A1_blue_rare,1704,95143,biased,unbiased,4
A1_blue_rare,1705,95144,biased,unbiased,1
A1_blue_rare,1706,95145,biased,unbiased,1
A1_blue_rare,1707,95146,biased,unbiased,1
A1_blue_rare,1708,95147,biased,unbiased,1
A1_blue_rare,1709,95148,biased,unbiased,1
A1_blue_rare,1710,95149,biased,unbiased,2
A1_blue_rare,1711,95150,biased,unbiased,2
A1_blue_rare,1712,95151,biased,unbiased,1
A1_blue_rare,1713,95152,biased,unbiased,1
A1_blue_rare,1714,95153,biased,unbiased,1
A1_blue_rare,1715,95154,biased,unbiased,1
A1_blue_rare,1716,95155,biased,unbiased,1
A1_blue_rare,1717,95156,biased,unbiased,1
A1_blue_rare,1718,95157,biased,unbiased,1
A1_blue_rare,1719,95158,biased,unbiased,1
A1_blue_rare,1720,95159,biased,unbiased,1
A1_blue_rare,1721,95160,biased,unbiased,1
A1_blue_rare,1722,95161,biased,unbiased,1
A1_blue_rare,1723,95162,biased,unbiased,3
A1_blue_rare,1724,95163,biased,unbiased,1
A1_blue_rare,1725,95164,biased,unbiased,1
A1_blue_rare,1726,95165,biased,unbiased,1
A1_blue_rare,1727,95166,biased,unbiased,1
A1_blue_rare,1728,95167,biased,unbiased,1
A1_blue_rare,1729,95168,biased,unbiased,1
A1_blue_rare,1730,95169,biased,unbiased,1
A1_blue_rare,1731,95170,biased,unbiased,4
A1_blue_rare,1732,95171,biased,unbiased,1
A1_blue_rare,1733,95172,biased,unbiased,1
A1_blue_rare,1734,95173,biased,unbiased,1
A1_blue_rare,1735,95174,biased,unbiased,1
A1_blue_rare,1736,95175,biased,unbiased,1
A1_blue_rare,1737,95176,biased,unbiased,2
A1_blue_rare,1738,95177,biased,unbiased,1
A1_blue_rare,1739,95178,biased,unbiased,1
A1_blue_rare,1740,95179,biased,unbiased,1
A1_blue_rare,1741,95180,biased,unbiased,1
A1_blue_rare,1742,95181,biased,unbiased,9
A1_blue_rare,1743,95182,biased,unbiased,1
A1_blue_rare,1744,95183,biased,unbiased,1
A1_blue_rare,1745,95184,biased,unbiased,1
A1_blue_rare,1746,95185,biased,unbiased,1
A1_blue_rare,1747,95186,biased,unbiased,1
A1_blue_rare,1748,95187,biased,unbiased,2
A1_blue_rare,1749,95188,biased,unbiased,1
A1_blue_rare,1750,95189,biased,unbiased,2
A1_blue_rare,1901,95340,biased,unbiased,1
A1_blue_rare,1902,95341,biased,unbiased,1
A1_blue_rare,1903,95342,biased,unbiased,1
A1_blue_rare,1904,95343,biased,unbiased,1
A1_blue_rare,1905,95344,biased,unbiased,1
A1_blue_rare,1906,95345,biased,unbiased,1
A1_blue_rare,1907,95346,biased,unbiased,1
A1_blue_rare,1908,95347,biased,unbiased,1
A1_blue_rare,1909,95348,biased,unbiased,1
A1_blue_rare,1910,95349,biased,unbiased,1
A1_blue_rare,1911,95350,biased,unbiased,1
A1_blue_rare,1912,95351,biased,unbiased,1
A1_blue_rare,1913,95352,biased,unbiased,1
A1_blue_rare,1914,95353,biased,unbiased,1
A1_blue_rare,1915,95354,biased,unbiased,1
A1_blue_rare,1916,95355,biased,unbiased,1
A1_blue_rare,1917,95356,biased,unbiased,1
A1_blue_rare,1918,95357,biased,unbiased,1
A1_blue_rare,1919,95358,biased,unbiased,1
A1_blue_rare,1920,95359,biased,unbiased,16
A1_blue_rare,1921,95360,biased,unbiased,1
A1_blue_rare,1922,95361,biased,unbiased,1
A1_blue_rare,1923,95362,biased,unbiased,1
A1_blue_rare,1924,95363,biased,unbiased,1
A1_blue_rare,1925,95364,biased,unbiased,1
A1_blue_rare,1926,95365,biased,unbiased,2
A1_blue_rare,1927,95366,biased,unbiased,2
A1_blue_rare,1928,95367,biased,unbiased,1
A1_blue_rare,1929,95368,biased,unbiased,1
A1_blue_rare,1930,95369,biased,unbiased,1
A1_blue_rare,1931,95370,biased,unbiased,3
A1_blue_rare,1932,95371,biased,unbiased,1
A1_blue_rare,1933,95372,biased,unbiased,1
A1_blue_rare,1934,95373,biased,unbiased,1
A1_blue_rare,1935,95374,biased,unbiased,5
A1_blue_rare,1936,95375,biased,unbiased,1
A1_blue_rare,1937,95376,biased,unbiased,1
A1_blue_rare,1938,95377,biased,unbiased,1
A1_blue_rare,1939,95378,biased,unbiased,1
A1_blue_rare,1940,95379,biased,unbiased,1
A1_blue_rare,1941,95380,biased,unbiased,1
A1_blue_rare,1942,95381,biased,unbiased,2
A1_blue_rare,1943,95382,biased,unbiased,2
A1_blue_rare,1944,95383,biased,unbiased,1
A1_blue_rare,1945,95384,biased,unbiased,1
A1_blue_rare,1946,95385,biased,unbiased,1
A1_blue_rare,1947,95386,biased,unbiased,1
A1_blue_rare,1948,95387,biased,unbiased,7
A1_blue_rare,1949,95388,biased,unbiased,1
A1_blue_rare,1950,95389,biased,unbiased,1
A1_blue_rare,2001,95440,biased,unbiased,1
A1_blue_rare,2002,95441,biased,unbiased,3
A1_blue_rare,2003,95442,biased,unbiased,1
A1_blue_rare,2004,95443,biased,unbiased,1
A1_blue_rare,2005,95444,biased,unbiased,1
A1_blue_rare,2006,95445,biased,unbiased,1
A1_blue_rare,2007,95446,biased,unbiased,1
A1_blue_rare,2008,95447,biased,unbiased,1
A1_blue_rare,2009,95448,biased,unbiased,1
A1_blue_rare,2010,95449,biased,unbiased,1
A1_blue_rare,2011,95450,biased,unbiased,1
A1_blue_rare,2012,95451,biased,unbiased,4
A1_blue_rare,2013,95452,biased,unbiased,1
A1_blue_rare,2014,95453,biased,unbiased,4
A1_blue_rare,2015,95454,biased,unbiased,4
A1_blue_rare,2016,95455,biased,unbiased,2
A1_blue_rare,2017,95456,biased,unbiased,2
A1_blue_rare,2018,95457,biased,unbiased,1
A1_blue_rare,2019,95458,biased,unbiased,7
A1_blue_rare,2020,95459,biased,unbiased,2
A1_blue_rare,2021,95460,biased,unbiased,1
A1_blue_rare,2022,95461,biased,unbiased,1
A1_blue_rare,2023,95462,biased,unbiased,1
A1_blue_rare,2024,95463,biased,unbiased,1
A1_blue_rare,2025,95464,biased,unbiased,1
A1_blue_rare,2026,95465,biased,unbiased,3
A1_blue_rare,2027,95466,biased,unbiased,2
A1_blue_rare,2028,95467,biased,unbiased,1
A1_blue_rare,2029,95468,biased,unbiased,1
A1_blue_rare,2030,95469,biased,unbiased,1
A1_blue_rare,2031,95470,biased,unbiased,1
A1_blue_rare,2032,95471,biased,unbiased,1
A1_blue_rare,2033,95472,biased,unbiased,3
A1_blue_rare,2034,95473,biased,unbiased,1
A1_blue_rare,2035,95474,biased,unbiased,1
A1_blue_rare,2036,95475,biased,unbiased,1
A1_blue_rare,2037,95476,biased,unbiased,1
A1_blue_rare,2038,95477,biased,unbiased,1
A1_blue_rare,2039,95478,biased,unbiased,1
A1_blue_rare,2040,95479,biased,unbiased,2
A1_blue_rare,2041,95480,biased,unbiased,1
A1_blue_rare,2042,95481,biased,unbiased,1
A1_blue_rare,2043,95482,biased,unbiased,1
A1_blue_rare,2044,95483,biased,unbiased,3
A1_blue_rare,2045,95484,biased,unbiased,2
A1_blue_rare,2046,95485,biased,unbiased,1
A1_blue_rare,2047,95486,biased,unbiased,1
A1_blue_rare,2048,95487,biased,unbiased,1
A1_blue_rare,2049,95488,biased,unbiased,1
A1_blue_rare,2050,95489,biased,unbiased,1
A1_blue_rare,1851,95290,biased,unbiased,1
A1_blue_rare,1852,95291,biased,unbiased,1
A1_blue_rare,1853,95292,biased,unbiased,25
A1_blue_rare,1854,95293,biased,unbiased,1
A1_blue_rare,1855,95294,biased,unbiased,1
A1_blue_rare,1856,95295,biased,unbiased,2
A1_blue_rare,1857,95296,biased,unbiased,3
A1_blue_rare,1858,95297,biased,unbiased,2
A1_blue_rare,1859,95298,biased,unbiased,1
A1_blue_rare,1860,95299,biased,unbiased,2
A1_blue_rare,1861,95300,biased,unbiased,2
A1_blue_rare,1862,95301,biased,unbiased,1
A1_blue_rare,1863,95302,biased,unbiased,1
A1_blue_rare,1864,95303,biased,unbiased,1
A1_blue_rare,1865,95304,biased,unbiased,1
A1_blue_rare,1866,95305,biased,unbiased,1
A1_blue_rare,1867,95306,biased,unbiased,1
A1_blue_rare,1868,95307,biased,unbiased,1
A1_blue_rare,1869,95308,biased,unbiased,1
A1_blue_rare,1870,95309,biased,unbiased,1
A1_blue_rare,1871,95310,biased,unbiased,1
A1_blue_rare,1872,95311,biased,unbiased,1
A1_blue_rare,1873,95312,biased,unbiased,1
A1_blue_rare,1874,95313,biased,unbiased,1
A1_blue_rare,1875,95314,biased,unbiased,1
A1_blue_rare,1876,95315,biased,unbiased,1
A1_blue_rare,1877,95316,biased,unbiased,1
A1_blue_rare,1878,95317,biased,unbiased,1
A1_blue_rare,1879,95318,biased,unbiased,1
A1_blue_rare,1880,95319,biased,unbiased,1
A1_blue_rare,1881,95320,biased,unbiased,1
A1_blue_rare,1882,95321,biased,unbiased,1
A1_blue_rare,1883,95322,biased,unbiased,1
A1_blue_rare,1884,95323,biased,unbiased,1
A1_blue_rare,1885,95324,biased,unbiased,1
A1_blue_rare,1886,95325,biased,unbiased,2
A1_blue_rare,1887,95326,biased,unbiased,1
A1_blue_rare,1888,95327,biased,unbiased,1
A1_blue_rare,1889,95328,biased,unbiased,1
A1_blue_rare,1890,95329,biased,unbiased,1
A1_blue_rare,1891,95330,biased,unbiased,1
A1_blue_rare,1892,95331,biased,unbiased,10
A1_blue_rare,1893,95332,biased,unbiased,1
A1_blue_rare,1894,95333,biased,unbiased,1
A1_blue_rare,1895,95334,biased,unbiased,1
A1_blue_rare,1896,95335,biased,unbiased,1
A1_blue_rare,1897,95336,biased,unbiased,1
A1_blue_rare,1898,95337,biased,unbiased,2
A1_blue_rare,1899,95338,biased,unbiased,1
A1_blue_rare,1900,95339,biased,unbiased,1
A1_blue_rare,2051,95490,biased,unbiased,1
A1_blue_rare,2052,95491,biased,unbiased,1
A1_blue_rare,2053,95492,biased,unbiased,1
A1_blue_rare,2054,95493,biased,biased,14
A1_blue_rare,2055,95494,biased,unbiased,1
A1_blue_rare,2056,95495,biased,unbiased,1
A1_blue_rare,2057,95496,biased,unbiased,1
A1_blue_rare,2058,95497,biased,unbiased,1
A1_blue_rare,2059,95498,biased,unbiased,5
A1_blue_rare,2060,95499,biased,unbiased,1
A1_blue_rare,2061,95500,biased,unbiased,1
A1_blue_rare,2062,95501,biased,unbiased,1
A1_blue_rare,2063,95502,biased,unbiased,1
A1_blue_rare,2064,95503,biased,unbiased,1
A1_blue_rare,2065,95504,biased,unbiased,3
A1_blue_rare,2066,95505,biased,unbiased,1
A1_blue_rare,2067,95506,biased,unbiased,1
A1_blue_rare,2068,95507,biased,unbiased,1
A1_blue_rare,2069,95508,biased,unbiased,1
A1_blue_rare,2070,95509,biased,unbiased,1
A1_blue_rare,2071,95510,biased,unbiased,2
A1_blue_rare,2072,95511,biased,unbiased,1
A1_blue_rare,2073,95512,biased,unbiased,1
A1_blue_rare,2074,95513,biased,unbiased,3
A1_blue_rare,2075,95514,biased,unbiased,1
A1_blue_rare,2076,95515,biased,unbiased,1
A1_blue_rare,2077,95516,biased,unbiased,1
A1_blue_rare,2078,95517,biased,unbiased,1
A1_blue_rare,2079,95518,biased,unbiased,1
A1_blue_rare,2080,95519,biased,unbiased,1
A1_blue_rare,2081,95520,biased,unbiased,1
A1_blue_rare,2082,95521,biased,unbiased,1
A1_blue_rare,2083,95522,biased,unbiased,1
A1_blue_rare,2084,95523,biased,unbiased,1
A1_blue_rare,2085,95524,biased,unbiased,1
A1_blue_rare,2086,95525,biased,unbiased,1
A1_blue_rare,2087,95526,biased,unbiased,1
A1_blue_rare,2088,95527,biased,unbiased,1
A1_blue_rare,2089,95528,biased,unbiased,1
A1_blue_rare,2090,95529,biased,unbiased,1
A1_blue_rare,2091,95530,biased,unbiased,1
A1_blue_rare,2092,95531,biased,unbiased,1
A1_blue_rare,2093,95532,biased,unbiased,1
A1_blue_rare,2094,95533,biased,unbiased,2
A1_blue_rare,2095,95534,biased,unbiased,1
A1_blue_rare,2096,95535,biased,unbiased,1
A1_blue_rare,2097,95536,biased,unbiased,1
A1_blue_rare,2098,95537,biased,unbiased,1
A1_blue_rare,2099,95538,biased,unbiased,1
A1_blue_rare,2100,95539,biased,unbiased,1
A1_blue_rare,1951,95390,biased,unbiased,1
A1_blue_rare,1952,95391,biased,unbiased,1
A1_blue_rare,1953,95392,biased,unbiased,1
A1_blue_rare,1954,95393,biased,unbiased,1
A1_blue_rare,1955,95394,biased,unbiased,1
A1_blue_rare,1956,95395,biased,unbiased,1
A1_blue_rare,1957,95396,biased,unbiased,2
A1_blue_rare,1958,95397,biased,unbiased,1
A1_blue_rare,1959,95398,biased,unbiased,1
A1_blue_rare,1960,95399,biased,unbiased,1
A1_blue_rare,1961,95400,biased,unbiased,1
A1_blue_rare,1962,95401,biased,unbiased,1
A1_blue_rare,1963,95402,biased,unbiased,1
A1_blue_rare,1964,95403,biased,unbiased,1
A1_blue_rare,1965,95404,biased,unbiased,1
A1_blue_rare,1966,95405,biased,unbiased,1
A1_blue_rare,1967,95406,biased,unbiased,1
A1_blue_rare,1968,95407,biased,unbiased,1
A1_blue_rare,1969,95408,biased,unbiased,1
A1_blue_rare,1970,95409,biased,unbiased,1
A1_blue_rare,1971,95410,biased,unbiased,1
A1_blue_rare,1972,95411,biased,unbiased,1
A1_blue_rare,1973,95412,biased,unbiased,4
A1_blue_rare,1974,95413,biased,unbiased,1
A1_blue_rare,1975,95414,biased,unbiased,1
A1_blue_rare,1976,95415,biased,unbiased,1
A1_blue_rare,1977,95416,biased,unbiased,2
A1_blue_rare,1978,95417,biased,biased,35
A1_blue_rare,1979,95418,biased,unbiased,1
A1_blue_rare,1980,95419,biased,unbiased,1
A1_blue_rare,1981,95420,biased,unbiased,1
A1_blue_rare,1982,95421,biased,unbiased,1
A1_blue_rare,1983,95422,biased,unbiased,2
A1_blue_rare,1984,95423,biased,unbiased,1
A1_blue_rare,1985,95424,biased,unbiased,2
A1_blue_rare,1986,95425,biased,unbiased,5
A1_blue_rare,1987,95426,biased,unbiased,1
A1_blue_rare,1988,95427,biased,unbiased,1
A1_blue_rare,1989,95428,biased,unbiased,1
A1_blue_rare,1990,95429,biased,unbiased,1
A1_blue_rare,1991,95430,biased,unbiased,2
A1_blue_rare,1992,95431,biased,unbiased,1
A1_blue_rare,1993,95432,biased,unbiased,1
A1_blue_rare,1994,95433,biased,unbiased,1
A1_blue_rare,1995,95434,biased,unbiased,1
A1_blue_rare,1996,95435,biased,unbiased,1
A1_blue_rare,1997,95436,biased,unbiased,1
A1_blue_rare,1998,95437,biased,unbiased,3
A1_blue_rare,1999,95438,biased,unbiased,1
A1_blue_rare,2000,95439,biased,unbiased,1
A1_blue_rare,2151,95590,biased,unbiased,1
A1_blue_rare,2152,95591,biased,unbiased,2
A1_blue_rare,2153,95592,biased,unbiased,1
A1_blue_rare,2154,95593,biased,unbiased,4
A1_blue_rare,2155,95594,biased,unbiased,1
A1_blue_rare,2156,95595,biased,unbiased,1
A1_blue_rare,2157,95596,biased,unbiased,1
A1_blue_rare,2158,95597,biased,biased,18
A1_blue_rare,2159,95598,biased,unbiased,1
A1_blue_rare,2160,95599,biased,unbiased,4
A1_blue_rare,2161,95600,biased,unbiased,1
A1_blue_rare,2162,95601,biased,unbiased,1
A1_blue_rare,2163,95602,biased,unbiased,1
A1_blue_rare,2164,95603,biased,unbiased,1
A1_blue_rare,2165,95604,biased,unbiased,1
A1_blue_rare,2166,95605,biased,unbiased,1
A1_blue_rare,2167,95606,biased,unbiased,1
A1_blue_rare,2168,95607,biased,unbiased,1
A1_blue_rare,2169,95608,biased,unbiased,1
A1_blue_rare,2170,95609,biased,unbiased,1
A1_blue_rare,2171,95610,biased,unbiased,1
A1_blue_rare,2172,95611,biased,unbiased,1
A1_blue_rare,2173,95612,biased,unbiased,1
A1_blue_rare,2174,95613,biased,unbiased,1
A1_blue_rare,2175,95614,biased,unbiased,2
A1_blue_rare,2176,95615,biased,unbiased,1
A1_blue_rare,2177,95616,biased,unbiased,1
A1_blue_rare,2178,95617,biased,unbiased,1
A1_blue_rare,2179,95618,biased,unbiased,1
A1_blue_rare,2180,95619,biased,unbiased,1
A1_blue_rare,2181,95620,biased,unbiased,1
A1_blue_rare,2182,95621,biased,unbiased,1
A1_blue_rare,2183,95622,biased,unbiased,1
A1_blue_rare,2184,95623,biased,unbiased,1
A1_blue_rare,2185,95624,biased,unbiased,2
A1_blue_rare,2186,95625,biased,unbiased,1
A1_blue_rare,2187,95626,biased,unbiased,1
A1_blue_rare,2188,95627,biased,unbiased,1
A1_blue_rare,2189,95628,biased,unbiased,4
A1_blue_rare,2190,95629,biased,unbiased,1
A1_blue_rare,2191,95630,biased,unbiased,1
A1_blue_rare,2192,95631,biased,unbiased,1
A1_blue_rare,2193,95632,biased,unbiased,1
A1_blue_rare,2194,95633,biased,unbiased,1
A1_blue_rare,2195,95634,biased,unbiased,1
A1_blue_rare,2196,95635,biased,unbiased,1
A1_blue_rare,2197,95636,biased,unbiased,1
A1_blue_rare,2198,95637,biased,unbiased,1
A1_blue_rare,2199,95638,biased,unbiased,1
A1_blue_rare,2200,95639,biased,unbiased,2
A1_blue_rare,2251,95690,biased,unbiased,1
A1_blue_rare,2252,95691,biased,unbiased,3
A1_blue_rare,2253,95692,biased,unbiased,1
A1_blue_rare,2254,95693,biased,unbiased,2
A1_blue_rare,2255,95694,biased,unbiased,1
A1_blue_rare,2256,95695,biased,unbiased,1
A1_blue_rare,2257,95696,biased,unbiased,1
A1_blue_rare,2258,95697,biased,unbiased,1
A1_blue_rare,2259,95698,biased,unbiased,1
A1_blue_rare,2260,95699,biased,unbiased,1
A1_blue_rare,2261,95700,biased,unbiased,1
A1_blue_rare,2262,95701,biased,unbiased,1
A1_blue_rare,2263,95702,biased,unbiased,1
A1_blue_rare,2264,95703,biased,unbiased,1
A1_blue_rare,2265,95704,biased,unbiased,1
A1_blue_rare,2266,95705,biased,unbiased,3
A1_blue_rare,2267,95706,biased,unbiased,1
A1_blue_rare,2268,95707,biased,unbiased,1
A1_blue_rare,2269,95708,biased,unbiased,1
A1_blue_rare,2270,95709,biased,unbiased,1
A1_blue_rare,2271,95710,biased,unbiased,3
A1_blue_rare,2272,95711,biased,unbiased,1
A1_blue_rare,2273,95712,biased,unbiased,1
A1_blue_rare,2274,95713,biased,unbiased,1
A1_blue_rare,2275,95714,biased,unbiased,4
A1_blue_rare,2276,95715,biased,unbiased,1
A1_blue_rare,2277,95716,biased,unbiased,1
A1_blue_rare,2278,95717,biased,unbiased,3
A1_blue_rare,2279,95718,biased,unbiased,1
A1_blue_rare,2280,95719,biased,unbiased,2
A1_blue_rare,2281,95720,biased,unbiased,1
A1_blue_rare,2282,95721,biased,unbiased,1
A1_blue_rare,2283,95722,biased,unbiased,2
A1_blue_rare,2284,95723,biased,unbiased,1
A1_blue_rare,2285,95724,biased,unbiased,1
A1_blue_rare,2286,95725,biased,unbiased,1
A1_blue_rare,2287,95726,biased,unbiased,1
A1_blue_rare,2288,95727,biased,unbiased,1
A1_blue_rare,2289,95728,biased,unbiased,1
A1_blue_rare,2290,95729,biased,unbiased,1
A1_blue_rare,2291,95730,biased,unbiased,1
A1_blue_rare,2292,95731,biased,unbiased,10
A1_blue_rare,2293,95732,biased,unbiased,2
A1_blue_rare,2294,95733,biased,unbiased,1
A1_blue_rare,2295,95734,biased,unbiased,1
A1_blue_rare,2296,95735,biased,unbiased,1
A1_blue_rare,2297,95736,biased,unbiased,2
A1_blue_rare,2298,95737,biased,unbiased,1
A1_blue_rare,2299,95738,biased,unbiased,1
A1_blue_rare,2300,95739,biased,unbiased,1
A1_blue_rare,2401,95840,biased,unbiased,1
A1_blue_rare,2402,95841,biased,unbiased,1
A1_blue_rare,2403,95842,biased,unbiased,1
A1_blue_rare,2404,95843,biased,unbiased,1
A1_blue_rare,2405,95844,biased,unbiased,1
A1_blue_rare,2406,95845,biased,unbiased,1
A1_blue_rare,2407,95846,biased,unbiased,1
A1_blue_rare,2408,95847,biased,unbiased,1
A1_blue_rare,2409,95848,biased,unbiased,1
A1_blue_rare,2410,95849,biased,unbiased,5
A1_blue_rare,2411,95850,biased,unbiased,1
A1_blue_rare,2412,95851,biased,unbiased,1
A1_blue_rare,2413,95852,biased,unbiased,1
A1_blue_rare,2414,95853,biased,unbiased,1
A1_blue_rare,2415,95854,biased,unbiased,1
A1_blue_rare,2416,95855,biased,unbiased,1
A1_blue_rare,2417,95856,biased,unbiased,1
A1_blue_rare,2418,95857,biased,unbiased,1
A1_blue_rare,2419,95858,biased,unbiased,1
A1_blue_rare,2420,95859,biased,unbiased,1
A1_blue_rare,2421,95860,biased,unbiased,1
A1_blue_rare,2422,95861,biased,unbiased,1
A1_blue_rare,2423,95862,biased,unbiased,1
A1_blue_rare,2424,95863,biased,unbiased,1
A1_blue_rare,2425,95864,biased,unbiased,1
A1_blue_rare,2426,95865,biased,unbiased,1
A1_blue_rare,2427,95866,biased,unbiased,1
A1_blue_rare,2428,95867,biased,unbiased,1
A1_blue_rare,2429,95868,biased,unbiased,1
A1_blue_rare,2430,95869,biased,unbiased,1
A1_blue_rare,2431,95870,biased,unbiased,1
A1_blue_rare,2432,95871,biased,unbiased,1
A1_blue_rare,2433,95872,biased,unbiased,1
A1_blue_rare,2434,95873,biased,unbiased,1
A1_blue_rare,2435,95874,biased,unbiased,1
A1_blue_rare,2436,95875,biased,unbiased,1
A1_blue_rare,2437,95876,biased,unbiased,1
A1_blue_rare,2438,95877,biased,unbiased,1
A1_blue_rare,2439,95878,biased,unbiased,1
A1_blue_rare,2440,95879,biased,unbiased,1
A1_blue_rare,2441,95880,biased,unbiased,2
A1_blue_rare,2442,95881,biased,unbiased,1
A1_blue_rare,2443,95882,biased,unbiased,1
A1_blue_rare,2444,95883,biased,unbiased,1
A1_blue_rare,2445,95884,biased,unbiased,1
A1_blue_rare,2446,95885,biased,unbiased,1
A1_blue_rare,2447,95886,biased,unbiased,2
A1_blue_rare,2448,95887,biased,unbiased,1
A1_blue_rare,2449,95888,biased,unbiased,1
A1_blue_rare,2450,95889,biased,unbiased,1
A1_blue_rare,2301,95740,biased,unbiased,1
A1_blue_rare,2302,95741,biased,unbiased,1
A1_blue_rare,2303,95742,biased,unbiased,1
A1_blue_rare,2304,95743,biased,unbiased,1
A1_blue_rare,2305,95744,biased,unbiased,2
A1_blue_rare,2306,95745,biased,unbiased,1
A1_blue_rare,2307,95746,biased,unbiased,1
A1_blue_rare,2308,95747,biased,unbiased,1
A1_blue_rare,2309,95748,biased,unbiased,1
A1_blue_rare,2310,95749,biased,unbiased,1
A1_blue_rare,2311,95750,biased,unbiased,1
A1_blue_rare,2312,95751,biased,unbiased,1
A1_blue_rare,2313,95752,biased,unbiased,1
A1_blue_rare,2314,95753,biased,unbiased,1
A1_blue_rare,2315,95754,biased,unbiased,1
A1_blue_rare,2316,95755,biased,unbiased,1
A1_blue_rare,2317,95756,biased,unbiased,1
A1_blue_rare,2318,95757,biased,unbiased,3
A1_blue_rare,2319,95758,biased,unbiased,1
A1_blue_rare,2320,95759,biased,unbiased,2
A1_blue_rare,2321,95760,biased,unbiased,1
A1_blue_rare,2322,95761,biased,unbiased,1
A1_blue_rare,2323,95762,biased,unbiased,4
A1_blue_rare,2324,95763,biased,unbiased,1
A1_blue_rare,2325,95764,biased,unbiased,1
A1_blue_rare,2326,95765,biased,unbiased,1
A1_blue_rare,2327,95766,biased,unbiased,3
A1_blue_rare,2328,95767,biased,unbiased,3
A1_blue_rare,2329,95768,biased,unbiased,1
A1_blue_rare,2330,95769,biased,unbiased,1
A1_blue_rare,2331,95770,biased,unbiased,1
A1_blue_rare,2332,95771,biased,unbiased,2
A1_blue_rare,2333,95772,biased,unbiased,3
A1_blue_rare,2334,95773,biased,unbiased,2
A1_blue_rare,2335,95774,biased,unbiased,1
A1_blue_rare,2336,95775,biased,unbiased,1
A1_blue_rare,2337,95776,biased,unbiased,1
A1_blue_rare,2338,95777,biased,unbiased,1
A1_blue_rare,2339,95778,biased,unbiased,2
A1_blue_rare,2340,95779,biased,unbiased,1
A1_blue_rare,2341,95780,biased,unbiased,1
A1_blue_rare,2342,95781,biased,unbiased,1
A1_blue_rare,2343,95782,biased,unbiased,1
A1_blue_rare,2344,95783,biased,unbiased,1
A1_blue_rare,2345,95784,biased,unbiased,1
A1_blue_rare,2346,95785,biased,unbiased,1
A1_blue_rare,2347,95786,biased,unbiased,1
A1_blue_rare,2348,95787,biased,unbiased,1
A1_blue_rare,2349,95788,biased,unbiased,1
A1_blue_rare,2350,95789,biased,unbiased,1
A1_blue_rare,2351,95790,biased,unbiased,1
A1_blue_rare,2352,95791,biased,unbiased,2
A1_blue_rare,2353,95792,biased,unbiased,1
A1_blue_rare,2354,95793,biased,unbiased,1
A1_blue_rare,2355,95794,biased,unbiased,4
A1_blue_rare,2356,95795,biased,unbiased,1
A1_blue_rare,2357,95796,biased,unbiased,1
A1_blue_rare,2358,95797,biased,unbiased,1
A1_blue_rare,2359,95798,biased,unbiased,2
A1_blue_rare,2360,95799,biased,unbiased,1
A1_blue_rare,2361,95800,biased,unbiased,1
A1_blue_rare,2362,95801,biased,unbiased,1
A1_blue_rare,2363,95802,biased,unbiased,1
A1_blue_rare,2364,95803,biased,unbiased,1
A1_blue_rare,2365,95804,biased,unbiased,2
A1_blue_rare,2366,95805,biased,unbiased,1
A1_blue_rare,2367,95806,biased,unbiased,1
A1_blue_rare,2368,95807,biased,unbiased,1
A1_blue_rare,2369,95808,biased,unbiased,1
A1_blue_rare,2370,95809,biased,unbiased,6
A1_blue_rare,2371,95810,biased,unbiased,1
A1_blue_rare,2372,95811,biased,unbiased,2
A1_blue_rare,2373,95812,biased,unbiased,1
A1_blue_rare,2374,95813,biased,unbiased,1
A1_blue_rare,2375,95814,biased,unbiased,2
A1_blue_rare,2376,95815,biased,unbiased,1
A1_blue_rare,2377,95816,biased,unbiased,1
A1_blue_rare,2378,95817,biased,unbiased,1
A1_blue_rare,2379,95818,biased,unbiased,1
A1_blue_rare,2380,95819,biased,unbiased,2
A1_blue_rare,2381,95820,biased,unbiased,1
A1_blue_rare,2382,95821,biased,unbiased,1
A1_blue_rare,2383,95822,biased,unbiased,1
A1_blue_rare,2384,95823,biased,unbiased,1
A1_blue_rare,2385,95824,biased,unbiased,2
A1_blue_rare,2386,95825,biased,unbiased,1
A1_blue_rare,2387,95826,biased,unbiased,1
A1_blue_rare,2388,95827,biased,unbiased,1
A1_blue_rare,2389,95828,biased,unbiased,1
A1_blue_rare,2390,95829,biased,unbiased,1
A1_blue_rare,2391,95830,biased,unbiased,1
A1_blue_rare,2392,95831,biased,unbiased,5
A1_blue_rare,2393,95832,biased,unbiased,1
A1_blue_rare,2394,95833,biased,unbiased,2
A1_blue_rare,2395,95834,biased,unbiased,2
A1_blue_rare,2396,95835,biased,unbiased,2
A1_blue_rare,2397,95836,biased,unbiased,1
A1_blue_rare,2398,95837,biased,unbiased,2
A1_blue_rare,2399,95838,biased,unbiased,1
A1_blue_rare,2400,95839,biased,unbiased,1
A1_blue_rare,2101,95540,biased,unbiased,1
A1_blue_rare,2102,95541,biased,unbiased,1
A1_blue_rare,2103,95542,biased,unbiased,1
A1_blue_rare,2104,95543,biased,biased,21
A1_blue_rare,2105,95544,biased,unbiased,2
A1_blue_rare,2106,95545,biased,unbiased,10
A1_blue_rare,2107,95546,biased,unbiased,1
A1_blue_rare,2108,95547,biased,unbiased,2
A1_blue_rare,2109,95548,biased,unbiased,4
A1_blue_rare,2110,95549,biased,unbiased,1
A1_blue_rare,2111,95550,biased,unbiased,2
A1_blue_rare,2112,95551,biased,unbiased,3
A1_blue_rare,2113,95552,biased,unbiased,1
A1_blue_rare,2114,95553,biased,unbiased,1
A1_blue_rare,2115,95554,biased,unbiased,2
A1_blue_rare,2116,95555,biased,unbiased,1
A1_blue_rare,2117,95556,biased,unbiased,1
A1_blue_rare,2118,95557,biased,unbiased,4
A1_blue_rare,2119,95558,biased,unbiased,1
A1_blue_rare,2120,95559,biased,unbiased,1
A1_blue_rare,2121,95560,biased,unbiased,1
A1_blue_rare,2122,95561,biased,unbiased,2
A1_blue_rare,2123,95562,biased,unbiased,2
A1_blue_rare,2124,95563,biased,unbiased,1
A1_blue_rare,2125,95564,biased,unbiased,1
A1_blue_rare,2126,95565,biased,unbiased,1
A1_blue_rare,2127,95566,biased,unbiased,1
A1_blue_rare,2128,95567,biased,unbiased,1
A1_blue_rare,2129,95568,biased,unbiased,1
A1_blue_rare,2130,95569,biased,unbiased,1
A1_blue_rare,2131,95570,biased,unbiased,1
A1_blue_rare,2132,95571,biased,unbiased,2
A1_blue_rare,2133,95572,biased,unbiased,1
A1_blue_rare,2134,95573,biased,unbiased,5
A1_blue_rare,2135,95574,biased,unbiased,3
A1_blue_rare,2136,95575,biased,unbiased,1
A1_blue_rare,2137,95576,biased,unbiased,1
A1_blue_rare,2138,95577,biased,unbiased,1
A1_blue_rare,2139,95578,biased,unbiased,1
A1_blue_rare,2140,95579,biased,unbiased,1
A1_blue_rare,2141,95580,biased,unbiased,1
A1_blue_rare,2142,95581,biased,unbiased,3
A1_blue_rare,2143,95582,biased,unbiased,1
A1_blue_rare,2144,95583,biased,unbiased,1
A1_blue_rare,2145,95584,biased,unbiased,1
A1_blue_rare,2146,95585,biased,unbiased,1
A1_blue_rare,2147,95586,biased,unbiased,2
A1_blue_rare,2148,95587,biased,unbiased,1
A1_blue_rare,2149,95588,biased,unbiased,1
A1_blue_rare,2150,95589,biased,biased,24
A1_blue_rare,2501,95940,biased,unbiased,1
A1_blue_rare,2502,95941,biased,unbiased,1
A1_blue_rare,2503,95942,biased,unbiased,1
A1_blue_rare,2504,95943,biased,unbiased,1
A1_blue_rare,2505,95944,biased,unbiased,1
A1_blue_rare,2506,95945,biased,unbiased,2
A1_blue_rare,2507,95946,biased,unbiased,6
A1_blue_rare,2508,95947,biased,unbiased,1
A1_blue_rare,2509,95948,biased,unbiased,1
A1_blue_rare,2510,95949,biased,unbiased,1
A1_blue_rare,2511,95950,biased,unbiased,1
A1_blue_rare,2512,95951,biased,unbiased,1
A1_blue_rare,2513,95952,biased,unbiased,2
A1_blue_rare,2514,95953,biased,unbiased,1
A1_blue_rare,2515,95954,biased,unbiased,2
A1_blue_rare,2516,95955,biased,unbiased,3
A1_blue_rare,2517,95956,biased,unbiased,1
A1_blue_rare,2518,95957,biased,unbiased,1
A1_blue_rare,2519,95958,biased,unbiased,1
A1_blue_rare,2520,95959,biased,unbiased,1
A1_blue_rare,2521,95960,biased,unbiased,1
A1_blue_rare,2522,95961,biased,unbiased,4
A1_blue_rare,2523,95962,biased,unbiased,2
A1_blue_rare,2524,95963,biased,unbiased,1
A1_blue_rare,2525,95964,biased,unbiased,1
A1_blue_rare,2526,95965,biased,unbiased,2
A1_blue_rare,2527,95966,biased,unbiased,1
A1_blue_rare,2528,95967,biased,unbiased,1
A1_blue_rare,2529,95968,biased,unbiased,1
A1_blue_rare,2530,95969,biased,unbiased,1
A1_blue_rare,2531,95970,biased,unbiased,1
A1_blue_rare,2532,95971,biased,unbiased,1
A1_blue_rare,2533,95972,biased,unbiased,1
A1_blue_rare,2534,95973,biased,unbiased,1
A1_blue_rare,2535,95974,biased,unbiased,1
A1_blue_rare,2536,95975,biased,unbiased,1
A1_blue_rare,2537,95976,biased,unbiased,2
A1_blue_rare,2538,95977,biased,unbiased,2
A1_blue_rare,2539,95978,biased,unbiased,1
A1_blue_rare,2540,95979,biased,unbiased,1
A1_blue_rare,2541,95980,biased,unbiased,1
A1_blue_rare,2542,95981,biased,unbiased,1
A1_blue_rare,2543,95982,biased,unbiased,1
A1_blue_rare,2544,95983,biased,unbiased,1
A1_blue_rare,2545,95984,biased,unbiased,1
A1_blue_rare,2546,95985,biased,unbiased,1
A1_blue_rare,2547,95986,biased,unbiased,1
A1_blue_rare,2548,95987,biased,unbiased,1
A1_blue_rare,2549,95988,biased,unbiased,1
A1_blue_rare,2550,95989,biased,unbiased,1
A1_blue_rare,2601,96040,biased,unbiased,1
A1_blue_rare,2602,96041,biased,unbiased,1
A1_blue_rare,2603,96042,biased,unbiased,1
A1_blue_rare,2604,96043,biased,unbiased,1
A1_blue_rare,2605,96044,biased,unbiased,1
A1_blue_rare,2606,96045,biased,unbiased,1
A1_blue_rare,2607,96046,biased,unbiased,2
A1_blue_rare,2608,96047,biased,unbiased,1
A1_blue_rare,2609,96048,biased,unbiased,1
A1_blue_rare,2610,96049,biased,unbiased,1
A1_blue_rare,2611,96050,biased,unbiased,2
A1_blue_rare,2612,96051,biased,unbiased,1
A1_blue_rare,2613,96052,biased,unbiased,1
A1_blue_rare,2614,96053,biased,unbiased,1
A1_blue_rare,2615,96054,biased,unbiased,1
A1_blue_rare,2616,96055,biased,unbiased,2
A1_blue_rare,2617,96056,biased,unbiased,5
A1_blue_rare,2618,96057,biased,unbiased,1
A1_blue_rare,2619,96058,biased,unbiased,1
A1_blue_rare,2620,96059,biased,unbiased,1
A1_blue_rare,2621,96060,biased,unbiased,1
A1_blue_rare,2622,96061,biased,unbiased,1
A1_blue_rare,2623,96062,biased,unbiased,1
A1_blue_rare,2624,96063,biased,unbiased,1
A1_blue_rare,2625,96064,biased,unbiased,1
A1_blue_rare,2626,96065,biased,unbiased,1
A1_blue_rare,2627,96066,biased,unbiased,1
A1_blue_rare,2628,96067,biased,unbiased,2
A1_blue_rare,2629,96068,biased,unbiased,2
A1_blue_rare,2630,96069,biased,unbiased,1
A1_blue_rare,2631,96070,biased,unbiased,1
A1_blue_rare,2632,96071,biased,unbiased,2
A1_blue_rare,2633,96072,biased,unbiased,1
A1_blue_rare,2634,96073,biased,unbiased,1
A1_blue_rare,2635,96074,biased,unbiased,1
A1_blue_rare,2636,96075,biased,unbiased,2
A1_blue_rare,2637,96076,biased,unbiased,1
A1_blue_rare,2638,96077,biased,unbiased,1
A1_blue_rare,2639,96078,biased,unbiased,1
A1_blue_rare,2640,96079,biased,unbiased,1
A1_blue_rare,2641,96080,biased,unbiased,1
A1_blue_rare,2642,96081,biased,unbiased,1
A1_blue_rare,2643,96082,biased,unbiased,1
A1_blue_rare,2644,96083,biased,unbiased,1
A1_blue_rare,2645,96084,biased,unbiased,1
A1_blue_rare,2646,96085,biased,unbiased,1
A1_blue_rare,2647,96086,biased,unbiased,1
A1_blue_rare,2648,96087,biased,unbiased,1
A1_blue_rare,2649,96088,biased,unbiased,2
A1_blue_rare,2650,96089,biased,unbiased,1
A1_blue_rare,2751,96190,biased,unbiased,1
A1_blue_rare,2752,96191,biased,unbiased,1
A1_blue_rare,2753,96192,biased,unbiased,1
A1_blue_rare,2754,96193,biased,unbiased,1
A1_blue_rare,2755,96194,biased,unbiased,1
A1_blue_rare,2756,96195,biased,unbiased,1
A1_blue_rare,2757,96196,biased,unbiased,1
A1_blue_rare,2758,96197,biased,unbiased,1
A1_blue_rare,2759,96198,biased,unbiased,1
A1_blue_rare,2760,96199,biased,unbiased,1
A1_blue_rare,2761,96200,biased,unbiased,4
A1_blue_rare,2762,96201,biased,unbiased,1
A1_blue_rare,2763,96202,biased,unbiased,1
A1_blue_rare,2764,96203,biased,unbiased,1
A1_blue_rare,2765,96204,biased,unbiased,1
A1_blue_rare,2766,96205,biased,unbiased,1
A1_blue_rare,2767,96206,biased,unbiased,1
A1_blue_rare,2768,96207,biased,unbiased,1
A1_blue_rare,2769,96208,biased,unbiased,1
A1_blue_rare,2770,96209,biased,unbiased,1
A1_blue_rare,2771,96210,biased,unbiased,1
A1_blue_rare,2772,96211,biased,unbiased,1
A1_blue_rare,2773,96212,biased,unbiased,1
A1_blue_rare,2774,96213,biased,unbiased,1
A1_blue_rare,2775,96214,biased,unbiased,1
A1_blue_rare,2776,96215,biased,unbiased,1
A1_blue_rare,2777,96216,biased,unbiased,1
A1_blue_rare,2778,96217,biased,unbiased,1
A1_blue_rare,2779,96218,biased,unbiased,1
A1_blue_rare,2780,96219,biased,unbiased,1
A1_blue_rare,2781,96220,biased,unbiased,1
A1_blue_rare,2782,96221,biased,unbiased,1
A1_blue_rare,2783,96222,biased,unbiased,1
A1_blue_rare,2784,96223,biased,unbiased,2
A1_blue_rare,2785,96224,biased,unbiased,2
A1_blue_rare,2786,96225,biased,unbiased,6
A1_blue_rare,2787,96226,biased,unbiased,1
A1_blue_rare,2788,96227,biased,unbiased,1
A1_blue_rare,2789,96228,biased,unbiased,1
A1_blue_rare,2790,96229,biased,unbiased,1
A1_blue_rare,2791,96230,biased,unbiased,1
A1_blue_rare,2792,96231,biased,unbiased,2
A1_blue_rare,2793,96232,biased,unbiased,1
A1_blue_rare,2794,96233,biased,unbiased,1
A1_blue_rare,2795,96234,biased,unbiased,2
A1_blue_rare,2796,96235,biased,unbiased,1
A1_blue_rare,2797,96236,biased,unbiased,1
A1_blue_rare,2798,96237,biased,unbiased,1
A1_blue_rare,2799,96238,biased,unbiased,1
A1_blue_rare,2800,96239,biased,unbiased,1
A1_blue_rare,2551,95990,biased,unbiased,1
A1_blue_rare,2552,95991,biased,unbiased,1
A1_blue_rare,2553,95992,biased,unbiased,1
A1_blue_rare,2554,95993,biased,unbiased,1
A1_blue_rare,2555,95994,biased,unbiased,1
A1_blue_rare,2556,95995,biased,unbiased,1
A1_blue_rare,2557,95996,biased,unbiased,1
A1_blue_rare,2558,95997,biased,unbiased,1
A1_blue_rare,2559,95998,biased,unbiased,1
A1_blue_rare,2560,95999,biased,unbiased,1
A1_blue_rare,2561,96000,biased,unbiased,11
A1_blue_rare,2562,96001,biased,unbiased,1
A1_blue_rare,2563,96002,biased,unbiased,1
A1_blue_rare,2564,96003,biased,unbiased,3
A1_blue_rare,2565,96004,biased,unbiased,1
A1_blue_rare,2566,96005,biased,unbiased,1
A1_blue_rare,2567,96006,biased,unbiased,1
A1_blue_rare,2568,96007,biased,unbiased,1
A1_blue_rare,2569,96008,biased,unbiased,2
A1_blue_rare,2570,96009,biased,unbiased,1
A1_blue_rare,2571,96010,biased,unbiased,2
A1_blue_rare,2572,96011,biased,unbiased,1
A1_blue_rare,2573,96012,biased,unbiased,1
A1_blue_rare,2574,96013,biased,unbiased,2
A1_blue_rare,2575,96014,biased,unbiased,3
A1_blue_rare,2576,96015,biased,unbiased,1
A1_blue_rare,2577,96016,biased,unbiased,1
A1_blue_rare,2578,96017,biased,unbiased,1
A1_blue_rare,2579,96018,biased,unbiased,1
A1_blue_rare,2580,96019,biased,unbiased,1
A1_blue_rare,2581,96020,biased,unbiased,1
A1_blue_rare,2582,96021,biased,biased,15
A1_blue_rare,2583,96022,biased,unbiased,1
A1_blue_rare,2584,96023,biased,unbiased,2
A1_blue_rare,2585,96024,biased,unbiased,1
A1_blue_rare,2586,96025,biased,unbiased,1
A1_blue_rare,2587,96026,biased,unbiased,1
A1_blue_rare,2588,96027,biased,unbiased,1
A1_blue_rare,2589,96028,biased,unbiased,1
A1_blue_rare,2590,96029,biased,unbiased,1
A1_blue_rare,2591,96030,biased,unbiased,1
A1_blue_rare,2592,96031,biased,unbiased,1
A1_blue_rare,2593,96032,biased,unbiased,1
A1_blue_rare,2594,96033,biased,unbiased,1
A1_blue_rare,2595,96034,biased,unbiased,5
A1_blue_rare,2596,96035,biased,unbiased,2
A1_blue_rare,2597,96036,biased,unbiased,1
A1_blue_rare,2598,96037,biased,unbiased,1
A1_blue_rare,2599,96038,biased,unbiased,1
A1_blue_rare,2600,96039,biased,unbiased,1
A1_blue_rare,2451,95890,biased,unbiased,2
A1_blue_rare,2452,95891,biased,unbiased,1
A1_blue_rare,2453,95892,biased,unbiased,1
A1_blue_rare,2454,95893,biased,unbiased,1
A1_blue_rare,2455,95894,biased,unbiased,1
A1_blue_rare,2456,95895,biased,unbiased,2
A1_blue_rare,2457,95896,biased,unbiased,1
A1_blue_rare,2458,95897,biased,unbiased,1
A1_blue_rare,2459,95898,biased,unbiased,1
A1_blue_rare,2460,95899,biased,unbiased,1
A1_blue_rare,2461,95900,biased,unbiased,1
A1_blue_rare,2462,95901,biased,unbiased,1
A1_blue_rare,2463,95902,biased,unbiased,1
A1_blue_rare,2464,95903,biased,unbiased,1
A1_blue_rare,2465,95904,biased,unbiased,7
A1_blue_rare,2466,95905,biased,unbiased,1
A1_blue_rare,2467,95906,biased,unbiased,1
A1_blue_rare,2468,95907,biased,unbiased,1
A1_blue_rare,2469,95908,biased,unbiased,1
A1_blue_rare,2470,95909,biased,unbiased,1
A1_blue_rare,2471,95910,biased,unbiased,1
A1_blue_rare,2472,95911,biased,unbiased,1
A1_blue_rare,2473,95912,biased,unbiased,1
A1_blue_rare,2474,95913,biased,unbiased,1
A1_blue_rare,2475,95914,biased,unbiased,14
A1_blue_rare,2476,95915,biased,unbiased,1
A1_blue_rare,2477,95916,biased,unbiased,4
A1_blue_rare,2478,95917,biased,unbiased,1
A1_blue_rare,2479,95918,biased,unbiased,1
A1_blue_rare,2480,95919,biased,unbiased,1
A1_blue_rare,2481,95920,biased,unbiased,1
A1_blue_rare,2482,95921,biased,unbiased,1
A1_blue_rare,2483,95922,biased,unbiased,1
A1_blue_rare,2484,95923,biased,unbiased,1
A1_blue_rare,2485,95924,biased,biased,19
A1_blue_rare,2486,95925,biased,unbiased,3
A1_blue_rare,2487,95926,biased,unbiased,3
A1_blue_rare,2488,95927,biased,unbiased,1
A1_blue_rare,2489,95928,biased,unbiased,2
A1_blue_rare,2490,95929,biased,unbiased,1
A1_blue_rare,2491,95930,biased,unbiased,1
A1_blue_rare,2492,95931,biased,unbiased,1
A1_blue_rare,2493,95932,biased,unbiased,1
A1_blue_rare,2494,95933,biased,unbiased,1
A1_blue_rare,2495,95934,biased,unbiased,1
A1_blue_rare,2496,95935,biased,unbiased,2
A1_blue_rare,2497,95936,biased,unbiased,2
A1_blue_rare,2498,95937,biased,unbiased,1
A1_blue_rare,2499,95938,biased,unbiased,1
A1_blue_rare,2500,95939,biased,unbiased,1
A1_blue_rare,2651,96090,biased,unbiased,1
A1_blue_rare,2652,96091,biased,unbiased,1
A1_blue_rare,2653,96092,biased,unbiased,1
A1_blue_rare,2654,96093,biased,unbiased,1
A1_blue_rare,2655,96094,biased,unbiased,1
A1_blue_rare,2656,96095,biased,unbiased,1
A1_blue_rare,2657,96096,biased,unbiased,1
A1_blue_rare,2658,96097,biased,unbiased,1
A1_blue_rare,2659,96098,biased,unbiased,1
A1_blue_rare,2660,96099,biased,unbiased,1
A1_blue_rare,2661,96100,biased,unbiased,3
A1_blue_rare,2662,96101,biased,unbiased,1
A1_blue_rare,2663,96102,biased,unbiased,1
A1_blue_rare,2664,96103,biased,unbiased,1
A1_blue_rare,2665,96104,biased,unbiased,1
A1_blue_rare,2666,96105,biased,unbiased,1
A1_blue_rare,2667,96106,biased,unbiased,1
A1_blue_rare,2668,96107,biased,unbiased,1
A1_blue_rare,2669,96108,biased,unbiased,1
A1_blue_rare,2670,96109,biased,unbiased,1
A1_blue_rare,2671,96110,biased,unbiased,3
A1_blue_rare,2672,96111,biased,unbiased,1
A1_blue_rare,2673,96112,biased,unbiased,1
A1_blue_rare,2674,96113,biased,unbiased,2
A1_blue_rare,2675,96114,biased,unbiased,1
A1_blue_rare,2676,96115,biased,unbiased,3
A1_blue_rare,2677,96116,biased,unbiased,1
A1_blue_rare,2678,96117,biased,unbiased,1
A1_blue_rare,2679,96118,biased,unbiased,1
A1_blue_rare,2680,96119,biased,unbiased,1
A1_blue_rare,2681,96120,biased,unbiased,1
A1_blue_rare,2682,96121,biased,biased,27
A1_blue_rare,2683,96122,biased,unbiased,1
A1_blue_rare,2684,96123,biased,unbiased,1
A1_blue_rare,2685,96124,biased,unbiased,6
A1_blue_rare,2686,96125,biased,unbiased,1
A1_blue_rare,2687,96126,biased,unbiased,1
A1_blue_rare,2688,96127,biased,unbiased,1
A1_blue_rare,2689,96128,biased,unbiased,1
A1_blue_rare,2690,96129,biased,unbiased,1
A1_blue_rare,2691,96130,biased,unbiased,2
A1_blue_rare,2692,96131,biased,unbiased,2
A1_blue_rare,2693,96132,biased,unbiased,1
A1_blue_rare,2694,96133,biased,unbiased,1
A1_blue_rare,2695,96134,biased,unbiased,1
A1_blue_rare,2696,96135,biased,unbiased,2
A1_blue_rare,2697,96136,biased,unbiased,1
A1_blue_rare,2698,96137,biased,unbiased,1
A1_blue_rare,2699,96138,biased,unbiased,1
A1_blue_rare,2700,96139,biased,unbiased,1
A1_blue_rare,2801,96240,biased,unbiased,1
A1_blue_rare,2802,96241,biased,unbiased,1
A1_blue_rare,2803,96242,biased,unbiased,1
A1_blue_rare,2804,96243,biased,unbiased,1
A1_blue_rare,2805,96244,biased,unbiased,1
A1_blue_rare,2806,96245,biased,unbiased,1
A1_blue_rare,2807,96246,biased,unbiased,1
A1_blue_rare,2808,96247,biased,unbiased,1
A1_blue_rare,2809,96248,biased,unbiased,1
A1_blue_rare,2810,96249,biased,unbiased,1
A1_blue_rare,2811,96250,biased,unbiased,1
A1_blue_rare,2812,96251,biased,unbiased,1
A1_blue_rare,2813,96252,biased,unbiased,2
A1_blue_rare,2814,96253,biased,unbiased,1
A1_blue_rare,2815,96254,biased,unbiased,2
A1_blue_rare,2816,96255,biased,unbiased,1
A1_blue_rare,2817,96256,biased,unbiased,2
A1_blue_rare,2818,96257,biased,unbiased,2
A1_blue_rare,2819,96258,biased,unbiased,2
A1_blue_rare,2820,96259,biased,unbiased,1
A1_blue_rare,2821,96260,biased,unbiased,2
A1_blue_rare,2822,96261,biased,unbiased,2
A1_blue_rare,2823,96262,biased,unbiased,1
A1_blue_rare,2824,96263,biased,unbiased,1
A1_blue_rare,2825,96264,biased,unbiased,1
A1_blue_rare,2826,96265,biased,unbiased,1
A1_blue_rare,2827,96266,biased,unbiased,4
A1_blue_rare,2828,96267,biased,unbiased,1
A1_blue_rare,2829,96268,biased,unbiased,1
A1_blue_rare,2830,96269,biased,unbiased,1
A1_blue_rare,2831,96270,biased,unbiased,1
A1_blue_rare,2832,96271,biased,unbiased,1
A1_blue_rare,2833,96272,biased,unbiased,1
A1_blue_rare,2834,96273,biased,unbiased,1
A1_blue_rare,2835,96274,biased,unbiased,1
A1_blue_rare,2836,96275,biased,unbiased,1
A1_blue_rare,2837,96276,biased,unbiased,5
A1_blue_rare,2838,96277,biased,unbiased,1
A1_blue_rare,2839,96278,biased,unbiased,1
A1_blue_rare,2840,96279,biased,unbiased,1
A1_blue_rare,2841,96280,biased,unbiased,1
A1_blue_rare,2842,96281,biased,unbiased,1
A1_blue_rare,2843,96282,biased,unbiased,3
A1_blue_rare,2844,96283,biased,unbiased,1
A1_blue_rare,2845,96284,biased,unbiased,1
A1_blue_rare,2846,96285,biased,unbiased,1
A1_blue_rare,2847,96286,biased,unbiased,2
A1_blue_rare,2848,96287,biased,unbiased,2
A1_blue_rare,2849,96288,biased,unbiased,1
A1_blue_rare,2850,96289,biased,unbiased,1
A1_blue_rare,2201,95640,biased,unbiased,1
A1_blue_rare,2202,95641,biased,unbiased,1
A1_blue_rare,2203,95642,biased,unbiased,1
A1_blue_rare,2204,95643,biased,unbiased,1
A1_blue_rare,2205,95644,biased,unbiased,1
A1_blue_rare,2206,95645,biased,unbiased,1
A1_blue_rare,2207,95646,biased,unbiased,1
A1_blue_rare,2208,95647,biased,unbiased,1
A1_blue_rare,2209,95648,biased,unbiased,1
A1_blue_rare,2210,95649,biased,unbiased,1
A1_blue_rare,2211,95650,biased,unbiased,1
A1_blue_rare,2212,95651,biased,unbiased,2
A1_blue_rare,2213,95652,biased,unbiased,1
A1_blue_rare,2214,95653,biased,unbiased,1
A1_blue_rare,2215,95654,biased,unbiased,1
A1_blue_rare,2216,95655,biased,unbiased,1
A1_blue_rare,2217,95656,biased,unbiased,1
A1_blue_rare,2218,95657,biased,unbiased,3
A1_blue_rare,2219,95658,biased,unbiased,1
A1_blue_rare,2220,95659,biased,unbiased,1
A1_blue_rare,2221,95660,biased,unbiased,1
A1_blue_rare,2222,95661,biased,unbiased,1
A1_blue_rare,2223,95662,biased,unbiased,1
A1_blue_rare,2224,95663,biased,unbiased,1
A1_blue_rare,2225,95664,biased,unbiased,1
A1_blue_rare,2226,95665,biased,unbiased,2
A1_blue_rare,2227,95666,biased,unbiased,1
A1_blue_rare,2228,95667,biased,unbiased,1
A1_blue_rare,2229,95668,biased,unbiased,1
A1_blue_rare,2230,95669,biased,unbiased,1
A1_blue_rare,2231,95670,biased,unbiased,1
A1_blue_rare,2232,95671,biased,unbiased,1
A1_blue_rare,2233,95672,biased,unbiased,1
A1_blue_rare,2234,95673,biased,unbiased,1
A1_blue_rare,2235,95674,biased,biased,51
A1_blue_rare,2236,95675,biased,unbiased,1
A1_blue_rare,2237,95676,biased,unbiased,1
A1_blue_rare,2238,95677,biased,unbiased,1
A1_blue_rare,2239,95678,biased,biased,53
A1_blue_rare,2240,95679,biased,unbiased,1
A1_blue_rare,2241,95680,biased,unbiased,2
A1_blue_rare,2242,95681,biased,unbiased,4
A1_blue_rare,2243,95682,biased,unbiased,1
A1_blue_rare,2244,95683,biased,unbiased,1
A1_blue_rare,2245,95684,biased,unbiased,1
A1_blue_rare,2246,95685,biased,unbiased,4
A1_blue_rare,2247,95686,biased,unbiased,1
A1_blue_rare,2248,95687,biased,unbiased,4
A1_blue_rare,2249,95688,biased,unbiased,7
A1_blue_rare,2250,95689,biased,unbiased,1
A1_blue_rare,2901,96340,biased,unbiased,1
A1_blue_rare,2902,96341,biased,unbiased,3
A1_blue_rare,2903,96342,biased,unbiased,5
A1_blue_rare,2904,96343,biased,unbiased,1
A1_blue_rare,2905,96344,biased,unbiased,1
A1_blue_rare,2906,96345,biased,unbiased,1
A1_blue_rare,2907,96346,biased,unbiased,1
A1_blue_rare,2908,96347,biased,unbiased,1
A1_blue_rare,2909,96348,biased,unbiased,1
A1_blue_rare,2910,96349,biased,unbiased,2
A1_blue_rare,2911,96350,biased,unbiased,1
A1_blue_rare,2912,96351,biased,unbiased,1
A1_blue_rare,2913,96352,biased,unbiased,1
A1_blue_rare,2914,96353,biased,unbiased,1
A1_blue_rare,2915,96354,biased,unbiased,1
A1_blue_rare,2916,96355,biased,unbiased,1
A1_blue_rare,2917,96356,biased,unbiased,1
A1_blue_rare,2918,96357,biased,unbiased,1
A1_blue_rare,2919,96358,biased,unbiased,1
A1_blue_rare,2920,96359,biased,unbiased,3
A1_blue_rare,2921,96360,biased,unbiased,1
A1_blue_rare,2922,96361,biased,unbiased,7
A1_blue_rare,2923,96362,biased,unbiased,1
A1_blue_rare,2924,96363,biased,unbiased,2
A1_blue_rare,2925,96364,biased,unbiased,1
A1_blue_rare,2926,96365,biased,unbiased,1
A1_blue_rare,2927,96366,biased,unbiased,1
A1_blue_rare,2928,96367,biased,unbiased,5
A1_blue_rare,2929,96368,biased,unbiased,1
A1_blue_rare,2930,96369,biased,unbiased,1
A1_blue_rare,2931,96370,biased,unbiased,1
A1_blue_rare,2932,96371,biased,unbiased,1
A1_blue_rare,2933,96372,biased,unbiased,2
A1_blue_rare,2934,96373,biased,unbiased,1
A1_blue_rare,2935,96374,biased,unbiased,6
A1_blue_rare,2936,96375,biased,unbiased,1
A1_blue_rare,2937,96376,biased,unbiased,1
A1_blue_rare,2938,96377,biased,unbiased,1
A1_blue_rare,2939,96378,biased,unbiased,1
A1_blue_rare,2940,96379,biased,unbiased,1
A1_blue_rare,2941,96380,biased,unbiased,1
A1_blue_rare,2942,96381,biased,unbiased,1
A1_blue_rare,2943,96382,biased,unbiased,1
A1_blue_rare,2944,96383,biased,unbiased,1
A1_blue_rare,2945,96384,biased,unbiased,1
A1_blue_rare,2946,96385,biased,unbiased,1
A1_blue_rare,2947,96386,biased,unbiased,2
A1_blue_rare,2948,96387,biased,unbiased,2
A1_blue_rare,2949,96388,biased,unbiased,1
A1_blue_rare,2950,96389,biased,unbiased,1
A1_blue_rare,2951,96390,biased,unbiased,1
A1_blue_rare,2952,96391,biased,unbiased,1
A1_blue_rare,2953,96392,biased,unbiased,1
A1_blue_rare,2954,96393,biased,unbiased,2
A1_blue_rare,2955,96394,biased,unbiased,1
A1_blue_rare,2956,96395,biased,unbiased,1
A1_blue_rare,2957,96396,biased,unbiased,1
A1_blue_rare,2958,96397,biased,unbiased,3
A1_blue_rare,2959,96398,biased,unbiased,1
A1_blue_rare,2960,96399,biased,unbiased,1
A1_blue_rare,2961,96400,biased,unbiased,1
A1_blue_rare,2962,96401,biased,unbiased,1
A1_blue_rare,2963,96402,biased,unbiased,3
A1_blue_rare,2964,96403,biased,unbiased,1
A1_blue_rare,2965,96404,biased,unbiased,1
A1_blue_rare,2966,96405,biased,unbiased,3
A1_blue_rare,2967,96406,biased,unbiased,1
A1_blue_rare,2968,96407,biased,unbiased,1
A1_blue_rare,2969,96408,biased,unbiased,1
A1_blue_rare,2970,96409,biased,unbiased,1
A1_blue_rare,2971,96410,biased,unbiased,1
A1_blue_rare,2972,96411,biased,unbiased,1
A1_blue_rare,2973,96412,biased,unbiased,1
A1_blue_rare,2974,96413,biased,unbiased,1
A1_blue_rare,2975,96414,biased,unbiased,2
A1_blue_rare,2976,96415,biased,unbiased,1
A1_blue_rare,2977,96416,biased,unbiased,1
A1_blue_rare,2978,96417,biased,unbiased,1
A1_blue_rare,2979,96418,biased,unbiased,1
A1_blue_rare,2980,96419,biased,unbiased,2
A1_blue_rare,2981,96420,biased,unbiased,1
A1_blue_rare,2982,96421,biased,unbiased,2
A1_blue_rare,2983,96422,biased,unbiased,5
A1_blue_rare,2984,96423,biased,unbiased,1
A1_blue_rare,2985,96424,biased,unbiased,1
A1_blue_rare,2986,96425,biased,unbiased,1
A1_blue_rare,2987,96426,biased,unbiased,3
A1_blue_rare,2988,96427,biased,unbiased,1
A1_blue_rare,2989,96428,biased,unbiased,1
A1_blue_rare,2990,96429,biased,unbiased,1
A1_blue_rare,2991,96430,biased,unbiased,1
A1_blue_rare,2992,96431,biased,unbiased,2
A1_blue_rare,2993,96432,biased,unbiased,1
A1_blue_rare,2994,96433,biased,unbiased,2
A1_blue_rare,2995,96434,biased,unbiased,1
A1_blue_rare,2996,96435,biased,unbiased,1
A1_blue_rare,2997,96436,biased,unbiased,1
A1_blue_rare,2998,96437,biased,unbiased,1
A1_blue_rare,2999,96438,biased,unbiased,1
A1_blue_rare,3000,96439,biased,unbiased,2
A1_blue_rare,2851,96290,biased,unbiased,1
A1_blue_rare,2852,96291,biased,unbiased,1
A1_blue_rare,2853,96292,biased,unbiased,1
A1_blue_rare,2854,96293,biased,unbiased,1
A1_blue_rare,2855,96294,biased,unbiased,1
A1_blue_rare,2856,96295,biased,unbiased,1
A1_blue_rare,2857,96296,biased,unbiased,1
A1_blue_rare,2858,96297,biased,unbiased,1
A1_blue_rare,2859,96298,biased,unbiased,1
A1_blue_rare,2860,96299,biased,unbiased,1
A1_blue_rare,2861,96300,biased,unbiased,1
A1_blue_rare,2862,96301,biased,unbiased,2
A1_blue_rare,2863,96302,biased,unbiased,1
A1_blue_rare,2864,96303,biased,unbiased,1
A1_blue_rare,2865,96304,biased,unbiased,1
A1_blue_rare,2866,96305,biased,unbiased,1
A1_blue_rare,2867,96306,biased,unbiased,1
A1_blue_rare,2868,96307,biased,unbiased,5
A1_blue_rare,2869,96308,biased,unbiased,1
A1_blue_rare,2870,96309,biased,unbiased,4
A1_blue_rare,2871,96310,biased,unbiased,4
A1_blue_rare,2872,96311,biased,unbiased,1
A1_blue_rare,2873,96312,biased,unbiased,1
A1_blue_rare,2874,96313,biased,unbiased,1
A1_blue_rare,2875,96314,biased,unbiased,1
A1_blue_rare,2876,96315,biased,unbiased,1
A1_blue_rare,2877,96316,biased,unbiased,3
A1_blue_rare,2878,96317,biased,unbiased,1
A1_blue_rare,2879,96318,biased,unbiased,3
A1_blue_rare,2880,96319,biased,unbiased,1
A1_blue_rare,2881,96320,biased,unbiased,7
A1_blue_rare,2882,96321,biased,unbiased,1
A1_blue_rare,2883,96322,biased,unbiased,1
A1_blue_rare,2884,96323,biased,unbiased,2
A1_blue_rare,2885,96324,biased,unbiased,1
A1_blue_rare,2886,96325,biased,unbiased,1
A1_blue_rare,2887,96326,biased,unbiased,1
A1_blue_rare,2888,96327,biased,unbiased,1
A1_blue_rare,2889,96328,biased,unbiased,7
A1_blue_rare,2890,96329,biased,unbiased,1
A1_blue_rare,2891,96330,biased,unbiased,4
A1_blue_rare,2892,96331,biased,unbiased,1
A1_blue_rare,2893,96332,biased,biased,25
A1_blue_rare,2894,96333,biased,unbiased,1
A1_blue_rare,2895,96334,biased,unbiased,1
A1_blue_rare,2896,96335,biased,unbiased,1
A1_blue_rare,2897,96336,biased,unbiased,1
A1_blue_rare,2898,96337,biased,unbiased,1
A1_blue_rare,2899,96338,biased,unbiased,1
A1_blue_rare,2900,96339,biased,unbiased,1
A1_blue_rare,2701,96140,biased,unbiased,1
A1_blue_rare,2702,96141,biased,unbiased,1
A1_blue_rare,2703,96142,biased,unbiased,1
A1_blue_rare,2704,96143,biased,unbiased,1
A1_blue_rare,2705,96144,biased,unbiased,1
A1_blue_rare,2706,96145,biased,unbiased,1
A1_blue_rare,2707,96146,biased,unbiased,1
A1_blue_rare,2708,96147,biased,unbiased,3
A1_blue_rare,2709,96148,biased,unbiased,1
A1_blue_rare,2710,96149,biased,unbiased,1
A1_blue_rare,2711,96150,biased,biased,36
A1_blue_rare,2712,96151,biased,unbiased,1
A1_blue_rare,2713,96152,biased,unbiased,1
A1_blue_rare,2714,96153,biased,unbiased,1
A1_blue_rare,2715,96154,biased,unbiased,2
A1_blue_rare,2716,96155,biased,unbiased,1
A1_blue_rare,2717,96156,biased,unbiased,1
A1_blue_rare,2718,96157,biased,unbiased,1
A1_blue_rare,2719,96158,biased,unbiased,1
A1_blue_rare,2720,96159,biased,unbiased,1
A1_blue_rare,2721,96160,biased,unbiased,1
A1_blue_rare,2722,96161,biased,unbiased,1
A1_blue_rare,2723,96162,biased,unbiased,1
A1_blue_rare,2724,96163,biased,unbiased,4
A1_blue_rare,2725,96164,biased,unbiased,3
A1_blue_rare,2726,96165,biased,biased,25
A1_blue_rare,2727,96166,biased,unbiased,1
A1_blue_rare,2728,96167,biased,unbiased,1
A1_blue_rare,2729,96168,biased,unbiased,2
A1_blue_rare,2730,96169,biased,unbiased,1
A1_blue_rare,2731,96170,biased,unbiased,1
A1_blue_rare,2732,96171,biased,unbiased,1
A1_blue_rare,2733,96172,biased,unbiased,1
A1_blue_rare,2734,96173,biased,unbiased,1
A1_blue_rare,2735,96174,biased,unbiased,2
A1_blue_rare,2736,96175,biased,unbiased,1
A1_blue_rare,2737,96176,biased,unbiased,1
A1_blue_rare,2738,96177,biased,unbiased,1
A1_blue_rare,2739,96178,biased,unbiased,1
A1_blue_rare,2740,96179,biased,unbiased,1
A1_blue_rare,2741,96180,biased,unbiased,1
A1_blue_rare,2742,96181,biased,unbiased,1
A1_blue_rare,2743,96182,biased,unbiased,2
A1_blue_rare,2744,96183,biased,unbiased,2
A1_blue_rare,2745,96184,biased,unbiased,1
A1_blue_rare,2746,96185,biased,unbiased,1
A1_blue_rare,2747,96186,biased,unbiased,2
A1_blue_rare,2748,96187,biased,unbiased,2
A1_blue_rare,2749,96188,biased,unbiased,1
A1_blue_rare,2750,96189,biased,unbiased,1
A1_blue_rare,3101,96540,biased,unbiased,1
A1_blue_rare,3102,96541,biased,unbiased,1
A1_blue_rare,3103,96542,biased,unbiased,1
A1_blue_rare,3104,96543,biased,unbiased,2
A1_blue_rare,3105,96544,biased,unbiased,1
A1_blue_rare,3106,96545,biased,unbiased,1
A1_blue_rare,3107,96546,biased,unbiased,1
A1_blue_rare,3108,96547,biased,unbiased,1
A1_blue_rare,3109,96548,biased,unbiased,3
A1_blue_rare,3110,96549,biased,unbiased,1
A1_blue_rare,3111,96550,biased,unbiased,1
A1_blue_rare,3112,96551,biased,unbiased,1
A1_blue_rare,3113,96552,biased,unbiased,2
A1_blue_rare,3114,96553,biased,unbiased,3
A1_blue_rare,3115,96554,biased,unbiased,1
A1_blue_rare,3116,96555,biased,unbiased,1
A1_blue_rare,3117,96556,biased,unbiased,2
A1_blue_rare,3118,96557,biased,unbiased,1
A1_blue_rare,3119,96558,biased,unbiased,1
A1_blue_rare,3120,96559,biased,unbiased,1
A1_blue_rare,3121,96560,biased,unbiased,1
A1_blue_rare,3122,96561,biased,unbiased,1
A1_blue_rare,3123,96562,biased,unbiased,1
A1_blue_rare,3124,96563,biased,unbiased,1
A1_blue_rare,3125,96564,biased,unbiased,1
A1_blue_rare,3126,96565,biased,unbiased,1
A1_blue_rare,3127,96566,biased,unbiased,1
A1_blue_rare,3128,96567,biased,unbiased,2
A1_blue_rare,3129,96568,biased,unbiased,4
A1_blue_rare,3130,96569,biased,unbiased,1
A1_blue_rare,3131,96570,biased,unbiased,1
A1_blue_rare,3132,96571,biased,unbiased,3
A1_blue_rare,3133,96572,biased,unbiased,2
A1_blue_rare,3134,96573,biased,unbiased,2
A1_blue_rare,3135,96574,biased,unbiased,1
A1_blue_rare,3136,96575,biased,unbiased,1
A1_blue_rare,3137,96576,biased,unbiased,1
A1_blue_rare,3138,96577,biased,unbiased,1
A1_blue_rare,3139,96578,biased,unbiased,1
A1_blue_rare,3140,96579,biased,unbiased,2
A1_blue_rare,3141,96580,biased,unbiased,1
A1_blue_rare,3142,96581,biased,unbiased,1
A1_blue_rare,3143,96582,biased,unbiased,2
A1_blue_rare,3144,96583,biased,unbiased,1
A1_blue_rare,3145,96584,biased,unbiased,1
A1_blue_rare,3146,96585,biased,unbiased,1
A1_blue_rare,3147,96586,biased,unbiased,1
A1_blue_rare,3148,96587,biased,unbiased,1
A1_blue_rare,3149,96588,biased,unbiased,3
A1_blue_rare,3150,96589,biased,unbiased,1
A1_blue_rare,3001,96440,biased,unbiased,1
A1_blue_rare,3002,96441,biased,unbiased,1
A1_blue_rare,3003,96442,biased,unbiased,1
A1_blue_rare,3004,96443,biased,unbiased,1
A1_blue_rare,3005,96444,biased,unbiased,1
A1_blue_rare,3006,96445,biased,biased,32
A1_blue_rare,3007,96446,biased,unbiased,1
A1_blue_rare,3008,96447,biased,unbiased,1
A1_blue_rare,3009,96448,biased,unbiased,1
A1_blue_rare,3010,96449,biased,unbiased,1
A1_blue_rare,3011,96450,biased,unbiased,3
A1_blue_rare,3012,96451,biased,unbiased,1
A1_blue_rare,3013,96452,biased,unbiased,1
A1_blue_rare,3014,96453,biased,unbiased,2
A1_blue_rare,3015,96454,biased,unbiased,1
A1_blue_rare,3016,96455,biased,unbiased,1
A1_blue_rare,3017,96456,biased,unbiased,1
A1_blue_rare,3018,96457,biased,unbiased,1
A1_blue_rare,3019,96458,biased,unbiased,2
A1_blue_rare,3020,96459,biased,unbiased,1
A1_blue_rare,3021,96460,biased,unbiased,1
A1_blue_rare,3022,96461,biased,unbiased,1
A1_blue_rare,3023,96462,biased,unbiased,1
A1_blue_rare,3024,96463,biased,unbiased,1
A1_blue_rare,3025,96464,biased,unbiased,1
A1_blue_rare,3026,96465,biased,unbiased,1
A1_blue_rare,3027,96466,biased,unbiased,4
A1_blue_rare,3028,96467,biased,unbiased,1
A1_blue_rare,3029,96468,biased,unbiased,1
A1_blue_rare,3030,96469,biased,unbiased,1
A1_blue_rare,3031,96470,biased,unbiased,1
A1_blue_rare,3032,96471,biased,unbiased,1
A1_blue_rare,3033,96472,biased,unbiased,1
A1_blue_rare,3034,96473,biased,unbiased,1
A1_blue_rare,3035,96474,biased,unbiased,1
A1_blue_rare,3036,96475,biased,unbiased,1
A1_blue_rare,3037,96476,biased,unbiased,1
A1_blue_rare,3038,96477,biased,unbiased,3
A1_blue_rare,3039,96478,biased,unbiased,2
A1_blue_rare,3040,96479,biased,unbiased,1
A1_blue_rare,3041,96480,biased,unbiased,1
A1_blue_rare,3042,96481,biased,unbiased,1
A1_blue_rare,3043,96482,biased,unbiased,1
A1_blue_rare,3044,96483,biased,unbiased,1
A1_blue_rare,3045,96484,biased,unbiased,5
A1_blue_rare,3046,96485,biased,unbiased,1
A1_blue_rare,3047,96486,biased,unbiased,1
A1_blue_rare,3048,96487,biased,unbiased,2
A1_blue_rare,3049,96488,biased,unbiased,1
A1_blue_rare,3050,96489,biased,unbiased,1
A1_blue_rare,3351,96790,biased,unbiased,1
A1_blue_rare,3352,96791,biased,unbiased,1
A1_blue_rare,3353,96792,biased,unbiased,1
A1_blue_rare,3354,96793,biased,unbiased,1
A1_blue_rare,3355,96794,biased,unbiased,2
A1_blue_rare,3356,96795,biased,unbiased,2
A1_blue_rare,3357,96796,biased,unbiased,2
A1_blue_rare,3358,96797,biased,unbiased,1
A1_blue_rare,3359,96798,biased,unbiased,1
A1_blue_rare,3360,96799,biased,unbiased,2
A1_blue_rare,3361,96800,biased,unbiased,1
A1_blue_rare,3362,96801,biased,unbiased,1
A1_blue_rare,3363,96802,biased,unbiased,2
A1_blue_rare,3364,96803,biased,unbiased,1
A1_blue_rare,3365,96804,biased,unbiased,1
A1_blue_rare,3366,96805,biased,unbiased,1
A1_blue_rare,3367,96806,biased,unbiased,2
A1_blue_rare,3368,96807,biased,unbiased,1
A1_blue_rare,3369,96808,biased,unbiased,1
A1_blue_rare,3370,96809,biased,unbiased,1
A1_blue_rare,3371,96810,biased,unbiased,1
A1_blue_rare,3372,96811,biased,unbiased,1
A1_blue_rare,3373,96812,biased,unbiased,2
A1_blue_rare,3374,96813,biased,unbiased,1
A1_blue_rare,3375,96814,biased,unbiased,1
A1_blue_rare,3376,96815,biased,unbiased,1
A1_blue_rare,3377,96816,biased,unbiased,2
A1_blue_rare,3378,96817,biased,unbiased,1
A1_blue_rare,3379,96818,biased,unbiased,1
A1_blue_rare,3380,96819,biased,unbiased,1
A1_blue_rare,3381,96820,biased,unbiased,1
A1_blue_rare,3382,96821,biased,unbiased,1
A1_blue_rare,3383,96822,biased,unbiased,3
A1_blue_rare,3384,96823,biased,unbiased,1
A1_blue_rare,3385,96824,biased,unbiased,1
A1_blue_rare,3386,96825,biased,unbiased,1
A1_blue_rare,3387,96826,biased,unbiased,1
A1_blue_rare,3388,96827,biased,unbiased,1
A1_blue_rare,3389,96828,biased,unbiased,3
A1_blue_rare,3390,96829,biased,unbiased,1
A1_blue_rare,3391,96830,biased,unbiased,2
A1_blue_rare,3392,96831,biased,unbiased,1
A1_blue_rare,3393,96832,biased,unbiased,1
A1_blue_rare,3394,96833,biased,unbiased,2
A1_blue_rare,3395,96834,biased,unbiased,1
A1_blue_rare,3396,96835,biased,unbiased,1
A1_blue_rare,3397,96836,biased,unbiased,2
A1_blue_rare,3398,96837,biased,unbiased,1
A1_blue_rare,3399,96838,biased,unbiased,1
A1_blue_rare,3400,96839,biased,unbiased,1
A1_blue_rare,3401,96840,biased,unbiased,2
A1_blue_rare,3402,96841,biased,unbiased,1
A1_blue_rare,3403,96842,biased,unbiased,1
A1_blue_rare,3404,96843,biased,unbiased,1
A1_blue_rare,3405,96844,biased,unbiased,1
A1_blue_rare,3406,96845,biased,unbiased,1
A1_blue_rare,3407,96846,biased,unbiased,1
A1_blue_rare,3408,96847,biased,unbiased,1
A1_blue_rare,3409,96848,biased,unbiased,2
A1_blue_rare,3410,96849,biased,unbiased,1
A1_blue_rare,3411,96850,biased,unbiased,1
A1_blue_rare,3412,96851,biased,unbiased,1
A1_blue_rare,3413,96852,biased,unbiased,1
A1_blue_rare,3414,96853,biased,unbiased,3
A1_blue_rare,3415,96854,biased,unbiased,1
A1_blue_rare,3416,96855,biased,unbiased,1
A1_blue_rare,3417,96856,biased,unbiased,1
A1_blue_rare,3418,96857,biased,unbiased,1
A1_blue_rare,3419,96858,biased,unbiased,2
A1_blue_rare,3420,96859,biased,unbiased,1
A1_blue_rare,3421,96860,biased,unbiased,2
A1_blue_rare,3422,96861,biased,unbiased,1
A1_blue_rare,3423,96862,biased,unbiased,1
A1_blue_rare,3424,96863,biased,unbiased,1
A1_blue_rare,3425,96864,biased,unbiased,1
A1_blue_rare,3426,96865,biased,unbiased,1
A1_blue_rare,3427,96866,biased,unbiased,2
A1_blue_rare,3428,96867,biased,unbiased,1
A1_blue_rare,3429,96868,biased,unbiased,4
A1_blue_rare,3430,96869,biased,unbiased,1
A1_blue_rare,3431,96870,biased,unbiased,7
A1_blue_rare,3432,96871,biased,unbiased,1
A1_blue_rare,3433,96872,biased,unbiased,1
A1_blue_rare,3434,96873,biased,unbiased,1
A1_blue_rare,3435,96874,biased,unbiased,1
A1_blue_rare,3436,96875,biased,unbiased,1
A1_blue_rare,3437,96876,biased,unbiased,1
A1_blue_rare,3438,96877,biased,unbiased,1
A1_blue_rare,3439,96878,biased,unbiased,1
A1_blue_rare,3440,96879,biased,unbiased,1
A1_blue_rare,3441,96880,biased,unbiased,1
A1_blue_rare,3442,96881,biased,unbiased,1
A1_blue_rare,3443,96882,biased,unbiased,1
A1_blue_rare,3444,96883,biased,unbiased,1
A1_blue_rare,3445,96884,biased,unbiased,1
A1_blue_rare,3446,96885,biased,unbiased,1
A1_blue_rare,3447,96886,biased,unbiased,1
A1_blue_rare,3448,96887,biased,unbiased,1
A1_blue_rare,3449,96888,biased,unbiased,1
A1_blue_rare,3450,96889,biased,unbiased,5
A1_blue_rare,3151,96590,biased,unbiased,1
A1_blue_rare,3152,96591,biased,unbiased,1
A1_blue_rare,3153,96592,biased,unbiased,1
A1_blue_rare,3154,96593,biased,unbiased,1
A1_blue_rare,3155,96594,biased,unbiased,1
A1_blue_rare,3156,96595,biased,unbiased,2
A1_blue_rare,3157,96596,biased,unbiased,1
A1_blue_rare,3158,96597,biased,unbiased,1
A1_blue_rare,3159,96598,biased,unbiased,1
A1_blue_rare,3160,96599,biased,unbiased,2
A1_blue_rare,3161,96600,biased,unbiased,1
A1_blue_rare,3162,96601,biased,unbiased,1
A1_blue_rare,3163,96602,biased,unbiased,1
A1_blue_rare,3164,96603,biased,unbiased,2
A1_blue_rare,3165,96604,biased,unbiased,1
A1_blue_rare,3166,96605,biased,unbiased,1
A1_blue_rare,3167,96606,biased,unbiased,1
A1_blue_rare,3168,96607,biased,unbiased,1
A1_blue_rare,3169,96608,biased,unbiased,2
A1_blue_rare,3170,96609,biased,unbiased,1
A1_blue_rare,3171,96610,biased,unbiased,2
A1_blue_rare,3172,96611,biased,unbiased,1
A1_blue_rare,3173,96612,biased,unbiased,1
A1_blue_rare,3174,96613,biased,unbiased,2
A1_blue_rare,3175,96614,biased,unbiased,5
A1_blue_rare,3176,96615,biased,biased,29
A1_blue_rare,3177,96616,biased,unbiased,1
A1_blue_rare,3178,96617,biased,unbiased,2
A1_blue_rare,3179,96618,biased,unbiased,3
A1_blue_rare,3180,96619,biased,unbiased,1
A1_blue_rare,3181,96620,biased,unbiased,1
A1_blue_rare,3182,96621,biased,unbiased,1
A1_blue_rare,3183,96622,biased,unbiased,2
A1_blue_rare,3184,96623,biased,unbiased,1
A1_blue_rare,3185,96624,biased,unbiased,1
A1_blue_rare,3186,96625,biased,unbiased,2
A1_blue_rare,3187,96626,biased,unbiased,1
A1_blue_rare,3188,96627,biased,unbiased,1
A1_blue_rare,3189,96628,biased,unbiased,2
A1_blue_rare,3190,96629,biased,unbiased,3
A1_blue_rare,3191,96630,biased,unbiased,1
A1_blue_rare,3192,96631,biased,unbiased,1
A1_blue_rare,3193,96632,biased,unbiased,3
A1_blue_rare,3194,96633,biased,unbiased,1
A1_blue_rare,3195,96634,biased,unbiased,1
A1_blue_rare,3196,96635,biased,unbiased,1
A1_blue_rare,3197,96636,biased,unbiased,1
A1_blue_rare,3198,96637,biased,unbiased,1
A1_blue_rare,3199,96638,biased,unbiased,1
A1_blue_rare,3200,96639,biased,unbiased,1
A1_blue_rare,3251,96690,biased,unbiased,1
A1_blue_rare,3252,96691,biased,unbiased,1
A1_blue_rare,3253,96692,biased,unbiased,1
A1_blue_rare,3254,96693,biased,unbiased,1
A1_blue_rare,3255,96694,biased,unbiased,1
A1_blue_rare,3256,96695,biased,unbiased,1
A1_blue_rare,3257,96696,biased,unbiased,3
A1_blue_rare,3258,96697,biased,unbiased,1
A1_blue_rare,3259,96698,biased,unbiased,1
A1_blue_rare,3260,96699,biased,unbiased,3
A1_blue_rare,3261,96700,biased,unbiased,1
A1_blue_rare,3262,96701,biased,unbiased,1
A1_blue_rare,3263,96702,biased,unbiased,1
A1_blue_rare,3264,96703,biased,unbiased,1
A1_blue_rare,3265,96704,biased,unbiased,1
A1_blue_rare,3266,96705,biased,unbiased,1
A1_blue_rare,3267,96706,biased,unbiased,1
A1_blue_rare,3268,96707,biased,unbiased,1
A1_blue_rare,3269,96708,biased,biased,20
A1_blue_rare,3270,96709,biased,unbiased,4
A1_blue_rare,3271,96710,biased,unbiased,1
A1_blue_rare,3272,96711,biased,unbiased,1
A1_blue_rare,3273,96712,biased,unbiased,1
A1_blue_rare,3274,96713,biased,unbiased,1
A1_blue_rare,3275,96714,biased,unbiased,1
A1_blue_rare,3276,96715,biased,unbiased,1
A1_blue_rare,3277,96716,biased,unbiased,1
A1_blue_rare,3278,96717,biased,unbiased,1
A1_blue_rare,3279,96718,biased,unbiased,3
A1_blue_rare,3280,96719,biased,unbiased,1
A1_blue_rare,3281,96720,biased,unbiased,1
A1_blue_rare,3282,96721,biased,unbiased,1
A1_blue_rare,3283,96722,biased,unbiased,1
A1_blue_rare,3284,96723,biased,unbiased,1
A1_blue_rare,3285,96724,biased,unbiased,2
A1_blue_rare,3286,96725,biased,biased,14
A1_blue_rare,3287,96726,biased,unbiased,1
A1_blue_rare,3288,96727,biased,unbiased,1
A1_blue_rare,3289,96728,biased,unbiased,1
A1_blue_rare,3290,96729,biased,unbiased,1
A1_blue_rare,3291,96730,biased,unbiased,1
A1_blue_rare,3292,96731,biased,unbiased,1
A1_blue_rare,3293,96732,biased,unbiased,1
A1_blue_rare,3294,96733,biased,unbiased,1
A1_blue_rare,3295,96734,biased,unbiased,1
A1_blue_rare,3296,96735,biased,unbiased,1
A1_blue_rare,3297,96736,biased,unbiased,1
A1_blue_rare,3298,96737,biased,unbiased,2
A1_blue_rare,3299,96738,biased,unbiased,1
A1_blue_rare,3300,96739,biased,unbiased,1
A1_blue_rare,3201,96640,biased,unbiased,1
A1_blue_rare,3202,96641,biased,unbiased,1
A1_blue_rare,3203,96642,biased,unbiased,1
A1_blue_rare,3204,96643,biased,unbiased,1
A1_blue_rare,3205,96644,biased,unbiased,1
A1_blue_rare,3206,96645,biased,unbiased,1
A1_blue_rare,3207,96646,biased,unbiased,1
A1_blue_rare,3208,96647,biased,unbiased,1
A1_blue_rare,3209,96648,biased,unbiased,1
A1_blue_rare,3210,96649,biased,unbiased,1
A1_blue_rare,3211,96650,biased,unbiased,1
A1_blue_rare,3212,96651,biased,unbiased,1
A1_blue_rare,3213,96652,biased,unbiased,1
A1_blue_rare,3214,96653,biased,unbiased,2
A1_blue_rare,3215,96654,biased,unbiased,1
A1_blue_rare,3216,96655,biased,unbiased,1
A1_blue_rare,3217,96656,biased,unbiased,1
A1_blue_rare,3218,96657,biased,unbiased,5
A1_blue_rare,3219,96658,biased,unbiased,1
A1_blue_rare,3220,96659,biased,unbiased,1
A1_blue_rare,3221,96660,biased,unbiased,1
A1_blue_rare,3222,96661,biased,unbiased,1
A1_blue_rare,3223,96662,biased,unbiased,1
A1_blue_rare,3224,96663,biased,unbiased,1
A1_blue_rare,3225,96664,biased,unbiased,1
A1_blue_rare,3226,96665,biased,unbiased,1
A1_blue_rare,3227,96666,biased,unbiased,1
A1_blue_rare,3228,96667,biased,unbiased,1
A1_blue_rare,3229,96668,biased,unbiased,2
A1_blue_rare,3230,96669,biased,unbiased,1
A1_blue_rare,3231,96670,biased,biased,29
A1_blue_rare,3232,96671,biased,unbiased,1
A1_blue_rare,3233,96672,biased,unbiased,2
A1_blue_rare,3234,96673,biased,unbiased,1
A1_blue_rare,3235,96674,biased,unbiased,1
A1_blue_rare,3236,96675,biased,unbiased,1
A1_blue_rare,3237,96676,biased,unbiased,1
A1_blue_rare,3238,96677,biased,unbiased,1
A1_blue_rare,3239,96678,biased,unbiased,1
A1_blue_rare,3240,96679,biased,unbiased,1
A1_blue_rare,3241,96680,biased,biased,18
A1_blue_rare,3242,96681,biased,unbiased,1
A1_blue_rare,3243,96682,biased,unbiased,1
A1_blue_rare,3244,96683,biased,unbiased,1
A1_blue_rare,3245,96684,biased,unbiased,1
A1_blue_rare,3246,96685,biased,unbiased,2
A1_blue_rare,3247,96686,biased,unbiased,1
A1_blue_rare,3248,96687,biased,unbiased,1
A1_blue_rare,3249,96688,biased,unbiased,3
A1_blue_rare,3250,96689,biased,unbiased,1
A1_blue_rare,3051,96490,biased,unbiased,1
A1_blue_rare,3052,96491,biased,unbiased,1
A1_blue_rare,3053,96492,biased,unbiased,2
A1_blue_rare,3054,96493,biased,unbiased,1
A1_blue_rare,3055,96494,biased,unbiased,2
A1_blue_rare,3056,96495,biased,unbiased,1
A1_blue_rare,3057,96496,biased,unbiased,1
A1_blue_rare,3058,96497,biased,unbiased,1
A1_blue_rare,3059,96498,biased,unbiased,1
A1_blue_rare,3060,96499,biased,unbiased,1
A1_blue_rare,3061,96500,biased,unbiased,3
A1_blue_rare,3062,96501,biased,unbiased,1
A1_blue_rare,3063,96502,biased,unbiased,1
A1_blue_rare,3064,96503,biased,unbiased,1
A1_blue_rare,3065,96504,biased,unbiased,4
A1_blue_rare,3066,96505,biased,biased,33
A1_blue_rare,3067,96506,biased,unbiased,2
A1_blue_rare,3068,96507,biased,unbiased,4
A1_blue_rare,3069,96508,biased,unbiased,3
A1_blue_rare,3070,96509,biased,unbiased,1
A1_blue_rare,3071,96510,biased,unbiased,2
A1_blue_rare,3072,96511,biased,unbiased,1
A1_blue_rare,3073,96512,biased,unbiased,1
A1_blue_rare,3074,96513,biased,unbiased,1
A1_blue_rare,3075,96514,biased,unbiased,1
A1_blue_rare,3076,96515,biased,unbiased,1
A1_blue_rare,3077,96516,biased,unbiased,3
A1_blue_rare,3078,96517,biased,unbiased,1
A1_blue_rare,3079,96518,biased,unbiased,1
A1_blue_rare,3080,96519,biased,unbiased,1
A1_blue_rare,3081,96520,biased,unbiased,1
A1_blue_rare,3082,96521,biased,unbiased,1
A1_blue_rare,3083,96522,biased,unbiased,1
A1_blue_rare,3084,96523,biased,unbiased,1
A1_blue_rare,3085,96524,biased,unbiased,4
A1_blue_rare,3086,96525,biased,unbiased,1
A1_blue_rare,3087,96526,biased,unbiased,1
A1_blue_rare,3088,96527,biased,unbiased,2
A1_blue_rare,3089,96528,biased,unbiased,1
A1_blue_rare,3090,96529,biased,unbiased,1
A1_blue_rare,3091,96530,biased,unbiased,6
A1_blue_rare,3092,96531,biased,unbiased,1
A1_blue_rare,3093,96532,biased,unbiased,2
A1_blue_rare,3094,96533,biased,unbiased,1
A1_blue_rare,3095,96534,biased,unbiased,1
A1_blue_rare,3096,96535,biased,unbiased,1
A1_blue_rare,3097,96536,biased,unbiased,2
A1_blue_rare,3098,96537,biased,unbiased,2
A1_blue_rare,3099,96538,biased,biased,27
A1_blue_rare,3100,96539,biased,unbiased,1
A1_blue_rare,3501,96940,biased,unbiased,1
A1_blue_rare,3502,96941,biased,unbiased,1
A1_blue_rare,3503,96942,biased,unbiased,1
A1_blue_rare,3504,96943,biased,unbiased,1
A1_blue_rare,3505,96944,biased,unbiased,1
A1_blue_rare,3506,96945,biased,unbiased,1
A1_blue_rare,3507,96946,biased,unbiased,1
A1_blue_rare,3508,96947,biased,unbiased,1
A1_blue_rare,3509,96948,biased,unbiased,2
A1_blue_rare,3510,96949,biased,unbiased,1
A1_blue_rare,3511,96950,biased,unbiased,1
A1_blue_rare,3512,96951,biased,unbiased,5
A1_blue_rare,3513,96952,biased,unbiased,2
A1_blue_rare,3514,96953,biased,unbiased,1
A1_blue_rare,3515,96954,biased,unbiased,1
A1_blue_rare,3516,96955,biased,unbiased,1
A1_blue_rare,3517,96956,biased,unbiased,2
A1_blue_rare,3518,96957,biased,unbiased,1
A1_blue_rare,3519,96958,biased,unbiased,1
A1_blue_rare,3520,96959,biased,unbiased,1
A1_blue_rare,3521,96960,biased,unbiased,1
A1_blue_rare,3522,96961,biased,unbiased,1
A1_blue_rare,3523,96962,biased,unbiased,1
A1_blue_rare,3524,96963,biased,unbiased,3
A1_blue_rare,3525,96964,biased,unbiased,2
A1_blue_rare,3526,96965,biased,unbiased,1
A1_blue_rare,3527,96966,biased,unbiased,1
A1_blue_rare,3528,96967,biased,unbiased,2
A1_blue_rare,3529,96968,biased,unbiased,1
A1_blue_rare,3530,96969,biased,unbiased,1
A1_blue_rare,3531,96970,biased,unbiased,1
A1_blue_rare,3532,96971,biased,unbiased,1
A1_blue_rare,3533,96972,biased,unbiased,1
A1_blue_rare,3534,96973,biased,unbiased,2
A1_blue_rare,3535,96974,biased,unbiased,1
A1_blue_rare,3536,96975,biased,unbiased,1
A1_blue_rare,3537,96976,biased,unbiased,1
A1_blue_rare,3538,96977,biased,unbiased,1
A1_blue_rare,3539,96978,biased,unbiased,1
A1_blue_rare,3540,96979,biased,unbiased,3
A1_blue_rare,3541,96980,biased,unbiased,2
A1_blue_rare,3542,96981,biased,unbiased,1
A1_blue_rare,3543,96982,biased,unbiased,1
A1_blue_rare,3544,96983,biased,unbiased,1
A1_blue_rare,3545,96984,biased,unbiased,1
A1_blue_rare,3546,96985,biased,unbiased,1
A1_blue_rare,3547,96986,biased,unbiased,1
A1_blue_rare,3548,96987,biased,unbiased,1
A1_blue_rare,3549,96988,biased,unbiased,1
A1_blue_rare,3550,96989,biased,unbiased,1
A1_blue_rare,3601,97040,biased,unbiased,1
A1_blue_rare,3602,97041,biased,unbiased,1
A1_blue_rare,3603,97042,biased,unbiased,1
A1_blue_rare,3604,97043,biased,unbiased,1
A1_blue_rare,3605,97044,biased,unbiased,1
A1_blue_rare,3606,97045,biased,unbiased,1
A1_blue_rare,3607,97046,biased,unbiased,2
A1_blue_rare,3608,97047,biased,unbiased,1
A1_blue_rare,3609,97048,biased,unbiased,2
A1_blue_rare,3610,97049,biased,unbiased,2
A1_blue_rare,3611,97050,biased,unbiased,1
A1_blue_rare,3612,97051,biased,unbiased,2
A1_blue_rare,3613,97052,biased,unbiased,1
A1_blue_rare,3614,97053,biased,unbiased,1
A1_blue_rare,3615,97054,biased,unbiased,1
A1_blue_rare,3616,97055,biased,unbiased,1
A1_blue_rare,3617,97056,biased,unbiased,1
A1_blue_rare,3618,97057,biased,unbiased,2
A1_blue_rare,3619,97058,biased,unbiased,1
A1_blue_rare,3620,97059,biased,unbiased,1
A1_blue_rare,3621,97060,biased,unbiased,1
A1_blue_rare,3622,97061,biased,unbiased,1
A1_blue_rare,3623,97062,biased,unbiased,1
A1_blue_rare,3624,97063,biased,unbiased,4
A1_blue_rare,3625,97064,biased,unbiased,1
A1_blue_rare,3626,97065,biased,unbiased,1
A1_blue_rare,3627,97066,biased,unbiased,1
A1_blue_rare,3628,97067,biased,unbiased,1
A1_blue_rare,3629,97068,biased,unbiased,1
A1_blue_rare,3630,97069,biased,unbiased,1
A1_blue_rare,3631,97070,biased,unbiased,1
A1_blue_rare,3632,97071,biased,unbiased,1
A1_blue_rare,3633,97072,biased,unbiased,1
A1_blue_rare,3634,97073,biased,unbiased,1
A1_blue_rare,3635,97074,biased,unbiased,3
A1_blue_rare,3636,97075,biased,unbiased,1
A1_blue_rare,3637,97076,biased,unbiased,1
A1_blue_rare,3638,97077,biased,unbiased,1
A1_blue_rare,3639,97078,biased,unbiased,2
A1_blue_rare,3640,97079,biased,unbiased,3
A1_blue_rare,3641,97080,biased,unbiased,1
A1_blue_rare,3642,97081,biased,unbiased,1
A1_blue_rare,3643,97082,biased,unbiased,2
A1_blue_rare,3644,97083,biased,unbiased,1
A1_blue_rare,3645,97084,biased,unbiased,3
A1_blue_rare,3646,97085,biased,unbiased,1
A1_blue_rare,3647,97086,biased,unbiased,1
A1_blue_rare,3648,97087,biased,unbiased,1
A1_blue_rare,3649,97088,biased,unbiased,1
A1_blue_rare,3650,97089,biased,unbiased,1
A1_blue_rare,3451,96890,biased,unbiased,6
A1_blue_rare,3452,96891,biased,unbiased,3
A1_blue_rare,3453,96892,biased,unbiased,1
A1_blue_rare,3454,96893,biased,unbiased,1
A1_blue_rare,3455,96894,biased,unbiased,1
A1_blue_rare,3456,96895,biased,unbiased,1
A1_blue_rare,3457,96896,biased,unbiased,3
A1_blue_rare,3458,96897,biased,unbiased,1
A1_blue_rare,3459,96898,biased,unbiased,1
A1_blue_rare,3460,96899,biased,unbiased,1
A1_blue_rare,3461,96900,biased,unbiased,1
A1_blue_rare,3462,96901,biased,unbiased,5
A1_blue_rare,3463,96902,biased,unbiased,1
A1_blue_rare,3464,96903,biased,unbiased,2
A1_blue_rare,3465,96904,biased,unbiased,1
A1_blue_rare,3466,96905,biased,unbiased,3
A1_blue_rare,3467,96906,biased,unbiased,1
A1_blue_rare,3468,96907,biased,unbiased,1
A1_blue_rare,3469,96908,biased,unbiased,1
A1_blue_rare,3470,96909,biased,unbiased,1
A1_blue_rare,3471,96910,biased,unbiased,1
A1_blue_rare,3472,96911,biased,unbiased,1
A1_blue_rare,3473,96912,biased,unbiased,4
A1_blue_rare,3474,96913,biased,unbiased,2
A1_blue_rare,3475,96914,biased,unbiased,3
A1_blue_rare,3476,96915,biased,unbiased,1
A1_blue_rare,3477,96916,biased,unbiased,1
A1_blue_rare,3478,96917,biased,unbiased,1
A1_blue_rare,3479,96918,biased,unbiased,1
A1_blue_rare,3480,96919,biased,unbiased,7
A1_blue_rare,3481,96920,biased,unbiased,1
A1_blue_rare,3482,96921,biased,unbiased,1
A1_blue_rare,3483,96922,biased,unbiased,1
A1_blue_rare,3484,96923,biased,unbiased,1
A1_blue_rare,3485,96924,biased,unbiased,1
A1_blue_rare,3486,96925,biased,unbiased,1
A1_blue_rare,3487,96926,biased,unbiased,1
A1_blue_rare,3488,96927,biased,unbiased,1
A1_blue_rare,3489,96928,biased,unbiased,1
A1_blue_rare,3490,96929,biased,unbiased,2
A1_blue_rare,3491,96930,biased,unbiased,1
A1_blue_rare,3492,96931,biased,unbiased,1
A1_blue_rare,3493,96932,biased,unbiased,1
A1_blue_rare,3494,96933,biased,unbiased,1
A1_blue_rare,3495,96934,biased,unbiased,1
A1_blue_rare,3496,96935,biased,unbiased,1
A1_blue_rare,3497,96936,biased,unbiased,1
A1_blue_rare,3498,96937,biased,unbiased,2
A1_blue_rare,3499,96938,biased,unbiased,10
A1_blue_rare,3500,96939,biased,unbiased,7
A1_blue_rare,3301,96740,biased,unbiased,1
A1_blue_rare,3302,96741,biased,unbiased,1
A1_blue_rare,3303,96742,biased,unbiased,1
A1_blue_rare,3304,96743,biased,unbiased,1
A1_blue_rare,3305,96744,biased,unbiased,1
A1_blue_rare,3306,96745,biased,unbiased,1
A1_blue_rare,3307,96746,biased,unbiased,1
A1_blue_rare,3308,96747,biased,unbiased,1
A1_blue_rare,3309,96748,biased,unbiased,1
A1_blue_rare,3310,96749,biased,unbiased,1
A1_blue_rare,3311,96750,biased,unbiased,1
A1_blue_rare,3312,96751,biased,unbiased,1
A1_blue_rare,3313,96752,biased,unbiased,2
A1_blue_rare,3314,96753,biased,unbiased,1
A1_blue_rare,3315,96754,biased,unbiased,2
A1_blue_rare,3316,96755,biased,unbiased,1
A1_blue_rare,3317,96756,biased,unbiased,1
A1_blue_rare,3318,96757,biased,unbiased,2
A1_blue_rare,3319,96758,biased,unbiased,1
A1_blue_rare,3320,96759,biased,unbiased,1
A1_blue_rare,3321,96760,biased,unbiased,1
A1_blue_rare,3322,96761,biased,unbiased,1
A1_blue_rare,3323,96762,biased,unbiased,1
A1_blue_rare,3324,96763,biased,unbiased,2
A1_blue_rare,3325,96764,biased,unbiased,1
A1_blue_rare,3326,96765,biased,unbiased,1
A1_blue_rare,3327,96766,biased,unbiased,2
A1_blue_rare,3328,96767,biased,biased,22
A1_blue_rare,3329,96768,biased,unbiased,1
A1_blue_rare,3330,96769,biased,unbiased,2
A1_blue_rare,3331,96770,biased,unbiased,1
A1_blue_rare,3332,96771,biased,unbiased,1
A1_blue_rare,3333,96772,biased,unbiased,1
A1_blue_rare,3334,96773,biased,unbiased,1
A1_blue_rare,3335,96774,biased,biased,50
A1_blue_rare,3336,96775,biased,unbiased,1
A1_blue_rare,3337,96776,biased,unbiased,1
A1_blue_rare,3338,96777,biased,unbiased,1
A1_blue_rare,3339,96778,biased,unbiased,1
A1_blue_rare,3340,96779,biased,unbiased,1
A1_blue_rare,3341,96780,biased,unbiased,1
A1_blue_rare,3342,96781,biased,unbiased,1
A1_blue_rare,3343,96782,biased,unbiased,4
A1_blue_rare,3344,96783,biased,unbiased,1
A1_blue_rare,3345,96784,biased,unbiased,1
A1_blue_rare,3346,96785,biased,unbiased,1
A1_blue_rare,3347,96786,biased,unbiased,1
A1_blue_rare,3348,96787,biased,unbiased,1
A1_blue_rare,3349,96788,biased,unbiased,1
A1_blue_rare,3350,96789,biased,unbiased,1
A1_blue_rare,3551,96990,biased,unbiased,1
A1_blue_rare,3552,96991,biased,unbiased,1
A1_blue_rare,3553,96992,biased,unbiased,2
A1_blue_rare,3554,96993,biased,unbiased,1
A1_blue_rare,3555,96994,biased,unbiased,1
A1_blue_rare,3556,96995,biased,unbiased,1
A1_blue_rare,3557,96996,biased,unbiased,1
A1_blue_rare,3558,96997,biased,unbiased,1
A1_blue_rare,3559,96998,biased,unbiased,4
A1_blue_rare,3560,96999,biased,unbiased,1
A1_blue_rare,3561,97000,biased,unbiased,1
A1_blue_rare,3562,97001,biased,unbiased,1
A1_blue_rare,3563,97002,biased,unbiased,1
A1_blue_rare,3564,97003,biased,unbiased,1
A1_blue_rare,3565,97004,biased,unbiased,1
A1_blue_rare,3566,97005,biased,unbiased,1
A1_blue_rare,3567,97006,biased,unbiased,1
A1_blue_rare,3568,97007,biased,unbiased,2
A1_blue_rare,3569,97008,biased,unbiased,1
A1_blue_rare,3570,97009,biased,unbiased,1
A1_blue_rare,3571,97010,biased,unbiased,1
A1_blue_rare,3572,97011,biased,unbiased,1
A1_blue_rare,3573,97012,biased,unbiased,1
A1_blue_rare,3574,97013,biased,unbiased,2
A1_blue_rare,3575,97014,biased,unbiased,1
A1_blue_rare,3576,97015,biased,unbiased,1
A1_blue_rare,3577,97016,biased,unbiased,1
A1_blue_rare,3578,97017,biased,unbiased,1
A1_blue_rare,3579,97018,biased,unbiased,1
A1_blue_rare,3580,97019,biased,biased,24
A1_blue_rare,3581,97020,biased,unbiased,1
A1_blue_rare,3582,97021,biased,unbiased,3
A1_blue_rare,3583,97022,biased,unbiased,1
A1_blue_rare,3584,97023,biased,unbiased,1
A1_blue_rare,3585,97024,biased,unbiased,4
A1_blue_rare,3586,97025,biased,unbiased,1
A1_blue_rare,3587,97026,biased,unbiased,1
A1_blue_rare,3588,97027,biased,unbiased,1
A1_blue_rare,3589,97028,biased,unbiased,1
A1_blue_rare,3590,97029,biased,unbiased,1
A1_blue_rare,3591,97030,biased,unbiased,1
A1_blue_rare,3592,97031,biased,unbiased,1
A1_blue_rare,3593,97032,biased,unbiased,1
A1_blue_rare,3594,97033,biased,unbiased,1
A1_blue_rare,3595,97034,biased,unbiased,2
A1_blue_rare,3596,97035,biased,unbiased,1
A1_blue_rare,3597,97036,biased,unbiased,1
A1_blue_rare,3598,97037,biased,unbiased,1
A1_blue_rare,3599,97038,biased,unbiased,2
A1_blue_rare,3600,97039,biased,unbiased,1
A1_blue_rare,3751,97190,biased,unbiased,2
A1_blue_rare,3752,97191,biased,unbiased,1
A1_blue_rare,3753,97192,biased,unbiased,1
A1_blue_rare,3754,97193,biased,unbiased,1
A1_blue_rare,3755,97194,biased,unbiased,1
A1_blue_rare,3756,97195,biased,unbiased,1
A1_blue_rare,3757,97196,biased,unbiased,3
A1_blue_rare,3758,97197,biased,unbiased,1
A1_blue_rare,3759,97198,biased,unbiased,1
A1_blue_rare,3760,97199,biased,unbiased,1
A1_blue_rare,3761,97200,biased,unbiased,1
A1_blue_rare,3762,97201,biased,unbiased,1
A1_blue_rare,3763,97202,biased,unbiased,1
A1_blue_rare,3764,97203,biased,unbiased,1
A1_blue_rare,3765,97204,biased,unbiased,1
A1_blue_rare,3766,97205,biased,unbiased,1
A1_blue_rare,3767,97206,biased,unbiased,1
A1_blue_rare,3768,97207,biased,unbiased,1
A1_blue_rare,3769,97208,biased,unbiased,2
A1_blue_rare,3770,97209,biased,unbiased,1
A1_blue_rare,3771,97210,biased,unbiased,1
A1_blue_rare,3772,97211,biased,unbiased,1
A1_blue_rare,3773,97212,biased,unbiased,1
A1_blue_rare,3774,97213,biased,unbiased,1
A1_blue_rare,3775,97214,biased,unbiased,3
A1_blue_rare,3776,97215,biased,unbiased,1
A1_blue_rare,3777,97216,biased,unbiased,1
A1_blue_rare,3778,97217,biased,unbiased,1
A1_blue_rare,3779,97218,biased,unbiased,1
A1_blue_rare,3780,97219,biased,unbiased,2
A1_blue_rare,3781,97220,biased,unbiased,2
A1_blue_rare,3782,97221,biased,unbiased,1
A1_blue_rare,3783,97222,biased,unbiased,1
A1_blue_rare,3784,97223,biased,unbiased,2
A1_blue_rare,3785,97224,biased,unbiased,1
A1_blue_rare,3786,97225,biased,unbiased,1
A1_blue_rare,3787,97226,biased,unbiased,2
A1_blue_rare,3788,97227,biased,unbiased,1
A1_blue_rare,3789,97228,biased,unbiased,2
A1_blue_rare,3790,97229,biased,unbiased,1
A1_blue_rare,3791,97230,biased,unbiased,1
A1_blue_rare,3792,97231,biased,unbiased,1
A1_blue_rare,3793,97232,biased,unbiased,1
A1_blue_rare,3794,97233,biased,unbiased,2
A1_blue_rare,3795,97234,biased,unbiased,1
A1_blue_rare,3796,97235,biased,unbiased,1
A1_blue_rare,3797,97236,biased,unbiased,1
A1_blue_rare,3798,97237,biased,unbiased,1
A1_blue_rare,3799,97238,biased,unbiased,1
A1_blue_rare,3800,97239,biased,unbiased,1
A1_blue_rare,3951,97390,biased,unbiased,1
A1_blue_rare,3952,97391,biased,unbiased,1
A1_blue_rare,3953,97392,biased,unbiased,2
A1_blue_rare,3954,97393,biased,unbiased,1
A1_blue_rare,3955,97394,biased,unbiased,1
A1_blue_rare,3956,97395,biased,unbiased,1
A1_blue_rare,3957,97396,biased,unbiased,1
A1_blue_rare,3958,97397,biased,unbiased,1
A1_blue_rare,3959,97398,biased,unbiased,1
A1_blue_rare,3960,97399,biased,unbiased,3
A1_blue_rare,3961,97400,biased,unbiased,1
A1_blue_rare,3962,97401,biased,unbiased,1
A1_blue_rare,3963,97402,biased,unbiased,1
A1_blue_rare,3964,97403,biased,unbiased,1
A1_blue_rare,3965,97404,biased,unbiased,1
A1_blue_rare,3966,97405,biased,unbiased,1
A1_blue_rare,3967,97406,biased,unbiased,1
A1_blue_rare,3968,97407,biased,unbiased,1
A1_blue_rare,3969,97408,biased,unbiased,1
A1_blue_rare,3970,97409,biased,unbiased,1
A1_blue_rare,3971,97410,biased,unbiased,2
A1_blue_rare,3972,97411,biased,unbiased,1
A1_blue_rare,3973,97412,biased,unbiased,1
A1_blue_rare,3974,97413,biased,unbiased,1
A1_blue_rare,3975,97414,biased,unbiased,1
A1_blue_rare,3976,97415,biased,unbiased,1
A1_blue_rare,3977,97416,biased,unbiased,1
A1_blue_rare,3978,97417,biased,unbiased,1
A1_blue_rare,3979,97418,biased,unbiased,1
A1_blue_rare,3980,97419,biased,unbiased,1
A1_blue_rare,3981,97420,biased,unbiased,1
A1_blue_rare,3982,97421,biased,unbiased,1
A1_blue_rare,3983,97422,biased,unbiased,1
A1_blue_rare,3984,97423,biased,unbiased,1
A1_blue_rare,3985,97424,biased,unbiased,1
A1_blue_rare,3986,97425,biased,unbiased,1
A1_blue_rare,3987,97426,biased,unbiased,1
A1_blue_rare,3988,97427,biased,unbiased,1
A1_blue_rare,3989,97428,biased,unbiased,2
A1_blue_rare,3990,97429,biased,unbiased,1
A1_blue_rare,3991,97430,biased,unbiased,1
A1_blue_rare,3992,97431,biased,unbiased,1
A1_blue_rare,3993,97432,biased,unbiased,1
A1_blue_rare,3994,97433,biased,unbiased,2
A1_blue_rare,3995,97434,biased,unbiased,1
A1_blue_rare,3996,97435,biased,unbiased,1
A1_blue_rare,3997,97436,biased,unbiased,2
A1_blue_rare,3998,97437,biased,unbiased,1
A1_blue_rare,3999,97438,biased,unbiased,1
A1_blue_rare,4000,97439,biased,unbiased,1
A1_blue_rare,3651,97090,biased,unbiased,1
A1_blue_rare,3652,97091,biased,unbiased,1
A1_blue_rare,3653,97092,biased,unbiased,1
A1_blue_rare,3654,97093,biased,unbiased,1
A1_blue_rare,3655,97094,biased,unbiased,1
A1_blue_rare,3656,97095,biased,unbiased,1
A1_blue_rare,3657,97096,biased,unbiased,1
A1_blue_rare,3658,97097,biased,unbiased,1
A1_blue_rare,3659,97098,biased,unbiased,2
A1_blue_rare,3660,97099,biased,unbiased,1
A1_blue_rare,3661,97100,biased,unbiased,1
A1_blue_rare,3662,97101,biased,unbiased,1
A1_blue_rare,3663,97102,biased,unbiased,1
A1_blue_rare,3664,97103,biased,biased,34
A1_blue_rare,3665,97104,biased,unbiased,1
A1_blue_rare,3666,97105,biased,unbiased,1
A1_blue_rare,3667,97106,biased,unbiased,1
A1_blue_rare,3668,97107,biased,unbiased,1
A1_blue_rare,3669,97108,biased,unbiased,2
A1_blue_rare,3670,97109,biased,unbiased,1
A1_blue_rare,3671,97110,biased,unbiased,1
A1_blue_rare,3672,97111,biased,unbiased,1
A1_blue_rare,3673,97112,biased,unbiased,1
A1_blue_rare,3674,97113,biased,unbiased,1
A1_blue_rare,3675,97114,biased,unbiased,1
A1_blue_rare,3676,97115,biased,unbiased,1
A1_blue_rare,3677,97116,biased,unbiased,1
A1_blue_rare,3678,97117,biased,unbiased,1
A1_blue_rare,3679,97118,biased,unbiased,1
A1_blue_rare,3680,97119,biased,unbiased,7
A1_blue_rare,3681,97120,biased,unbiased,1
A1_blue_rare,3682,97121,biased,unbiased,5
A1_blue_rare,3683,97122,biased,unbiased,1
A1_blue_rare,3684,97123,biased,unbiased,1
A1_blue_rare,3685,97124,biased,unbiased,1
A1_blue_rare,3686,97125,biased,unbiased,1
A1_blue_rare,3687,97126,biased,unbiased,1
A1_blue_rare,3688,97127,biased,unbiased,1
A1_blue_rare,3689,97128,biased,unbiased,1
A1_blue_rare,3690,97129,biased,unbiased,1
A1_blue_rare,3691,97130,biased,unbiased,1
A1_blue_rare,3692,97131,biased,unbiased,1
A1_blue_rare,3693,97132,biased,unbiased,1
A1_blue_rare,3694,97133,biased,unbiased,1
A1_blue_rare,3695,97134,biased,unbiased,1
A1_blue_rare,3696,97135,biased,unbiased,2
A1_blue_rare,3697,97136,biased,unbiased,2
A1_blue_rare,3698,97137,biased,unbiased,1
A1_blue_rare,3699,97138,biased,unbiased,2
A1_blue_rare,3700,97139,biased,unbiased,1
A1_blue_rare,3851,97290,biased,unbiased,1
A1_blue_rare,3852,97291,biased,unbiased,1
A1_blue_rare,3853,97292,biased,unbiased,1
A1_blue_rare,3854,97293,biased,unbiased,1
A1_blue_rare,3855,97294,biased,unbiased,1
A1_blue_rare,3856,97295,biased,unbiased,1
A1_blue_rare,3857,97296,biased,unbiased,1
A1_blue_rare,3858,97297,biased,unbiased,1
A1_blue_rare,3859,97298,biased,unbiased,2
A1_blue_rare,3860,97299,biased,unbiased,1
A1_blue_rare,3861,97300,biased,unbiased,1
A1_blue_rare,3862,97301,biased,unbiased,1
A1_blue_rare,3863,97302,biased,unbiased,1
A1_blue_rare,3864,97303,biased,unbiased,1
A1_blue_rare,3865,97304,biased,unbiased,1
A1_blue_rare,3866,97305,biased,unbiased,1
A1_blue_rare,3867,97306,biased,unbiased,1
A1_blue_rare,3868,97307,biased,unbiased,1
A1_blue_rare,3869,97308,biased,unbiased,1
A1_blue_rare,3870,97309,biased,unbiased,1
A1_blue_rare,3871,97310,biased,unbiased,2
A1_blue_rare,3872,97311,biased,unbiased,1
A1_blue_rare,3873,97312,biased,unbiased,1
A1_blue_rare,3874,97313,biased,unbiased,13
A1_blue_rare,3875,97314,biased,unbiased,1
A1_blue_rare,3876,97315,biased,unbiased,1
A1_blue_rare,3877,97316,biased,unbiased,1
A1_blue_rare,3878,97317,biased,unbiased,1
A1_blue_rare,3879,97318,biased,unbiased,1
A1_blue_rare,3880,97319,biased,unbiased,1
A1_blue_rare,3881,97320,biased,unbiased,1
A1_blue_rare,3882,97321,biased,unbiased,1
A1_blue_rare,3883,97322,biased,unbiased,1
A1_blue_rare,3884,97323,biased,unbiased,6
A1_blue_rare,3885,97324,biased,unbiased,1
A1_blue_rare,3886,97325,biased,unbiased,1
A1_blue_rare,3887,97326,biased,unbiased,1
A1_blue_rare,3888,97327,biased,unbiased,1
A1_blue_rare,3889,97328,biased,unbiased,1
A1_blue_rare,3890,97329,biased,unbiased,1
A1_blue_rare,3891,97330,biased,unbiased,1
A1_blue_rare,3892,97331,biased,unbiased,1
A1_blue_rare,3893,97332,biased,unbiased,1
A1_blue_rare,3894,97333,biased,unbiased,1
A1_blue_rare,3895,97334,biased,unbiased,1
A1_blue_rare,3896,97335,biased,unbiased,1
A1_blue_rare,3897,97336,biased,unbiased,1
A1_blue_rare,3898,97337,biased,unbiased,5
A1_blue_rare,3899,97338,biased,unbiased,1
A1_blue_rare,3900,97339,biased,unbiased,1
A1_blue_rare,4001,97440,biased,unbiased,2
A1_blue_rare,4002,97441,biased,unbiased,1
A1_blue_rare,4003,97442,biased,unbiased,1
A1_blue_rare,4004,97443,biased,unbiased,3
A1_blue_rare,4005,97444,biased,unbiased,1
A1_blue_rare,4006,97445,biased,unbiased,1
A1_blue_rare,4007,97446,biased,unbiased,2
A1_blue_rare,4008,97447,biased,unbiased,1
A1_blue_rare,4009,97448,biased,unbiased,1
A1_blue_rare,4010,97449,biased,unbiased,1
A1_blue_rare,4011,97450,biased,unbiased,1
A1_blue_rare,4012,97451,biased,unbiased,1
A1_blue_rare,4013,97452,biased,unbiased,1
A1_blue_rare,4014,97453,biased,unbiased,1
A1_blue_rare,4015,97454,biased,unbiased,2
A1_blue_rare,4016,97455,biased,unbiased,1
A1_blue_rare,4017,97456,biased,unbiased,1
A1_blue_rare,4018,97457,biased,unbiased,1
A1_blue_rare,4019,97458,biased,unbiased,1
A1_blue_rare,4020,97459,biased,unbiased,1
A1_blue_rare,4021,97460,biased,unbiased,1
A1_blue_rare,4022,97461,biased,unbiased,2
A1_blue_rare,4023,97462,biased,unbiased,3
A1_blue_rare,4024,97463,biased,unbiased,1
A1_blue_rare,4025,97464,biased,unbiased,1
A1_blue_rare,4026,97465,biased,unbiased,1
A1_blue_rare,4027,97466,biased,unbiased,1
A1_blue_rare,4028,97467,biased,unbiased,1
A1_blue_rare,4029,97468,biased,unbiased,3
A1_blue_rare,4030,97469,biased,unbiased,1
A1_blue_rare,4031,97470,biased,unbiased,1
A1_blue_rare,4032,97471,biased,unbiased,1
A1_blue_rare,4033,97472,biased,unbiased,2
A1_blue_rare,4034,97473,biased,unbiased,1
A1_blue_rare,4035,97474,biased,unbiased,1
A1_blue_rare,4036,97475,biased,unbiased,1
A1_blue_rare,4037,97476,biased,unbiased,1
A1_blue_rare,4038,97477,biased,unbiased,1
A1_blue_rare,4039,97478,biased,unbiased,1
A1_blue_rare,4040,97479,biased,unbiased,2
A1_blue_rare,4041,97480,biased,unbiased,1
A1_blue_rare,4042,97481,biased,unbiased,1
A1_blue_rare,4043,97482,biased,unbiased,1
A1_blue_rare,4044,97483,biased,unbiased,2
A1_blue_rare,4045,97484,biased,unbiased,2
A1_blue_rare,4046,97485,biased,unbiased,1
A1_blue_rare,4047,97486,biased,unbiased,1
A1_blue_rare,4048,97487,biased,unbiased,1
A1_blue_rare,4049,97488,biased,unbiased,2
A1_blue_rare,4050,97489,biased,unbiased,1
A1_blue_rare,3701,97140,biased,biased,29
A1_blue_rare,3702,97141,biased,unbiased,1
A1_blue_rare,3703,97142,biased,unbiased,3
A1_blue_rare,3704,97143,biased,unbiased,2
A1_blue_rare,3705,97144,biased,unbiased,2
A1_blue_rare,3706,97145,biased,unbiased,1
A1_blue_rare,3707,97146,biased,unbiased,1
A1_blue_rare,3708,97147,biased,unbiased,2
A1_blue_rare,3709,97148,biased,unbiased,1
A1_blue_rare,3710,97149,biased,unbiased,1
A1_blue_rare,3711,97150,biased,unbiased,1
A1_blue_rare,3712,97151,biased,unbiased,1
A1_blue_rare,3713,97152,biased,unbiased,7
A1_blue_rare,3714,97153,biased,unbiased,1
A1_blue_rare,3715,97154,biased,unbiased,1
A1_blue_rare,3716,97155,biased,unbiased,1
A1_blue_rare,3717,97156,biased,unbiased,1
A1_blue_rare,3718,97157,biased,unbiased,1
A1_blue_rare,3719,97158,biased,unbiased,1
A1_blue_rare,3720,97159,biased,unbiased,1
A1_blue_rare,3721,97160,biased,unbiased,1
A1_blue_rare,3722,97161,biased,unbiased,1
A1_blue_rare,3723,97162,biased,unbiased,1
A1_blue_rare,3724,97163,biased,unbiased,1
A1_blue_rare,3725,97164,biased,unbiased,6
A1_blue_rare,3726,97165,biased,unbiased,1
A1_blue_rare,3727,97166,biased,unbiased,1
A1_blue_rare,3728,97167,biased,unbiased,1
A1_blue_rare,3729,97168,biased,unbiased,1
A1_blue_rare,3730,97169,biased,unbiased,1
A1_blue_rare,3731,97170,biased,unbiased,1
A1_blue_rare,3732,97171,biased,unbiased,1
A1_blue_rare,3733,97172,biased,unbiased,1
A1_blue_rare,3734,97173,biased,unbiased,11
A1_blue_rare,3735,97174,biased,unbiased,1
A1_blue_rare,3736,97175,biased,unbiased,1
A1_blue_rare,3737,97176,biased,unbiased,1
A1_blue_rare,3738,97177,biased,unbiased,1
A1_blue_rare,3739,97178,biased,unbiased,1
A1_blue_rare,3740,97179,biased,unbiased,2
A1_blue_rare,3741,97180,biased,unbiased,1
A1_blue_rare,3742,97181,biased,unbiased,1
A1_blue_rare,3743,97182,biased,unbiased,1
A1_blue_rare,3744,97183,biased,unbiased,1
A1_blue_rare,3745,97184,biased,unbiased,1
A1_blue_rare,3746,97185,biased,unbiased,1
A1_blue_rare,3747,97186,biased,unbiased,1
A1_blue_rare,3748,97187,biased,unbiased,1
A1_blue_rare,3749,97188,biased,unbiased,1
A1_blue_rare,3750,97189,biased,unbiased,1
A1_blue_rare,3801,97240,biased,unbiased,1
A1_blue_rare,3802,97241,biased,unbiased,1
A1_blue_rare,3803,97242,biased,unbiased,1
A1_blue_rare,3804,97243,biased,unbiased,1
A1_blue_rare,3805,97244,biased,unbiased,1
A1_blue_rare,3806,97245,biased,unbiased,1
A1_blue_rare,3807,97246,biased,unbiased,1
A1_blue_rare,3808,97247,biased,unbiased,1
A1_blue_rare,3809,97248,biased,unbiased,1
A1_blue_rare,3810,97249,biased,unbiased,1
A1_blue_rare,3811,97250,biased,unbiased,1
A1_blue_rare,3812,97251,biased,unbiased,1
A1_blue_rare,3813,97252,biased,unbiased,1
A1_blue_rare,3814,97253,biased,unbiased,1
A1_blue_rare,3815,97254,biased,unbiased,1
A1_blue_rare,3816,97255,biased,unbiased,1
A1_blue_rare,3817,97256,biased,unbiased,4
A1_blue_rare,3818,97257,biased,unbiased,1
A1_blue_rare,3819,97258,biased,unbiased,3
A1_blue_rare,3820,97259,biased,unbiased,1
A1_blue_rare,3821,97260,biased,unbiased,2
A1_blue_rare,3822,97261,biased,unbiased,1
A1_blue_rare,3823,97262,biased,unbiased,1
A1_blue_rare,3824,97263,biased,unbiased,1
A1_blue_rare,3825,97264,biased,unbiased,1
A1_blue_rare,3826,97265,biased,unbiased,1
A1_blue_rare,3827,97266,biased,unbiased,4
A1_blue_rare,3828,97267,biased,unbiased,5
A1_blue_rare,3829,97268,biased,unbiased,1
A1_blue_rare,3830,97269,biased,unbiased,2
A1_blue_rare,3831,97270,biased,unbiased,1
A1_blue_rare,3832,97271,biased,unbiased,2
A1_blue_rare,3833,97272,biased,unbiased,1
A1_blue_rare,3834,97273,biased,unbiased,1
A1_blue_rare,3835,97274,biased,unbiased,1
A1_blue_rare,3836,97275,biased,unbiased,1
A1_blue_rare,3837,97276,biased,unbiased,1
A1_blue_rare,3838,97277,biased,unbiased,2
A1_blue_rare,3839,97278,biased,unbiased,1
A1_blue_rare,3840,97279,biased,unbiased,1
A1_blue_rare,3841,97280,biased,unbiased,1
A1_blue_rare,3842,97281,biased,unbiased,1
A1_blue_rare,3843,97282,biased,unbiased,1
A1_blue_rare,3844,97283,biased,unbiased,5
A1_blue_rare,3845,97284,biased,unbiased,1
A1_blue_rare,3846,97285,biased,unbiased,8
A1_blue_rare,3847,97286,biased,unbiased,1
A1_blue_rare,3848,97287,biased,unbiased,1
A1_blue_rare,3849,97288,biased,biased,12
A1_blue_rare,3850,97289,biased,biased,21
A1_blue_rare,4051,97490,biased,unbiased,1
A1_blue_rare,4052,97491,biased,unbiased,1
A1_blue_rare,4053,97492,biased,unbiased,2
A1_blue_rare,4054,97493,biased,unbiased,1
A1_blue_rare,4055,97494,biased,unbiased,1
A1_blue_rare,4056,97495,biased,unbiased,1
A1_blue_rare,4057,97496,biased,unbiased,1
A1_blue_rare,4058,97497,biased,unbiased,3
A1_blue_rare,4059,97498,biased,unbiased,1
A1_blue_rare,4060,97499,biased,unbiased,1
A1_blue_rare,4061,97500,biased,unbiased,1
A1_blue_rare,4062,97501,biased,unbiased,1
A1_blue_rare,4063,97502,biased,unbiased,2
A1_blue_rare,4064,97503,biased,unbiased,1
A1_blue_rare,4065,97504,biased,unbiased,1
A1_blue_rare,4066,97505,biased,unbiased,1
A1_blue_rare,4067,97506,biased,unbiased,1
A1_blue_rare,4068,97507,biased,unbiased,3
A1_blue_rare,4069,97508,biased,unbiased,4
A1_blue_rare,4070,97509,biased,unbiased,1
A1_blue_rare,4071,97510,biased,unbiased,1
A1_blue_rare,4072,97511,biased,unbiased,1
A1_blue_rare,4073,97512,biased,unbiased,1
A1_blue_rare,4074,97513,biased,unbiased,1
A1_blue_rare,4075,97514,biased,unbiased,1
A1_blue_rare,4076,97515,biased,unbiased,1
A1_blue_rare,4077,97516,biased,unbiased,1
A1_blue_rare,4078,97517,biased,unbiased,1
A1_blue_rare,4079,97518,biased,unbiased,6
A1_blue_rare,4080,97519,biased,unbiased,1
A1_blue_rare,4081,97520,biased,unbiased,1
A1_blue_rare,4082,97521,biased,unbiased,1
A1_blue_rare,4083,97522,biased,unbiased,1
A1_blue_rare,4084,97523,biased,unbiased,1
A1_blue_rare,4085,97524,biased,unbiased,1
A1_blue_rare,4086,97525,biased,unbiased,1
A1_blue_rare,4087,97526,biased,unbiased,1
A1_blue_rare,4088,97527,biased,unbiased,1
A1_blue_rare,4089,97528,biased,unbiased,1
A1_blue_rare,4090,97529,biased,unbiased,1
A1_blue_rare,4091,97530,biased,unbiased,1
A1_blue_rare,4092,97531,biased,unbiased,1
A1_blue_rare,4093,97532,biased,unbiased,1
A1_blue_rare,4094,97533,biased,unbiased,1
A1_blue_rare,4095,97534,biased,unbiased,1
A1_blue_rare,4096,97535,biased,unbiased,1
A1_blue_rare,4097,97536,biased,unbiased,1
A1_blue_rare,4098,97537,biased,unbiased,1
A1_blue_rare,4099,97538,biased,unbiased,1
A1_blue_rare,4100,97539,biased,unbiased,1
A1_blue_rare,4251,97690,biased,unbiased,1
A1_blue_rare,4252,97691,biased,unbiased,1
A1_blue_rare,4253,97692,biased,unbiased,1
A1_blue_rare,4254,97693,biased,unbiased,1
A1_blue_rare,4255,97694,biased,unbiased,1
A1_blue_rare,4256,97695,biased,unbiased,2
A1_blue_rare,4257,97696,biased,unbiased,1
A1_blue_rare,4258,97697,biased,unbiased,1
A1_blue_rare,4259,97698,biased,unbiased,1
A1_blue_rare,4260,97699,biased,unbiased,1
A1_blue_rare,4261,97700,biased,unbiased,1
A1_blue_rare,4262,97701,biased,unbiased,2
A1_blue_rare,4263,97702,biased,unbiased,1
A1_blue_rare,4264,97703,biased,unbiased,1
A1_blue_rare,4265,97704,biased,unbiased,1
A1_blue_rare,4266,97705,biased,unbiased,3
A1_blue_rare,4267,97706,biased,unbiased,1
A1_blue_rare,4268,97707,biased,unbiased,1
A1_blue_rare,4269,97708,biased,unbiased,1
A1_blue_rare,4270,97709,biased,unbiased,1
A1_blue_rare,4271,97710,biased,unbiased,1
A1_blue_rare,4272,97711,biased,unbiased,1
A1_blue_rare,4273,97712,biased,unbiased,1
A1_blue_rare,4274,97713,biased,unbiased,1
A1_blue_rare,4275,97714,biased,unbiased,1
A1_blue_rare,4276,97715,biased,unbiased,1
A1_blue_rare,4277,97716,biased,unbiased,3
A1_blue_rare,4278,97717,biased,unbiased,1
A1_blue_rare,4279,97718,biased,unbiased,1
A1_blue_rare,4280,97719,biased,unbiased,1
A1_blue_rare,4281,97720,biased,unbiased,1
A1_blue_rare,4282,97721,biased,unbiased,3
A1_blue_rare,4283,97722,biased,unbiased,1
A1_blue_rare,4284,97723,biased,unbiased,1
A1_blue_rare,4285,97724,biased,unbiased,1
A1_blue_rare,4286,97725,biased,unbiased,1
A1_blue_rare,4287,97726,biased,unbiased,1
A1_blue_rare,4288,97727,biased,unbiased,1
A1_blue_rare,4289,97728,biased,unbiased,1
A1_blue_rare,4290,97729,biased,unbiased,1
A1_blue_rare,4291,97730,biased,unbiased,1
A1_blue_rare,4292,97731,biased,unbiased,1
A1_blue_rare,4293,97732,biased,unbiased,1
A1_blue_rare,4294,97733,biased,unbiased,1
A1_blue_rare,4295,97734,biased,unbiased,2
A1_blue_rare,4296,97735,biased,unbiased,1
A1_blue_rare,4297,97736,biased,unbiased,1
A1_blue_rare,4298,97737,biased,unbiased,1
A1_blue_rare,4299,97738,biased,unbiased,1
A1_blue_rare,4300,97739,biased,unbiased,1
A1_blue_rare,4201,97640,biased,unbiased,6
A1_blue_rare,4202,97641,biased,unbiased,1
A1_blue_rare,4203,97642,biased,unbiased,1
A1_blue_rare,4204,97643,biased,unbiased,1
A1_blue_rare,4205,97644,biased,unbiased,1
A1_blue_rare,4206,97645,biased,unbiased,1
A1_blue_rare,4207,97646,biased,unbiased,1
A1_blue_rare,4208,97647,biased,unbiased,1
A1_blue_rare,4209,97648,biased,unbiased,1
A1_blue_rare,4210,97649,biased,unbiased,1
A1_blue_rare,4211,97650,biased,unbiased,1
A1_blue_rare,4212,97651,biased,unbiased,1
A1_blue_rare,4213,97652,biased,unbiased,1
A1_blue_rare,4214,97653,biased,unbiased,2
A1_blue_rare,4215,97654,biased,unbiased,1
A1_blue_rare,4216,97655,biased,unbiased,1
A1_blue_rare,4217,97656,biased,unbiased,1
A1_blue_rare,4218,97657,biased,unbiased,1
A1_blue_rare,4219,97658,biased,unbiased,2
A1_blue_rare,4220,97659,biased,unbiased,1
A1_blue_rare,4221,97660,biased,unbiased,1
A1_blue_rare,4222,97661,biased,unbiased,1
A1_blue_rare,4223,97662,biased,unbiased,2
A1_blue_rare,4224,97663,biased,unbiased,1
A1_blue_rare,4225,97664,biased,unbiased,1
A1_blue_rare,4226,97665,biased,unbiased,3
A1_blue_rare,4227,97666,biased,unbiased,1
A1_blue_rare,4228,97667,biased,unbiased,7
A1_blue_rare,4229,97668,biased,unbiased,1
A1_blue_rare,4230,97669,biased,unbiased,1
A1_blue_rare,4231,97670,biased,unbiased,1
A1_blue_rare,4232,97671,biased,unbiased,1
A1_blue_rare,4233,97672,biased,unbiased,1
A1_blue_rare,4234,97673,biased,unbiased,1
A1_blue_rare,4235,97674,biased,unbiased,1
A1_blue_rare,4236,97675,biased,unbiased,1
A1_blue_rare,4237,97676,biased,unbiased,1
A1_blue_rare,4238,97677,biased,unbiased,3
A1_blue_rare,4239,97678,biased,unbiased,1
A1_blue_rare,4240,97679,biased,unbiased,1
A1_blue_rare,4241,97680,biased,unbiased,1
A1_blue_rare,4242,97681,biased,unbiased,1
A1_blue_rare,4243,97682,biased,unbiased,1
A1_blue_rare,4244,97683,biased,unbiased,1
A1_blue_rare,4245,97684,biased,unbiased,1
A1_blue_rare,4246,97685,biased,unbiased,1
A1_blue_rare,4247,97686,biased,unbiased,1
A1_blue_rare,4248,97687,biased,unbiased,1
A1_blue_rare,4249,97688,biased,unbiased,1
A1_blue_rare,4250,97689,biased,unbiased,1
A1_blue_rare,3901,97340,biased,unbiased,1
A1_blue_rare,3902,97341,biased,unbiased,1
A1_blue_rare,3903,97342,biased,unbiased,3
A1_blue_rare,3904,97343,biased,unbiased,1
A1_blue_rare,3905,97344,biased,unbiased,2
A1_blue_rare,3906,97345,biased,unbiased,1
A1_blue_rare,3907,97346,biased,unbiased,4
A1_blue_rare,3908,97347,biased,unbiased,1
A1_blue_rare,3909,97348,biased,unbiased,1
A1_blue_rare,3910,97349,biased,unbiased,1
A1_blue_rare,3911,97350,biased,unbiased,1
A1_blue_rare,3912,97351,biased,unbiased,1
A1_blue_rare,3913,97352,biased,unbiased,1
A1_blue_rare,3914,97353,biased,unbiased,1
A1_blue_rare,3915,97354,biased,unbiased,1
A1_blue_rare,3916,97355,biased,unbiased,4
A1_blue_rare,3917,97356,biased,unbiased,1
A1_blue_rare,3918,97357,biased,unbiased,1
A1_blue_rare,3919,97358,biased,unbiased,1
A1_blue_rare,3920,97359,biased,unbiased,1
A1_blue_rare,3921,97360,biased,unbiased,1
A1_blue_rare,3922,97361,biased,unbiased,1
A1_blue_rare,3923,97362,biased,unbiased,12
A1_blue_rare,3924,97363,biased,unbiased,1
A1_blue_rare,3925,97364,biased,unbiased,2
A1_blue_rare,3926,97365,biased,unbiased,1
A1_blue_rare,3927,97366,biased,unbiased,1
A1_blue_rare,3928,97367,biased,unbiased,1
A1_blue_rare,3929,97368,biased,unbiased,1
A1_blue_rare,3930,97369,biased,unbiased,1
A1_blue_rare,3931,97370,biased,unbiased,1
A1_blue_rare,3932,97371,biased,unbiased,1
A1_blue_rare,3933,97372,biased,unbiased,1
A1_blue_rare,3934,97373,biased,biased,25
A1_blue_rare,3935,97374,biased,unbiased,1
A1_blue_rare,3936,97375,biased,unbiased,1
A1_blue_rare,3937,97376,biased,unbiased,8
A1_blue_rare,3938,97377,biased,unbiased,1
A1_blue_rare,3939,97378,biased,unbiased,3
A1_blue_rare,3940,97379,biased,unbiased,1
A1_blue_rare,3941,97380,biased,unbiased,1
A1_blue_rare,3942,97381,biased,unbiased,1
A1_blue_rare,3943,97382,biased,unbiased,4
A1_blue_rare,3944,97383,biased,unbiased,1
A1_blue_rare,3945,97384,biased,unbiased,3
A1_blue_rare,3946,97385,biased,unbiased,1
A1_blue_rare,3947,97386,biased,unbiased,1
A1_blue_rare,3948,97387,biased,unbiased,1
A1_blue_rare,3949,97388,biased,unbiased,1
A1_blue_rare,3950,97389,biased,unbiased,1
A1_blue_rare,4101,97540,biased,unbiased,1
A1_blue_rare,4102,97541,biased,unbiased,1
A1_blue_rare,4103,97542,biased,unbiased,1
A1_blue_rare,4104,97543,biased,unbiased,2
A1_blue_rare,4105,97544,biased,unbiased,1
A1_blue_rare,4106,97545,biased,unbiased,3
A1_blue_rare,4107,97546,biased,unbiased,8
A1_blue_rare,4108,97547,biased,unbiased,1
A1_blue_rare,4109,97548,biased,unbiased,2
A1_blue_rare,4110,97549,biased,unbiased,1
A1_blue_rare,4111,97550,biased,unbiased,1
A1_blue_rare,4112,97551,biased,unbiased,1
A1_blue_rare,4113,97552,biased,unbiased,1
A1_blue_rare,4114,97553,biased,unbiased,2
A1_blue_rare,4115,97554,biased,unbiased,8
A1_blue_rare,4116,97555,biased,unbiased,1
A1_blue_rare,4117,97556,biased,unbiased,2
A1_blue_rare,4118,97557,biased,unbiased,1
A1_blue_rare,4119,97558,biased,unbiased,1
A1_blue_rare,4120,97559,biased,unbiased,1
A1_blue_rare,4121,97560,biased,unbiased,1
A1_blue_rare,4122,97561,biased,unbiased,1
A1_blue_rare,4123,97562,biased,unbiased,1
A1_blue_rare,4124,97563,biased,unbiased,1
A1_blue_rare,4125,97564,biased,unbiased,1
A1_blue_rare,4126,97565,biased,unbiased,1
A1_blue_rare,4127,97566,biased,unbiased,1
A1_blue_rare,4128,97567,biased,unbiased,1
A1_blue_rare,4129,97568,biased,unbiased,1
A1_blue_rare,4130,97569,biased,unbiased,1
A1_blue_rare,4131,97570,biased,unbiased,1
A1_blue_rare,4132,97571,biased,unbiased,1
A1_blue_rare,4133,97572,biased,unbiased,1
A1_blue_rare,4134,97573,biased,unbiased,1
A1_blue_rare,4135,97574,biased,unbiased,3
A1_blue_rare,4136,97575,biased,unbiased,1
A1_blue_rare,4137,97576,biased,unbiased,1
A1_blue_rare,4138,97577,biased,unbiased,1
A1_blue_rare,4139,97578,biased,unbiased,1
A1_blue_rare,4140,97579,biased,unbiased,1
A1_blue_rare,4141,97580,biased,unbiased,1
A1_blue_rare,4142,97581,biased,unbiased,3
A1_blue_rare,4143,97582,biased,unbiased,2
A1_blue_rare,4144,97583,biased,unbiased,1
A1_blue_rare,4145,97584,biased,unbiased,1
A1_blue_rare,4146,97585,biased,unbiased,2
A1_blue_rare,4147,97586,biased,unbiased,1
A1_blue_rare,4148,97587,biased,unbiased,2
A1_blue_rare,4149,97588,biased,unbiased,1
A1_blue_rare,4150,97589,biased,unbiased,1
A1_blue_rare,4301,97740,biased,unbiased,2
A1_blue_rare,4302,97741,biased,unbiased,1
A1_blue_rare,4303,97742,biased,unbiased,1
A1_blue_rare,4304,97743,biased,unbiased,1
A1_blue_rare,4305,97744,biased,unbiased,2
A1_blue_rare,4306,97745,biased,unbiased,1
A1_blue_rare,4307,97746,biased,unbiased,1
A1_blue_rare,4308,97747,biased,unbiased,2
A1_blue_rare,4309,97748,biased,unbiased,1
A1_blue_rare,4310,97749,biased,unbiased,1
A1_blue_rare,4311,97750,biased,unbiased,1
A1_blue_rare,4312,97751,biased,unbiased,1
A1_blue_rare,4313,97752,biased,unbiased,4
A1_blue_rare,4314,97753,biased,unbiased,1
A1_blue_rare,4315,97754,biased,unbiased,2
A1_blue_rare,4316,97755,biased,unbiased,1
A1_blue_rare,4317,97756,biased,unbiased,1
A1_blue_rare,4318,97757,biased,unbiased,1
A1_blue_rare,4319,97758,biased,unbiased,2
A1_blue_rare,4320,97759,biased,unbiased,1
A1_blue_rare,4321,97760,biased,unbiased,1
A1_blue_rare,4322,97761,biased,unbiased,1
A1_blue_rare,4323,97762,biased,unbiased,1
A1_blue_rare,4324,97763,biased,unbiased,2
A1_blue_rare,4325,97764,biased,unbiased,1
A1_blue_rare,4326,97765,biased,unbiased,1
A1_blue_rare,4327,97766,biased,unbiased,1
A1_blue_rare,4328,97767,biased,unbiased,1
A1_blue_rare,4329,97768,biased,unbiased,1
A1_blue_rare,4330,97769,biased,unbiased,1
A1_blue_rare,4331,97770,biased,unbiased,1
A1_blue_rare,4332,97771,biased,unbiased,1
A1_blue_rare,4333,97772,biased,unbiased,3
A1_blue_rare,4334,97773,biased,unbiased,2
A1_blue_rare,4335,97774,biased,unbiased,1
A1_blue_rare,4336,97775,biased,unbiased,2
A1_blue_rare,4337,97776,biased,unbiased,1
A1_blue_rare,4338,97777,biased,unbiased,1
A1_blue_rare,4339,97778,biased,unbiased,1
A1_blue_rare,4340,97779,biased,unbiased,3
A1_blue_rare,4341,97780,biased,unbiased,1
A1_blue_rare,4342,97781,biased,unbiased,1
A1_blue_rare,4343,97782,biased,unbiased,1
A1_blue_rare,4344,97783,biased,unbiased,1
A1_blue_rare,4345,97784,biased,unbiased,1
A1_blue_rare,4346,97785,biased,unbiased,1
A1_blue_rare,4347,97786,biased,unbiased,1
A1_blue_rare,4348,97787,biased,unbiased,2
A1_blue_rare,4349,97788,biased,unbiased,1
A1_blue_rare,4350,97789,biased,unbiased,1
A1_blue_rare,4151,97590,biased,unbiased,3
A1_blue_rare,4152,97591,biased,unbiased,7
A1_blue_rare,4153,97592,biased,unbiased,1
A1_blue_rare,4154,97593,biased,unbiased,1
A1_blue_rare,4155,97594,biased,unbiased,1
A1_blue_rare,4156,97595,biased,unbiased,1
A1_blue_rare,4157,97596,biased,unbiased,1
A1_blue_rare,4158,97597,biased,unbiased,1
A1_blue_rare,4159,97598,biased,unbiased,1
A1_blue_rare,4160,97599,biased,unbiased,1
A1_blue_rare,4161,97600,biased,unbiased,1
A1_blue_rare,4162,97601,biased,unbiased,1
A1_blue_rare,4163,97602,biased,unbiased,1
A1_blue_rare,4164,97603,biased,unbiased,1
A1_blue_rare,4165,97604,biased,unbiased,1
A1_blue_rare,4166,97605,biased,unbiased,2
A1_blue_rare,4167,97606,biased,unbiased,1
A1_blue_rare,4168,97607,biased,biased,31
A1_blue_rare,4169,97608,biased,unbiased,1
A1_blue_rare,4170,97609,biased,unbiased,3
A1_blue_rare,4171,97610,biased,unbiased,2
A1_blue_rare,4172,97611,biased,unbiased,1
A1_blue_rare,4173,97612,biased,unbiased,1
A1_blue_rare,4174,97613,biased,unbiased,1
A1_blue_rare,4175,97614,biased,unbiased,1
A1_blue_rare,4176,97615,biased,unbiased,1
A1_blue_rare,4177,97616,biased,unbiased,1
A1_blue_rare,4178,97617,biased,unbiased,1
A1_blue_rare,4179,97618,biased,unbiased,1
A1_blue_rare,4180,97619,biased,unbiased,1
A1_blue_rare,4181,97620,biased,unbiased,1
A1_blue_rare,4182,97621,biased,unbiased,1
A1_blue_rare,4183,97622,biased,unbiased,1
A1_blue_rare,4184,97623,biased,unbiased,1
A1_blue_rare,4185,97624,biased,unbiased,1
A1_blue_rare,4186,97625,biased,unbiased,1
A1_blue_rare,4187,97626,biased,unbiased,1
A1_blue_rare,4188,97627,biased,unbiased,3
A1_blue_rare,4189,97628,biased,unbiased,1
A1_blue_rare,4190,97629,biased,unbiased,1
A1_blue_rare,4191,97630,biased,unbiased,1
A1_blue_rare,4192,97631,biased,unbiased,1
A1_blue_rare,4193,97632,biased,unbiased,1
A1_blue_rare,4194,97633,biased,unbiased,1
A1_blue_rare,4195,97634,biased,unbiased,1
A1_blue_rare,4196,97635,biased,unbiased,1
A1_blue_rare,4197,97636,biased,unbiased,1
A1_blue_rare,4198,97637,biased,unbiased,1
A1_blue_rare,4199,97638,biased,unbiased,1
A1_blue_rare,4200,97639,biased,unbiased,1
A1_blue_rare,4351,97790,biased,unbiased,2
A1_blue_rare,4352,97791,biased,unbiased,2
A1_blue_rare,4353,97792,biased,unbiased,2
A1_blue_rare,4354,97793,biased,unbiased,1
A1_blue_rare,4355,97794,biased,unbiased,1
A1_blue_rare,4356,97795,biased,unbiased,1
A1_blue_rare,4357,97796,biased,unbiased,1
A1_blue_rare,4358,97797,biased,unbiased,1
A1_blue_rare,4359,97798,biased,unbiased,5
A1_blue_rare,4360,97799,biased,unbiased,1
A1_blue_rare,4361,97800,biased,unbiased,2
A1_blue_rare,4362,97801,biased,unbiased,1
A1_blue_rare,4363,97802,biased,unbiased,1
A1_blue_rare,4364,97803,biased,unbiased,1
A1_blue_rare,4365,97804,biased,unbiased,2
A1_blue_rare,4366,97805,biased,unbiased,1
A1_blue_rare,4367,97806,biased,unbiased,1
A1_blue_rare,4368,97807,biased,unbiased,1
A1_blue_rare,4369,97808,biased,unbiased,1
A1_blue_rare,4370,97809,biased,unbiased,1
A1_blue_rare,4371,97810,biased,unbiased,1
A1_blue_rare,4372,97811,biased,unbiased,1
A1_blue_rare,4373,97812,biased,unbiased,1
A1_blue_rare,4374,97813,biased,unbiased,1
A1_blue_rare,4375,97814,biased,unbiased,1
A1_blue_rare,4376,97815,biased,unbiased,1
A1_blue_rare,4377,97816,biased,unbiased,1
A1_blue_rare,4378,97817,biased,unbiased,1
A1_blue_rare,4379,97818,biased,unbiased,1
A1_blue_rare,4380,97819,biased,unbiased,1
A1_blue_rare,4381,97820,biased,unbiased,1
A1_blue_rare,4382,97821,biased,unbiased,1
A1_blue_rare,4383,97822,biased,unbiased,1
A1_blue_rare,4384,97823,biased,unbiased,1
A1_blue_rare,4385,97824,biased,unbiased,2
A1_blue_rare,4386,97825,biased,unbiased,1
A1_blue_rare,4387,97826,biased,unbiased,1
A1_blue_rare,4388,97827,biased,unbiased,1
A1_blue_rare,4389,97828,biased,unbiased,1
A1_blue_rare,4390,97829,biased,unbiased,1
A1_blue_rare,4391,97830,biased,unbiased,2
A1_blue_rare,4392,97831,biased,unbiased,1
A1_blue_rare,4393,97832,biased,unbiased,1
A1_blue_rare,4394,97833,biased,unbiased,1
A1_blue_rare,4395,97834,biased,unbiased,8
A1_blue_rare,4396,97835,biased,unbiased,1
A1_blue_rare,4397,97836,biased,unbiased,1
A1_blue_rare,4398,97837,biased,unbiased,1
A1_blue_rare,4399,97838,biased,unbiased,1
A1_blue_rare,4400,97839,biased,unbiased,1
A1_blue_rare,4451,97890,biased,unbiased,1
A1_blue_rare,4452,97891,biased,unbiased,5
A1_blue_rare,4453,97892,biased,unbiased,1
A1_blue_rare,4454,97893,biased,unbiased,1
A1_blue_rare,4455,97894,biased,unbiased,1
A1_blue_rare,4456,97895,biased,unbiased,1
A1_blue_rare,4457,97896,biased,unbiased,1
A1_blue_rare,4458,97897,biased,unbiased,1
A1_blue_rare,4459,97898,biased,unbiased,1
A1_blue_rare,4460,97899,biased,unbiased,1
A1_blue_rare,4461,97900,biased,unbiased,1
A1_blue_rare,4462,97901,biased,unbiased,1
A1_blue_rare,4463,97902,biased,unbiased,1
A1_blue_rare,4464,97903,biased,unbiased,4
A1_blue_rare,4465,97904,biased,unbiased,1
A1_blue_rare,4466,97905,biased,unbiased,1
A1_blue_rare,4467,97906,biased,unbiased,1
A1_blue_rare,4468,97907,biased,unbiased,1
A1_blue_rare,4469,97908,biased,unbiased,1
A1_blue_rare,4470,97909,biased,unbiased,2
A1_blue_rare,4471,97910,biased,unbiased,1
A1_blue_rare,4472,97911,biased,unbiased,1
A1_blue_rare,4473,97912,biased,unbiased,1
A1_blue_rare,4474,97913,biased,unbiased,1
A1_blue_rare,4475,97914,biased,unbiased,2
A1_blue_rare,4476,97915,biased,unbiased,1
A1_blue_rare,4477,97916,biased,unbiased,3
A1_blue_rare,4478,97917,biased,unbiased,1
A1_blue_rare,4479,97918,biased,unbiased,1
A1_blue_rare,4480,97919,biased,unbiased,1
A1_blue_rare,4481,97920,biased,unbiased,1
A1_blue_rare,4482,97921,biased,unbiased,1
A1_blue_rare,4483,97922,biased,unbiased,1
A1_blue_rare,4484,97923,biased,unbiased,1
A1_blue_rare,4485,97924,biased,unbiased,1
A1_blue_rare,4486,97925,biased,unbiased,1
A1_blue_rare,4487,97926,biased,unbiased,4
A1_blue_rare,4488,97927,biased,unbiased,1
A1_blue_rare,4489,97928,biased,unbiased,1
A1_blue_rare,4490,97929,biased,unbiased,1
A1_blue_rare,4491,97930,biased,unbiased,1
A1_blue_rare,4492,97931,biased,unbiased,1
A1_blue_rare,4493,97932,biased,unbiased,1
A1_blue_rare,4494,97933,biased,unbiased,2
A1_blue_rare,4495,97934,biased,unbiased,1
A1_blue_rare,4496,97935,biased,unbiased,1
A1_blue_rare,4497,97936,biased,unbiased,1
A1_blue_rare,4498,97937,biased,unbiased,1
A1_blue_rare,4499,97938,biased,unbiased,1
A1_blue_rare,4500,97939,biased,unbiased,1
A1_blue_rare,4401,97840,biased,unbiased,1
A1_blue_rare,4402,97841,biased,unbiased,1
A1_blue_rare,4403,97842,biased,unbiased,1
A1_blue_rare,4404,97843,biased,unbiased,2
A1_blue_rare,4405,97844,biased,unbiased,1
A1_blue_rare,4406,97845,biased,unbiased,1
A1_blue_rare,4407,97846,biased,unbiased,1
A1_blue_rare,4408,97847,biased,unbiased,1
A1_blue_rare,4409,97848,biased,unbiased,1
A1_blue_rare,4410,97849,biased,unbiased,3
A1_blue_rare,4411,97850,biased,unbiased,3
A1_blue_rare,4412,97851,biased,unbiased,1
A1_blue_rare,4413,97852,biased,unbiased,1
A1_blue_rare,4414,97853,biased,unbiased,1
A1_blue_rare,4415,97854,biased,unbiased,1
A1_blue_rare,4416,97855,biased,unbiased,1
A1_blue_rare,4417,97856,biased,unbiased,2
A1_blue_rare,4418,97857,biased,unbiased,1
A1_blue_rare,4419,97858,biased,unbiased,1
A1_blue_rare,4420,97859,biased,unbiased,1
A1_blue_rare,4421,97860,biased,unbiased,2
A1_blue_rare,4422,97861,biased,unbiased,1
A1_blue_rare,4423,97862,biased,unbiased,2
A1_blue_rare,4424,97863,biased,unbiased,1
A1_blue_rare,4425,97864,biased,unbiased,1
A1_blue_rare,4426,97865,biased,unbiased,1
A1_blue_rare,4427,97866,biased,unbiased,1
A1_blue_rare,4428,97867,biased,unbiased,2
A1_blue_rare,4429,97868,biased,unbiased,3
A1_blue_rare,4430,97869,biased,unbiased,3
A1_blue_rare,4431,97870,biased,unbiased,1
A1_blue_rare,4432,97871,biased,unbiased,2
A1_blue_rare,4433,97872,biased,unbiased,4
A1_blue_rare,4434,97873,biased,unbiased,1
A1_blue_rare,4435,97874,biased,unbiased,3
A1_blue_rare,4436,97875,biased,unbiased,1
A1_blue_rare,4437,97876,biased,unbiased,1
A1_blue_rare,4438,97877,biased,unbiased,1
A1_blue_rare,4439,97878,biased,unbiased,1
A1_blue_rare,4440,97879,biased,unbiased,1
A1_blue_rare,4441,97880,biased,unbiased,3
A1_blue_rare,4442,97881,biased,unbiased,1
A1_blue_rare,4443,97882,biased,unbiased,1
A1_blue_rare,4444,97883,biased,unbiased,1
A1_blue_rare,4445,97884,biased,unbiased,3
A1_blue_rare,4446,97885,biased,unbiased,1
A1_blue_rare,4447,97886,biased,unbiased,1
A1_blue_rare,4448,97887,biased,unbiased,1
A1_blue_rare,4449,97888,biased,unbiased,1
A1_blue_rare,4450,97889,biased,unbiased,1
A1_blue_rare,4501,97940,biased,unbiased,2
A1_blue_rare,4502,97941,biased,unbiased,1
A1_blue_rare,4503,97942,biased,unbiased,1
A1_blue_rare,4504,97943,biased,unbiased,1
A1_blue_rare,4505,97944,biased,unbiased,1
A1_blue_rare,4506,97945,biased,unbiased,1
A1_blue_rare,4507,97946,biased,unbiased,1
A1_blue_rare,4508,97947,biased,unbiased,1
A1_blue_rare,4509,97948,biased,unbiased,1
A1_blue_rare,4510,97949,biased,unbiased,1
A1_blue_rare,4511,97950,biased,unbiased,3
A1_blue_rare,4512,97951,biased,unbiased,1
A1_blue_rare,4513,97952,biased,unbiased,1
A1_blue_rare,4514,97953,biased,unbiased,1
A1_blue_rare,4515,97954,biased,unbiased,1
A1_blue_rare,4516,97955,biased,unbiased,1
A1_blue_rare,4517,97956,biased,unbiased,1
A1_blue_rare,4518,97957,biased,unbiased,2
A1_blue_rare,4519,97958,biased,unbiased,1
A1_blue_rare,4520,97959,biased,unbiased,1
A1_blue_rare,4521,97960,biased,unbiased,1
A1_blue_rare,4522,97961,biased,unbiased,1
A1_blue_rare,4523,97962,biased,unbiased,2
A1_blue_rare,4524,97963,biased,unbiased,1
A1_blue_rare,4525,97964,biased,unbiased,1
A1_blue_rare,4526,97965,biased,unbiased,2
A1_blue_rare,4527,97966,biased,unbiased,1
A1_blue_rare,4528,97967,biased,unbiased,1
A1_blue_rare,4529,97968,biased,unbiased,1
A1_blue_rare,4530,97969,biased,unbiased,1
A1_blue_rare,4531,97970,biased,unbiased,1
A1_blue_rare,4532,97971,biased,unbiased,1
A1_blue_rare,4533,97972,biased,unbiased,1
A1_blue_rare,4534,97973,biased,unbiased,1
A1_blue_rare,4535,97974,biased,unbiased,1
A1_blue_rare,4536,97975,biased,unbiased,3
A1_blue_rare,4537,97976,biased,unbiased,1
A1_blue_rare,4538,97977,biased,unbiased,2
A1_blue_rare,4539,97978,biased,unbiased,2
A1_blue_rare,4540,97979,biased,unbiased,1
A1_blue_rare,4541,97980,biased,unbiased,7
A1_blue_rare,4542,97981,biased,unbiased,1
A1_blue_rare,4543,97982,biased,unbiased,2
A1_blue_rare,4544,97983,biased,unbiased,1
A1_blue_rare,4545,97984,biased,unbiased,1
A1_blue_rare,4546,97985,biased,unbiased,1
A1_blue_rare,4547,97986,biased,unbiased,1
A1_blue_rare,4548,97987,biased,unbiased,1
A1_blue_rare,4549,97988,biased,unbiased,1
A1_blue_rare,4550,97989,biased,unbiased,1
A1_blue_rare,4601,98040,biased,unbiased,1
A1_blue_rare,4602,98041,biased,unbiased,1
A1_blue_rare,4603,98042,biased,unbiased,2
A1_blue_rare,4604,98043,biased,unbiased,1
A1_blue_rare,4605,98044,biased,unbiased,2
A1_blue_rare,4606,98045,biased,unbiased,1
A1_blue_rare,4607,98046,biased,unbiased,1
A1_blue_rare,4608,98047,biased,unbiased,1
A1_blue_rare,4609,98048,biased,unbiased,1
A1_blue_rare,4610,98049,biased,unbiased,1
A1_blue_rare,4611,98050,biased,unbiased,1
A1_blue_rare,4612,98051,biased,unbiased,1
A1_blue_rare,4613,98052,biased,unbiased,1
A1_blue_rare,4614,98053,biased,unbiased,1
A1_blue_rare,4615,98054,biased,unbiased,1
A1_blue_rare,4616,98055,biased,unbiased,2
A1_blue_rare,4617,98056,biased,unbiased,1
A1_blue_rare,4618,98057,biased,unbiased,1
A1_blue_rare,4619,98058,biased,unbiased,1
A1_blue_rare,4620,98059,biased,unbiased,1
A1_blue_rare,4621,98060,biased,unbiased,2
A1_blue_rare,4622,98061,biased,unbiased,1
A1_blue_rare,4623,98062,biased,unbiased,1
A1_blue_rare,4624,98063,biased,unbiased,1
A1_blue_rare,4625,98064,biased,unbiased,1
A1_blue_rare,4626,98065,biased,unbiased,1
A1_blue_rare,4627,98066,biased,unbiased,1
A1_blue_rare,4628,98067,biased,unbiased,1
A1_blue_rare,4629,98068,biased,unbiased,1
A1_blue_rare,4630,98069,biased,unbiased,1
A1_blue_rare,4631,98070,biased,unbiased,3
A1_blue_rare,4632,98071,biased,unbiased,1
A1_blue_rare,4633,98072,biased,unbiased,1
A1_blue_rare,4634,98073,biased,unbiased,5
A1_blue_rare,4635,98074,biased,unbiased,1
A1_blue_rare,4636,98075,biased,unbiased,1
A1_blue_rare,4637,98076,biased,unbiased,1
A1_blue_rare,4638,98077,biased,unbiased,1
A1_blue_rare,4639,98078,biased,unbiased,1
A1_blue_rare,4640,98079,biased,unbiased,1
A1_blue_rare,4641,98080,biased,unbiased,2
A1_blue_rare,4642,98081,biased,unbiased,1
A1_blue_rare,4643,98082,biased,unbiased,1
A1_blue_rare,4644,98083,biased,unbiased,1
A1_blue_rare,4645,98084,biased,unbiased,1
A1_blue_rare,4646,98085,biased,unbiased,1
A1_blue_rare,4647,98086,biased,unbiased,1
A1_blue_rare,4648,98087,biased,unbiased,1
A1_blue_rare,4649,98088,biased,unbiased,4
A1_blue_rare,4650,98089,biased,unbiased,1
A1_blue_rare,4801,98240,biased,unbiased,1
A1_blue_rare,4802,98241,biased,unbiased,1
A1_blue_rare,4803,98242,biased,unbiased,2
A1_blue_rare,4804,98243,biased,unbiased,1
A1_blue_rare,4805,98244,biased,unbiased,2
A1_blue_rare,4806,98245,biased,unbiased,2
A1_blue_rare,4807,98246,biased,unbiased,1
A1_blue_rare,4808,98247,biased,unbiased,1
A1_blue_rare,4809,98248,biased,unbiased,1
A1_blue_rare,4810,98249,biased,unbiased,1
A1_blue_rare,4811,98250,biased,unbiased,2
A1_blue_rare,4812,98251,biased,unbiased,1
A1_blue_rare,4813,98252,biased,unbiased,1
A1_blue_rare,4814,98253,biased,unbiased,1
A1_blue_rare,4815,98254,biased,unbiased,1
A1_blue_rare,4816,98255,biased,unbiased,1
A1_blue_rare,4817,98256,biased,unbiased,1
A1_blue_rare,4818,98257,biased,unbiased,1
A1_blue_rare,4819,98258,biased,unbiased,2
A1_blue_rare,4820,98259,biased,unbiased,3
A1_blue_rare,4821,98260,biased,unbiased,1
A1_blue_rare,4822,98261,biased,unbiased,1
A1_blue_rare,4823,98262,biased,unbiased,1
A1_blue_rare,4824,98263,biased,unbiased,1
A1_blue_rare,4825,98264,biased,unbiased,1
A1_blue_rare,4826,98265,biased,unbiased,2
A1_blue_rare,4827,98266,biased,unbiased,2
A1_blue_rare,4828,98267,biased,unbiased,1
A1_blue_rare,4829,98268,biased,unbiased,1
A1_blue_rare,4830,98269,biased,unbiased,1
A1_blue_rare,4831,98270,biased,unbiased,1
A1_blue_rare,4832,98271,biased,unbiased,2
A1_blue_rare,4833,98272,biased,unbiased,1
A1_blue_rare,4834,98273,biased,unbiased,1
A1_blue_rare,4835,98274,biased,unbiased,3
A1_blue_rare,4836,98275,biased,unbiased,1
A1_blue_rare,4837,98276,biased,unbiased,1
A1_blue_rare,4838,98277,biased,unbiased,1
A1_blue_rare,4839,98278,biased,unbiased,1
A1_blue_rare,4840,98279,biased,unbiased,1
A1_blue_rare,4841,98280,biased,unbiased,1
A1_blue_rare,4842,98281,biased,unbiased,1
A1_blue_rare,4843,98282,biased,unbiased,1
A1_blue_rare,4844,98283,biased,unbiased,1
A1_blue_rare,4845,98284,biased,unbiased,1
A1_blue_rare,4846,98285,biased,unbiased,3
A1_blue_rare,4847,98286,biased,unbiased,1
A1_blue_rare,4848,98287,biased,unbiased,3
A1_blue_rare,4849,98288,biased,unbiased,2
A1_blue_rare,4850,98289,biased,unbiased,2
A1_blue_rare,4851,98290,biased,unbiased,1
A1_blue_rare,4852,98291,biased,unbiased,2
A1_blue_rare,4853,98292,biased,unbiased,1
A1_blue_rare,4854,98293,biased,unbiased,1
A1_blue_rare,4855,98294,biased,unbiased,1
A1_blue_rare,4856,98295,biased,unbiased,1
A1_blue_rare,4857,98296,biased,unbiased,1
A1_blue_rare,4858,98297,biased,unbiased,1
A1_blue_rare,4859,98298,biased,unbiased,1
A1_blue_rare,4860,98299,biased,unbiased,1
A1_blue_rare,4861,98300,biased,unbiased,1
A1_blue_rare,4862,98301,biased,unbiased,1
A1_blue_rare,4863,98302,biased,unbiased,2
A1_blue_rare,4864,98303,biased,unbiased,1
A1_blue_rare,4865,98304,biased,unbiased,1
A1_blue_rare,4866,98305,biased,unbiased,1
A1_blue_rare,4867,98306,biased,unbiased,1
A1_blue_rare,4868,98307,biased,unbiased,1
A1_blue_rare,4869,98308,biased,unbiased,3
A1_blue_rare,4870,98309,biased,unbiased,1
A1_blue_rare,4871,98310,biased,unbiased,2
A1_blue_rare,4872,98311,biased,unbiased,1
A1_blue_rare,4873,98312,biased,unbiased,1
A1_blue_rare,4874,98313,biased,unbiased,1
A1_blue_rare,4875,98314,biased,unbiased,1
A1_blue_rare,4876,98315,biased,unbiased,1
A1_blue_rare,4877,98316,biased,unbiased,2
A1_blue_rare,4878,98317,biased,unbiased,1
A1_blue_rare,4879,98318,biased,unbiased,1
A1_blue_rare,4880,98319,biased,unbiased,1
A1_blue_rare,4881,98320,biased,unbiased,1
A1_blue_rare,4882,98321,biased,unbiased,1
A1_blue_rare,4883,98322,biased,unbiased,1
A1_blue_rare,4884,98323,biased,unbiased,1
A1_blue_rare,4885,98324,biased,unbiased,1
A1_blue_rare,4886,98325,biased,unbiased,1
A1_blue_rare,4887,98326,biased,unbiased,1
A1_blue_rare,4888,98327,biased,unbiased,1
A1_blue_rare,4889,98328,biased,unbiased,1
A1_blue_rare,4890,98329,biased,unbiased,1
A1_blue_rare,4891,98330,biased,unbiased,2
A1_blue_rare,4892,98331,biased,unbiased,1
A1_blue_rare,4893,98332,biased,unbiased,1
A1_blue_rare,4894,98333,biased,unbiased,1
A1_blue_rare,4895,98334,biased,unbiased,1
A1_blue_rare,4896,98335,biased,unbiased,1
A1_blue_rare,4897,98336,biased,unbiased,1
A1_blue_rare,4898,98337,biased,unbiased,1
A1_blue_rare,4899,98338,biased,unbiased,1
A1_blue_rare,4900,98339,biased,unbiased,1
A1_blue_rare,4951,98390,biased,unbiased,1
A1_blue_rare,4952,98391,biased,unbiased,2
A1_blue_rare,4953,98392,biased,unbiased,1
A1_blue_rare,4954,98393,biased,unbiased,1
A1_blue_rare,4955,98394,biased,unbiased,2
A1_blue_rare,4956,98395,biased,unbiased,1
A1_blue_rare,4957,98396,biased,unbiased,1
A1_blue_rare,4958,98397,biased,unbiased,1
A1_blue_rare,4959,98398,biased,unbiased,1
A1_blue_rare,4960,98399,biased,unbiased,1
A1_blue_rare,4961,98400,biased,unbiased,1
A1_blue_rare,4962,98401,biased,unbiased,1
A1_blue_rare,4963,98402,biased,unbiased,2
A1_blue_rare,4964,98403,biased,unbiased,1
A1_blue_rare,4965,98404,biased,unbiased,1
A1_blue_rare,4966,98405,biased,unbiased,2
A1_blue_rare,4967,98406,biased,unbiased,1
A1_blue_rare,4968,98407,biased,unbiased,1
A1_blue_rare,4969,98408,biased,unbiased,1
A1_blue_rare,4970,98409,biased,unbiased,1
A1_blue_rare,4971,98410,biased,unbiased,1
A1_blue_rare,4972,98411,biased,unbiased,1
A1_blue_rare,4973,98412,biased,unbiased,1
A1_blue_rare,4974,98413,biased,unbiased,1
A1_blue_rare,4975,98414,biased,unbiased,1
A1_blue_rare,4976,98415,biased,unbiased,1
A1_blue_rare,4977,98416,biased,unbiased,2
A1_blue_rare,4978,98417,biased,unbiased,1
A1_blue_rare,4979,98418,biased,unbiased,1
A1_blue_rare,4980,98419,biased,unbiased,1
A1_blue_rare,4981,98420,biased,unbiased,1
A1_blue_rare,4982,98421,biased,unbiased,1
A1_blue_rare,4983,98422,biased,unbiased,1
A1_blue_rare,4984,98423,biased,unbiased,1
A1_blue_rare,4985,98424,biased,unbiased,1
A1_blue_rare,4986,98425,biased,unbiased,1
A1_blue_rare,4987,98426,biased,unbiased,2
A1_blue_rare,4988,98427,biased,unbiased,1
A1_blue_rare,4989,98428,biased,unbiased,1
A1_blue_rare,4990,98429,biased,unbiased,2
A1_blue_rare,4991,98430,biased,unbiased,1
A1_blue_rare,4992,98431,biased,unbiased,1
A1_blue_rare,4993,98432,biased,unbiased,1
A1_blue_rare,4994,98433,biased,unbiased,1
A1_blue_rare,4995,98434,biased,unbiased,1
A1_blue_rare,4996,98435,biased,unbiased,1
A1_blue_rare,4997,98436,biased,unbiased,1
A1_blue_rare,4998,98437,biased,unbiased,1
A1_blue_rare,4999,98438,biased,unbiased,1
A1_blue_rare,5000,98439,biased,unbiased,1
A1_blue_rare,4751,98190,biased,unbiased,1
A1_blue_rare,4752,98191,biased,unbiased,2
A1_blue_rare,4753,98192,biased,unbiased,2
A1_blue_rare,4754,98193,biased,unbiased,1
A1_blue_rare,4755,98194,biased,unbiased,1
A1_blue_rare,4756,98195,biased,unbiased,1
A1_blue_rare,4757,98196,biased,unbiased,1
A1_blue_rare,4758,98197,biased,unbiased,1
A1_blue_rare,4759,98198,biased,unbiased,2
A1_blue_rare,4760,98199,biased,unbiased,1
A1_blue_rare,4761,98200,biased,unbiased,1
A1_blue_rare,4762,98201,biased,unbiased,1
A1_blue_rare,4763,98202,biased,unbiased,1
A1_blue_rare,4764,98203,biased,unbiased,1
A1_blue_rare,4765,98204,biased,unbiased,1
A1_blue_rare,4766,98205,biased,unbiased,1
A1_blue_rare,4767,98206,biased,unbiased,1
A1_blue_rare,4768,98207,biased,unbiased,1
A1_blue_rare,4769,98208,biased,unbiased,1
A1_blue_rare,4770,98209,biased,unbiased,1
A1_blue_rare,4771,98210,biased,unbiased,1
A1_blue_rare,4772,98211,biased,unbiased,1
A1_blue_rare,4773,98212,biased,unbiased,3
A1_blue_rare,4774,98213,biased,unbiased,1
A1_blue_rare,4775,98214,biased,unbiased,2
A1_blue_rare,4776,98215,biased,unbiased,3
A1_blue_rare,4777,98216,biased,unbiased,1
A1_blue_rare,4778,98217,biased,unbiased,1
A1_blue_rare,4779,98218,biased,unbiased,1
A1_blue_rare,4780,98219,biased,unbiased,10
A1_blue_rare,4781,98220,biased,unbiased,1
A1_blue_rare,4782,98221,biased,unbiased,1
A1_blue_rare,4783,98222,biased,unbiased,1
A1_blue_rare,4784,98223,biased,unbiased,1
A1_blue_rare,4785,98224,biased,unbiased,4
A1_blue_rare,4786,98225,biased,unbiased,1
A1_blue_rare,4787,98226,biased,unbiased,1
A1_blue_rare,4788,98227,biased,unbiased,1
A1_blue_rare,4789,98228,biased,unbiased,1
A1_blue_rare,4790,98229,biased,unbiased,1
A1_blue_rare,4791,98230,biased,unbiased,1
A1_blue_rare,4792,98231,biased,unbiased,1
A1_blue_rare,4793,98232,biased,unbiased,1
A1_blue_rare,4794,98233,biased,unbiased,13
A1_blue_rare,4795,98234,biased,unbiased,1
A1_blue_rare,4796,98235,biased,unbiased,1
A1_blue_rare,4797,98236,biased,unbiased,2
A1_blue_rare,4798,98237,biased,unbiased,1
A1_blue_rare,4799,98238,biased,unbiased,1
A1_blue_rare,4800,98239,biased,unbiased,1
B1_red_rare,51,8923,unbiased,biased,1
B1_red_rare,52,8924,unbiased,biased,1
B1_red_rare,53,8925,unbiased,biased,1
B1_red_rare,54,8926,unbiased,biased,3
B1_red_rare,55,8927,unbiased,biased,1
B1_red_rare,56,8928,unbiased,biased,1
B1_red_rare,57,8929,unbiased,biased,1
B1_red_rare,58,8930,unbiased,biased,1
B1_red_rare,59,8931,unbiased,biased,2
B1_red_rare,60,8932,unbiased,biased,1
B1_red_rare,61,8933,unbiased,biased,1
B1_red_rare,62,8934,unbiased,biased,1
B1_red_rare,63,8935,unbiased,biased,1
B1_red_rare,64,8936,unbiased,biased,2
B1_red_rare,65,8937,unbiased,biased,1
B1_red_rare,66,8938,unbiased,biased,1
B1_red_rare,67,8939,unbiased,biased,2
B1_red_rare,68,8940,unbiased,biased,1
B1_red_rare,69,8941,unbiased,biased,1
B1_red_rare,70,8942,unbiased,biased,1
B1_red_rare,71,8943,unbiased,biased,1
B1_red_rare,72,8944,unbiased,biased,1
B1_red_rare,73,8945,unbiased,biased,1
B1_red_rare,74,8946,unbiased,biased,1
B1_red_rare,75,8947,unbiased,biased,1
B1_red_rare,76,8948,unbiased,biased,1
B1_red_rare,77,8949,unbiased,biased,1
B1_red_rare,78,8950,unbiased,biased,1
B1_red_rare,79,8951,unbiased,biased,1
B1_red_rare,80,8952,unbiased,biased,1
B1_red_rare,81,8953,unbiased,biased,1
B1_red_rare,82,8954,unbiased,biased,2
B1_red_rare,83,8955,unbiased,biased,1
B1_red_rare,84,8956,unbiased,biased,1
B1_red_rare,85,8957,unbiased,biased,3
B1_red_rare,86,8958,unbiased,biased,1
B1_red_rare,87,8959,unbiased,biased,1
B1_red_rare,88,8960,unbiased,biased,2
B1_red_rare,89,8961,unbiased,biased,1
B1_red_rare,90,8962,unbiased,biased,2
B1_red_rare,91,8963,unbiased,biased,1
B1_red_rare,92,8964,unbiased,biased,1
B1_red_rare,93,8965,unbiased,biased,1
B1_red_rare,94,8966,unbiased,biased,2
B1_red_rare,95,8967,unbiased,biased,3
B1_red_rare,96,8968,unbiased,biased,1
B1_red_rare,97,8969,unbiased,biased,1
B1_red_rare,98,8970,unbiased,biased,1
B1_red_rare,99,8971,unbiased,biased,1
B1_red_rare,100,8972,unbiased,biased,3
B1_red_rare,101,8973,unbiased,biased,1
B1_red_rare,102,8974,unbiased,biased,1
B1_red_rare,103,8975,unbiased,biased,1
B1_red_rare,104,8976,unbiased,biased,1
B1_red_rare,105,8977,unbiased,biased,3
B1_red_rare,106,8978,unbiased,biased,1
B1_red_rare,107,8979,unbiased,biased,1
B1_red_rare,108,8980,unbiased,biased,2
B1_red_rare,109,8981,unbiased,biased,1
B1_red_rare,110,8982,unbiased,biased,1
B1_red_rare,111,8983,unbiased,biased,1
B1_red_rare,112,8984,unbiased,biased,1
B1_red_rare,113,8985,unbiased,biased,1
B1_red_rare,114,8986,unbiased,biased,1
B1_red_rare,115,8987,unbiased,biased,1
B1_red_rare,116,8988,unbiased,biased,1
B1_red_rare,117,8989,unbiased,biased,1
B1_red_rare,118,8990,unbiased,biased,1
B1_red_rare,119,8991,unbiased,biased,1
B1_red_rare,120,8992,unbiased,biased,1
B1_red_rare,121,8993,unbiased,biased,1
B1_red_rare,122,8994,unbiased,biased,1
B1_red_rare,123,8995,unbiased,biased,1
B1_red_rare,124,8996,unbiased,biased,1
B1_red_rare,125,8997,unbiased,biased,1
B1_red_rare,126,8998,unbiased,biased,1
B1_red_rare,127,8999,unbiased,biased,1
B1_red_rare,128,9000,unbiased,biased,1
B1_red_rare,129,9001,unbiased,biased,1
B1_red_rare,130,9002,unbiased,biased,1
B1_red_rare,131,9003,unbiased,biased,1
B1_red_rare,132,9004,unbiased,biased,1
B1_red_rare,133,9005,unbiased,biased,1
B1_red_rare,134,9006,unbiased,biased,3
B1_red_rare,135,9007,unbiased,biased,1
B1_red_rare,136,9008,unbiased,biased,1
B1_red_rare,137,9009,unbiased,biased,2
B1_red_rare,138,9010,unbiased,biased,2
B1_red_rare,139,9011,unbiased,biased,1
B1_red_rare,140,9012,unbiased,biased,1
B1_red_rare,141,9013,unbiased,biased,1
B1_red_rare,142,9014,unbiased,biased,1
B1_red_rare,143,9015,unbiased,biased,1
B1_red_rare,144,9016,unbiased,biased,1
B1_red_rare,145,9017,unbiased,biased,1
B1_red_rare,146,9018,unbiased,biased,1
B1_red_rare,147,9019,unbiased,biased,1
B1_red_rare,148,9020,unbiased,biased,1
B1_red_rare,149,9021,unbiased,biased,1
B1_red_rare,150,9022,unbiased,biased,1
A1_blue_rare,4551,97990,biased,unbiased,2
A1_blue_rare,4552,97991,biased,unbiased,1
A1_blue_rare,4553,97992,biased,unbiased,2
A1_blue_rare,4554,97993,biased,unbiased,1
A1_blue_rare,4555,97994,biased,unbiased,1
A1_blue_rare,4556,97995,biased,unbiased,1
A1_blue_rare,4557,97996,biased,unbiased,1
A1_blue_rare,4558,97997,biased,unbiased,1
A1_blue_rare,4559,97998,biased,unbiased,1
A1_blue_rare,4560,97999,biased,unbiased,3
A1_blue_rare,4561,98000,biased,unbiased,1
A1_blue_rare,4562,98001,biased,biased,30
A1_blue_rare,4563,98002,biased,unbiased,1
A1_blue_rare,4564,98003,biased,unbiased,1
A1_blue_rare,4565,98004,biased,unbiased,1
A1_blue_rare,4566,98005,biased,unbiased,1
A1_blue_rare,4567,98006,biased,unbiased,1
A1_blue_rare,4568,98007,biased,unbiased,1
A1_blue_rare,4569,98008,biased,unbiased,1
A1_blue_rare,4570,98009,biased,unbiased,1
A1_blue_rare,4571,98010,biased,unbiased,1
A1_blue_rare,4572,98011,biased,unbiased,1
A1_blue_rare,4573,98012,biased,unbiased,1
A1_blue_rare,4574,98013,biased,unbiased,2
A1_blue_rare,4575,98014,biased,unbiased,1
A1_blue_rare,4576,98015,biased,unbiased,2
A1_blue_rare,4577,98016,biased,unbiased,1
A1_blue_rare,4578,98017,biased,unbiased,1
A1_blue_rare,4579,98018,biased,unbiased,1
A1_blue_rare,4580,98019,biased,unbiased,1
A1_blue_rare,4581,98020,biased,unbiased,1
A1_blue_rare,4582,98021,biased,unbiased,1
A1_blue_rare,4583,98022,biased,unbiased,1
A1_blue_rare,4584,98023,biased,unbiased,1
A1_blue_rare,4585,98024,biased,unbiased,1
A1_blue_rare,4586,98025,biased,unbiased,1
A1_blue_rare,4587,98026,biased,unbiased,1
A1_blue_rare,4588,98027,biased,unbiased,1
A1_blue_rare,4589,98028,biased,unbiased,1
A1_blue_rare,4590,98029,biased,unbiased,3
A1_blue_rare,4591,98030,biased,unbiased,1
A1_blue_rare,4592,98031,biased,unbiased,1
A1_blue_rare,4593,98032,biased,biased,21
A1_blue_rare,4594,98033,biased,unbiased,1
A1_blue_rare,4595,98034,biased,unbiased,2
A1_blue_rare,4596,98035,biased,unbiased,1
A1_blue_rare,4597,98036,biased,unbiased,1
A1_blue_rare,4598,98037,biased,unbiased,2
A1_blue_rare,4599,98038,biased,unbiased,1
A1_blue_rare,4600,98039,biased,unbiased,1
A1_blue_rare,4651,98090,biased,unbiased,1
A1_blue_rare,4652,98091,biased,unbiased,1
A1_blue_rare,4653,98092,biased,unbiased,1
A1_blue_rare,4654,98093,biased,unbiased,1
A1_blue_rare,4655,98094,biased,unbiased,1
A1_blue_rare,4656,98095,biased,unbiased,1
A1_blue_rare,4657,98096,biased,unbiased,1
A1_blue_rare,4658,98097,biased,unbiased,1
A1_blue_rare,4659,98098,biased,unbiased,1
A1_blue_rare,4660,98099,biased,unbiased,1
A1_blue_rare,4661,98100,biased,unbiased,1
A1_blue_rare,4662,98101,biased,biased,18
A1_blue_rare,4663,98102,biased,unbiased,1
A1_blue_rare,4664,98103,biased,unbiased,3
A1_blue_rare,4665,98104,biased,unbiased,1
A1_blue_rare,4666,98105,biased,unbiased,1
A1_blue_rare,4667,98106,biased,unbiased,1
A1_blue_rare,4668,98107,biased,unbiased,6
A1_blue_rare,4669,98108,biased,unbiased,1
A1_blue_rare,4670,98109,biased,unbiased,1
A1_blue_rare,4671,98110,biased,unbiased,4
A1_blue_rare,4672,98111,biased,unbiased,1
A1_blue_rare,4673,98112,biased,unbiased,2
A1_blue_rare,4674,98113,biased,unbiased,1
A1_blue_rare,4675,98114,biased,unbiased,1
A1_blue_rare,4676,98115,biased,unbiased,1
A1_blue_rare,4677,98116,biased,unbiased,1
A1_blue_rare,4678,98117,biased,unbiased,2
A1_blue_rare,4679,98118,biased,unbiased,1
A1_blue_rare,4680,98119,biased,unbiased,3
A1_blue_rare,4681,98120,biased,unbiased,1
A1_blue_rare,4682,98121,biased,unbiased,1
A1_blue_rare,4683,98122,biased,unbiased,1
A1_blue_rare,4684,98123,biased,unbiased,1
A1_blue_rare,4685,98124,biased,unbiased,1
A1_blue_rare,4686,98125,biased,unbiased,1
A1_blue_rare,4687,98126,biased,unbiased,1
A1_blue_rare,4688,98127,biased,unbiased,1
A1_blue_rare,4689,98128,biased,unbiased,1
A1_blue_rare,4690,98129,biased,unbiased,1
A1_blue_rare,4691,98130,biased,unbiased,1
A1_blue_rare,4692,98131,biased,unbiased,1
A1_blue_rare,4693,98132,biased,unbiased,1
A1_blue_rare,4694,98133,biased,unbiased,1
A1_blue_rare,4695,98134,biased,unbiased,1
A1_blue_rare,4696,98135,biased,biased,19
A1_blue_rare,4697,98136,biased,unbiased,1
A1_blue_rare,4698,98137,biased,unbiased,1
A1_blue_rare,4699,98138,biased,unbiased,4
A1_blue_rare,4700,98139,biased,unbiased,1
A1_blue_rare,4901,98340,biased,unbiased,6
A1_blue_rare,4902,98341,biased,unbiased,1
A1_blue_rare,4903,98342,biased,unbiased,1
A1_blue_rare,4904,98343,biased,unbiased,1
A1_blue_rare,4905,98344,biased,unbiased,1
A1_blue_rare,4906,98345,biased,unbiased,1
A1_blue_rare,4907,98346,biased,unbiased,1
A1_blue_rare,4908,98347,biased,unbiased,1
A1_blue_rare,4909,98348,biased,unbiased,1
A1_blue_rare,4910,98349,biased,unbiased,4
A1_blue_rare,4911,98350,biased,unbiased,1
A1_blue_rare,4912,98351,biased,unbiased,1
A1_blue_rare,4913,98352,biased,unbiased,1
A1_blue_rare,4914,98353,biased,unbiased,1
A1_blue_rare,4915,98354,biased,unbiased,1
A1_blue_rare,4916,98355,biased,unbiased,1
A1_blue_rare,4917,98356,biased,unbiased,1
A1_blue_rare,4918,98357,biased,unbiased,1
A1_blue_rare,4919,98358,biased,unbiased,1
A1_blue_rare,4920,98359,biased,unbiased,3
A1_blue_rare,4921,98360,biased,unbiased,1
A1_blue_rare,4922,98361,biased,unbiased,1
A1_blue_rare,4923,98362,biased,unbiased,2
A1_blue_rare,4924,98363,biased,unbiased,1
A1_blue_rare,4925,98364,biased,unbiased,1
A1_blue_rare,4926,98365,biased,unbiased,1
A1_blue_rare,4927,98366,biased,unbiased,1
A1_blue_rare,4928,98367,biased,unbiased,3
A1_blue_rare,4929,98368,biased,unbiased,1
A1_blue_rare,4930,98369,biased,unbiased,1
A1_blue_rare,4931,98370,biased,unbiased,2
A1_blue_rare,4932,98371,biased,unbiased,2
A1_blue_rare,4933,98372,biased,unbiased,3
A1_blue_rare,4934,98373,biased,unbiased,1
A1_blue_rare,4935,98374,biased,unbiased,1
A1_blue_rare,4936,98375,biased,unbiased,1
A1_blue_rare,4937,98376,biased,unbiased,1
A1_blue_rare,4938,98377,biased,unbiased,1
A1_blue_rare,4939,98378,biased,unbiased,1
A1_blue_rare,4940,98379,biased,unbiased,10
A1_blue_rare,4941,98380,biased,unbiased,1
A1_blue_rare,4942,98381,biased,unbiased,1
A1_blue_rare,4943,98382,biased,unbiased,1
A1_blue_rare,4944,98383,biased,unbiased,2
A1_blue_rare,4945,98384,biased,unbiased,1
A1_blue_rare,4946,98385,biased,unbiased,2
A1_blue_rare,4947,98386,biased,unbiased,1
A1_blue_rare,4948,98387,biased,unbiased,2
A1_blue_rare,4949,98388,biased,unbiased,3
A1_blue_rare,4950,98389,biased,unbiased,1
A1_blue_rare,4701,98140,biased,unbiased,3
A1_blue_rare,4702,98141,biased,unbiased,1
A1_blue_rare,4703,98142,biased,unbiased,1
A1_blue_rare,4704,98143,biased,unbiased,1
A1_blue_rare,4705,98144,biased,unbiased,1
A1_blue_rare,4706,98145,biased,unbiased,1
A1_blue_rare,4707,98146,biased,unbiased,1
A1_blue_rare,4708,98147,biased,unbiased,1
A1_blue_rare,4709,98148,biased,unbiased,1
A1_blue_rare,4710,98149,biased,unbiased,1
A1_blue_rare,4711,98150,biased,unbiased,1
A1_blue_rare,4712,98151,biased,unbiased,1
A1_blue_rare,4713,98152,biased,unbiased,3
A1_blue_rare,4714,98153,biased,unbiased,2
A1_blue_rare,4715,98154,biased,unbiased,2
A1_blue_rare,4716,98155,biased,unbiased,1
A1_blue_rare,4717,98156,biased,unbiased,4
A1_blue_rare,4718,98157,biased,unbiased,1
A1_blue_rare,4719,98158,biased,unbiased,1
A1_blue_rare,4720,98159,biased,unbiased,2
A1_blue_rare,4721,98160,biased,unbiased,6
A1_blue_rare,4722,98161,biased,unbiased,1
A1_blue_rare,4723,98162,biased,unbiased,4
A1_blue_rare,4724,98163,biased,unbiased,4
A1_blue_rare,4725,98164,biased,unbiased,1
A1_blue_rare,4726,98165,biased,biased,28
A1_blue_rare,4727,98166,biased,unbiased,1
A1_blue_rare,4728,98167,biased,unbiased,1
A1_blue_rare,4729,98168,biased,unbiased,1
A1_blue_rare,4730,98169,biased,unbiased,1
A1_blue_rare,4731,98170,biased,unbiased,2
A1_blue_rare,4732,98171,biased,unbiased,2
A1_blue_rare,4733,98172,biased,unbiased,1
A1_blue_rare,4734,98173,biased,unbiased,1
A1_blue_rare,4735,98174,biased,unbiased,2
A1_blue_rare,4736,98175,biased,unbiased,1
A1_blue_rare,4737,98176,biased,unbiased,1
A1_blue_rare,4738,98177,biased,unbiased,1
A1_blue_rare,4739,98178,biased,unbiased,1
A1_blue_rare,4740,98179,biased,unbiased,1
A1_blue_rare,4741,98180,biased,unbiased,3
A1_blue_rare,4742,98181,biased,unbiased,1
A1_blue_rare,4743,98182,biased,unbiased,1
A1_blue_rare,4744,98183,biased,unbiased,1
A1_blue_rare,4745,98184,biased,unbiased,2
A1_blue_rare,4746,98185,biased,unbiased,1
A1_blue_rare,4747,98186,biased,unbiased,1
A1_blue_rare,4748,98187,biased,unbiased,1
A1_blue_rare,4749,98188,biased,unbiased,1
A1_blue_rare,4750,98189,biased,unbiased,1
B1_red_rare,1,8873,unbiased,biased,1
B1_red_rare,2,8874,unbiased,biased,4
B1_red_rare,3,8875,unbiased,biased,1
B1_red_rare,4,8876,unbiased,biased,2
B1_red_rare,5,8877,unbiased,biased,1
B1_red_rare,6,8878,unbiased,biased,1
B1_red_rare,7,8879,unbiased,biased,1
B1_red_rare,8,8880,unbiased,biased,1
B1_red_rare,9,8881,unbiased,biased,2
B1_red_rare,10,8882,unbiased,biased,1
B1_red_rare,11,8883,unbiased,biased,1
B1_red_rare,12,8884,unbiased,biased,3
B1_red_rare,13,8885,unbiased,biased,1
B1_red_rare,14,8886,unbiased,biased,6
B1_red_rare,15,8887,unbiased,biased,1
B1_red_rare,16,8888,unbiased,biased,1
B1_red_rare,17,8889,unbiased,biased,1
B1_red_rare,18,8890,unbiased,biased,1
B1_red_rare,19,8891,unbiased,biased,17
B1_red_rare,20,8892,unbiased,biased,1
B1_red_rare,21,8893,unbiased,biased,1
B1_red_rare,22,8894,unbiased,biased,1
B1_red_rare,23,8895,unbiased,biased,1
B1_red_rare,24,8896,unbiased,biased,1
B1_red_rare,25,8897,unbiased,biased,2
B1_red_rare,26,8898,unbiased,biased,4
B1_red_rare,27,8899,unbiased,biased,1
B1_red_rare,28,8900,unbiased,biased,1
B1_red_rare,29,8901,unbiased,biased,1
B1_red_rare,30,8902,unbiased,biased,1
B1_red_rare,31,8903,unbiased,biased,1
B1_red_rare,32,8904,unbiased,biased,1
B1_red_rare,33,8905,unbiased,biased,1
B1_red_rare,34,8906,unbiased,biased,2
B1_red_rare,35,8907,unbiased,biased,8
B1_red_rare,36,8908,unbiased,biased,1
B1_red_rare,37,8909,unbiased,biased,1
B1_red_rare,38,8910,unbiased,biased,2
B1_red_rare,39,8911,unbiased,biased,1
B1_red_rare,40,8912,unbiased,biased,2
B1_red_rare,41,8913,unbiased,biased,1
B1_red_rare,42,8914,unbiased,biased,1
B1_red_rare,43,8915,unbiased,biased,1
B1_red_rare,44,8916,unbiased,biased,1
B1_red_rare,45,8917,unbiased,biased,1
B1_red_rare,46,8918,unbiased,biased,1
B1_red_rare,47,8919,unbiased,biased,1
B1_red_rare,48,8920,unbiased,biased,1
B1_red_rare,49,8921,unbiased,biased,1
B1_red_rare,50,8922,unbiased,biased,1
B1_red_rare,151,9023,unbiased,biased,1
B1_red_rare,152,9024,unbiased,biased,1
B1_red_rare,153,9025,unbiased,biased,1
B1_red_rare,154,9026,unbiased,biased,2
B1_red_rare,155,9027,unbiased,biased,2
B1_red_rare,156,9028,unbiased,biased,1
B1_red_rare,157,9029,unbiased,biased,1
B1_red_rare,158,9030,unbiased,biased,1
B1_red_rare,159,9031,unbiased,biased,1
B1_red_rare,160,9032,unbiased,biased,1
B1_red_rare,161,9033,unbiased,biased,1
B1_red_rare,162,9034,unbiased,biased,1
B1_red_rare,163,9035,unbiased,biased,1
B1_red_rare,164,9036,unbiased,biased,1
B1_red_rare,165,9037,unbiased,biased,2
B1_red_rare,166,9038,unbiased,biased,4
B1_red_rare,167,9039,unbiased,biased,1
B1_red_rare,168,9040,unbiased,biased,1
B1_red_rare,169,9041,unbiased,biased,1
B1_red_rare,170,9042,unbiased,biased,1
B1_red_rare,171,9043,unbiased,biased,1
B1_red_rare,172,9044,unbiased,biased,1
B1_red_rare,173,9045,unbiased,biased,1
B1_red_rare,174,9046,unbiased,biased,2
B1_red_rare,175,9047,unbiased,biased,1
B1_red_rare,176,9048,unbiased,biased,1
B1_red_rare,177,9049,unbiased,biased,1
B1_red_rare,178,9050,unbiased,biased,1
B1_red_rare,179,9051,unbiased,biased,1
B1_red_rare,180,9052,unbiased,biased,1
B1_red_rare,181,9053,unbiased,biased,1
B1_red_rare,182,9054,unbiased,biased,16
B1_red_rare,183,9055,unbiased,biased,1
B1_red_rare,184,9056,unbiased,biased,1
B1_red_rare,185,9057,unbiased,biased,1
B1_red_rare,186,9058,unbiased,biased,1
B1_red_rare,187,9059,unbiased,biased,1
B1_red_rare,188,9060,unbiased,biased,1
B1_red_rare,189,9061,unbiased,biased,3
B1_red_rare,190,9062,unbiased,biased,1
B1_red_rare,191,9063,unbiased,biased,1
B1_red_rare,192,9064,unbiased,biased,1
B1_red_rare,193,9065,unbiased,biased,1
B1_red_rare,194,9066,unbiased,biased,1
B1_red_rare,195,9067,unbiased,biased,1
B1_red_rare,196,9068,unbiased,biased,1
B1_red_rare,197,9069,unbiased,biased,1
B1_red_rare,198,9070,unbiased,biased,1
B1_red_rare,199,9071,unbiased,biased,1
B1_red_rare,200,9072,unbiased,biased,1
B1_red_rare,251,9123,unbiased,biased,1
B1_red_rare,252,9124,unbiased,biased,3
B1_red_rare,253,9125,unbiased,biased,1
B1_red_rare,254,9126,unbiased,biased,2
B1_red_rare,255,9127,unbiased,biased,1
B1_red_rare,256,9128,unbiased,biased,1
B1_red_rare,257,9129,unbiased,biased,1
B1_red_rare,258,9130,unbiased,biased,1
B1_red_rare,259,9131,unbiased,biased,1
B1_red_rare,260,9132,unbiased,biased,1
B1_red_rare,261,9133,unbiased,biased,1
B1_red_rare,262,9134,unbiased,biased,1
B1_red_rare,263,9135,unbiased,biased,1
B1_red_rare,264,9136,unbiased,biased,1
B1_red_rare,265,9137,unbiased,biased,1
B1_red_rare,266,9138,unbiased,biased,1
B1_red_rare,267,9139,unbiased,biased,1
B1_red_rare,268,9140,unbiased,biased,3
B1_red_rare,269,9141,unbiased,biased,1
B1_red_rare,270,9142,unbiased,biased,1
B1_red_rare,271,9143,unbiased,biased,1
B1_red_rare,272,9144,unbiased,biased,1
B1_red_rare,273,9145,unbiased,biased,1
B1_red_rare,274,9146,unbiased,biased,1
B1_red_rare,275,9147,unbiased,biased,1
B1_red_rare,276,9148,unbiased,biased,1
B1_red_rare,277,9149,unbiased,biased,1
B1_red_rare,278,9150,unbiased,biased,1
B1_red_rare,279,9151,unbiased,biased,1
B1_red_rare,280,9152,unbiased,biased,1
B1_red_rare,281,9153,unbiased,biased,1
B1_red_rare,282,9154,unbiased,biased,3
B1_red_rare,283,9155,unbiased,biased,1
B1_red_rare,284,9156,unbiased,biased,1
B1_red_rare,285,9157,unbiased,biased,1
B1_red_rare,286,9158,unbiased,biased,1
B1_red_rare,287,9159,unbiased,biased,1
B1_red_rare,288,9160,unbiased,biased,1
B1_red_rare,289,9161,unbiased,biased,2
B1_red_rare,290,9162,unbiased,biased,1
B1_red_rare,291,9163,unbiased,biased,1
B1_red_rare,292,9164,unbiased,biased,1
B1_red_rare,293,9165,unbiased,biased,1
B1_red_rare,294,9166,unbiased,biased,1
B1_red_rare,295,9167,unbiased,biased,4
B1_red_rare,296,9168,unbiased,biased,1
B1_red_rare,297,9169,unbiased,biased,1
B1_red_rare,298,9170,unbiased,biased,1
B1_red_rare,299,9171,unbiased,biased,1
B1_red_rare,300,9172,unbiased,biased,2
B1_red_rare,301,9173,unbiased,biased,1
B1_red_rare,302,9174,unbiased,biased,1
B1_red_rare,303,9175,unbiased,biased,1
B1_red_rare,304,9176,unbiased,biased,1
B1_red_rare,305,9177,unbiased,biased,4
B1_red_rare,306,9178,unbiased,biased,1
B1_red_rare,307,9179,unbiased,biased,1
B1_red_rare,308,9180,unbiased,biased,1
B1_red_rare,309,9181,unbiased,biased,1
B1_red_rare,310,9182,unbiased,biased,2
B1_red_rare,311,9183,unbiased,biased,2
B1_red_rare,312,9184,unbiased,biased,1
B1_red_rare,313,9185,unbiased,biased,1
B1_red_rare,314,9186,unbiased,biased,1
B1_red_rare,315,9187,unbiased,biased,1
B1_red_rare,316,9188,unbiased,biased,1
B1_red_rare,317,9189,unbiased,biased,1
B1_red_rare,318,9190,unbiased,biased,1
B1_red_rare,319,9191,unbiased,biased,5
B1_red_rare,320,9192,unbiased,biased,1
B1_red_rare,321,9193,unbiased,biased,1
B1_red_rare,322,9194,unbiased,biased,1
B1_red_rare,323,9195,unbiased,biased,1
B1_red_rare,324,9196,unbiased,biased,1
B1_red_rare,325,9197,unbiased,biased,1
B1_red_rare,326,9198,unbiased,biased,1
B1_red_rare,327,9199,unbiased,biased,1
B1_red_rare,328,9200,unbiased,biased,1
B1_red_rare,329,9201,unbiased,biased,1
B1_red_rare,330,9202,unbiased,biased,1
B1_red_rare,331,9203,unbiased,biased,1
B1_red_rare,332,9204,unbiased,biased,1
B1_red_rare,333,9205,unbiased,biased,1
B1_red_rare,334,9206,unbiased,biased,3
B1_red_rare,335,9207,unbiased,biased,1
B1_red_rare,336,9208,unbiased,biased,1
B1_red_rare,337,9209,unbiased,biased,1
B1_red_rare,338,9210,unbiased,biased,2
B1_red_rare,339,9211,unbiased,biased,1
B1_red_rare,340,9212,unbiased,biased,1
B1_red_rare,341,9213,unbiased,biased,1
B1_red_rare,342,9214,unbiased,biased,1
B1_red_rare,343,9215,unbiased,biased,1
B1_red_rare,344,9216,unbiased,biased,3
B1_red_rare,345,9217,unbiased,biased,1
B1_red_rare,346,9218,unbiased,biased,1
B1_red_rare,347,9219,unbiased,biased,1
B1_red_rare,348,9220,unbiased,biased,1
B1_red_rare,349,9221,unbiased,biased,1
B1_red_rare,350,9222,unbiased,biased,1
B1_red_rare,201,9073,unbiased,biased,1
B1_red_rare,202,9074,unbiased,biased,1
B1_red_rare,203,9075,unbiased,biased,1
B1_red_rare,204,9076,unbiased,biased,1
B1_red_rare,205,9077,unbiased,biased,1
B1_red_rare,206,9078,unbiased,biased,1
B1_red_rare,207,9079,unbiased,biased,1
B1_red_rare,208,9080,unbiased,biased,1
B1_red_rare,209,9081,unbiased,biased,1
B1_red_rare,210,9082,unbiased,biased,1
B1_red_rare,211,9083,unbiased,biased,1
B1_red_rare,212,9084,unbiased,biased,1
B1_red_rare,213,9085,unbiased,biased,1
B1_red_rare,214,9086,unbiased,biased,1
B1_red_rare,215,9087,unbiased,biased,1
B1_red_rare,216,9088,unbiased,biased,1
B1_red_rare,217,9089,unbiased,biased,1
B1_red_rare,218,9090,unbiased,biased,1
B1_red_rare,219,9091,unbiased,biased,1
B1_red_rare,220,9092,unbiased,biased,5
B1_red_rare,221,9093,unbiased,biased,2
B1_red_rare,222,9094,unbiased,biased,2
B1_red_rare,223,9095,unbiased,biased,1
B1_red_rare,224,9096,unbiased,biased,1
B1_red_rare,225,9097,unbiased,biased,1
B1_red_rare,226,9098,unbiased,biased,1
B1_red_rare,227,9099,unbiased,biased,1
B1_red_rare,228,9100,unbiased,biased,1
B1_red_rare,229,9101,unbiased,biased,1
B1_red_rare,230,9102,unbiased,biased,1
B1_red_rare,231,9103,unbiased,biased,1
B1_red_rare,232,9104,unbiased,biased,2
B1_red_rare,233,9105,unbiased,biased,1
B1_red_rare,234,9106,unbiased,biased,1
B1_red_rare,235,9107,unbiased,biased,1
B1_red_rare,236,9108,unbiased,biased,1
B1_red_rare,237,9109,unbiased,biased,1
B1_red_rare,238,9110,unbiased,biased,1
B1_red_rare,239,9111,unbiased,biased,1
B1_red_rare,240,9112,unbiased,biased,1
B1_red_rare,241,9113,unbiased,biased,1
B1_red_rare,242,9114,unbiased,biased,1
B1_red_rare,243,9115,unbiased,biased,1
B1_red_rare,244,9116,unbiased,biased,1
B1_red_rare,245,9117,unbiased,biased,2
B1_red_rare,246,9118,unbiased,biased,2
B1_red_rare,247,9119,unbiased,biased,1
B1_red_rare,248,9120,unbiased,biased,7
B1_red_rare,249,9121,unbiased,biased,1
B1_red_rare,250,9122,unbiased,biased,9
B1_red_rare,401,9273,unbiased,biased,2
B1_red_rare,402,9274,unbiased,biased,1
B1_red_rare,403,9275,unbiased,biased,1
B1_red_rare,404,9276,unbiased,biased,1
B1_red_rare,405,9277,unbiased,biased,2
B1_red_rare,406,9278,unbiased,biased,2
B1_red_rare,407,9279,unbiased,biased,1
B1_red_rare,408,9280,unbiased,biased,1
B1_red_rare,409,9281,unbiased,biased,1
B1_red_rare,410,9282,unbiased,biased,2
B1_red_rare,411,9283,unbiased,biased,3
B1_red_rare,412,9284,unbiased,biased,1
B1_red_rare,413,9285,unbiased,biased,1
B1_red_rare,414,9286,unbiased,biased,1
B1_red_rare,415,9287,unbiased,biased,1
B1_red_rare,416,9288,unbiased,biased,1
B1_red_rare,417,9289,unbiased,biased,1
B1_red_rare,418,9290,unbiased,biased,1
B1_red_rare,419,9291,unbiased,biased,1
B1_red_rare,420,9292,unbiased,biased,1
B1_red_rare,421,9293,unbiased,biased,2
B1_red_rare,422,9294,unbiased,biased,1
B1_red_rare,423,9295,unbiased,biased,2
B1_red_rare,424,9296,unbiased,biased,1
B1_red_rare,425,9297,unbiased,biased,2
B1_red_rare,426,9298,unbiased,biased,1
B1_red_rare,427,9299,unbiased,biased,1
B1_red_rare,428,9300,unbiased,biased,1
B1_red_rare,429,9301,unbiased,biased,1
B1_red_rare,430,9302,unbiased,biased,1
B1_red_rare,431,9303,unbiased,biased,1
B1_red_rare,432,9304,unbiased,biased,1
B1_red_rare,433,9305,unbiased,biased,1
B1_red_rare,434,9306,unbiased,biased,1
B1_red_rare,435,9307,unbiased,biased,1
B1_red_rare,436,9308,unbiased,biased,1
B1_red_rare,437,9309,unbiased,biased,1
B1_red_rare,438,9310,unbiased,biased,1
B1_red_rare,439,9311,unbiased,biased,5
B1_red_rare,440,9312,unbiased,biased,1
B1_red_rare,441,9313,unbiased,biased,1
B1_red_rare,442,9314,unbiased,biased,1
B1_red_rare,443,9315,unbiased,biased,2
B1_red_rare,444,9316,unbiased,biased,1
B1_red_rare,445,9317,unbiased,biased,1
B1_red_rare,446,9318,unbiased,biased,1
B1_red_rare,447,9319,unbiased,biased,1
B1_red_rare,448,9320,unbiased,biased,1
B1_red_rare,449,9321,unbiased,biased,1
B1_red_rare,450,9322,unbiased,biased,2
B1_red_rare,451,9323,unbiased,biased,1
B1_red_rare,452,9324,unbiased,biased,1
B1_red_rare,453,9325,unbiased,biased,2
B1_red_rare,454,9326,unbiased,biased,1
B1_red_rare,455,9327,unbiased,biased,1
B1_red_rare,456,9328,unbiased,biased,2
B1_red_rare,457,9329,unbiased,biased,1
B1_red_rare,458,9330,unbiased,biased,2
B1_red_rare,459,9331,unbiased,biased,1
B1_red_rare,460,9332,unbiased,biased,1
B1_red_rare,461,9333,unbiased,biased,1
B1_red_rare,462,9334,unbiased,biased,1
B1_red_rare,463,9335,unbiased,biased,1
B1_red_rare,464,9336,unbiased,biased,1
B1_red_rare,465,9337,unbiased,biased,1
B1_red_rare,466,9338,unbiased,biased,1
B1_red_rare,467,9339,unbiased,biased,1
B1_red_rare,468,9340,unbiased,biased,1
B1_red_rare,469,9341,unbiased,biased,1
B1_red_rare,470,9342,unbiased,biased,1
B1_red_rare,471,9343,unbiased,biased,4
B1_red_rare,472,9344,unbiased,biased,1
B1_red_rare,473,9345,unbiased,biased,3
B1_red_rare,474,9346,unbiased,biased,1
B1_red_rare,475,9347,unbiased,biased,1
B1_red_rare,476,9348,unbiased,biased,1
B1_red_rare,477,9349,unbiased,biased,1
B1_red_rare,478,9350,unbiased,biased,1
B1_red_rare,479,9351,unbiased,biased,1
B1_red_rare,480,9352,unbiased,biased,1
B1_red_rare,481,9353,unbiased,biased,1
B1_red_rare,482,9354,unbiased,biased,1
B1_red_rare,483,9355,unbiased,biased,1
B1_red_rare,484,9356,unbiased,biased,1
B1_red_rare,485,9357,unbiased,biased,1
B1_red_rare,486,9358,unbiased,biased,1
B1_red_rare,487,9359,unbiased,biased,1
B1_red_rare,488,9360,unbiased,biased,1
B1_red_rare,489,9361,unbiased,biased,1
B1_red_rare,490,9362,unbiased,biased,1
B1_red_rare,491,9363,unbiased,biased,1
B1_red_rare,492,9364,unbiased,biased,1
B1_red_rare,493,9365,unbiased,biased,1
B1_red_rare,494,9366,unbiased,biased,1
B1_red_rare,495,9367,unbiased,biased,1
B1_red_rare,496,9368,unbiased,biased,1
B1_red_rare,497,9369,unbiased,biased,2
B1_red_rare,498,9370,unbiased,biased,1
B1_red_rare,499,9371,unbiased,biased,6
B1_red_rare,500,9372,unbiased,biased,1
B1_red_rare,351,9223,unbiased,biased,1
B1_red_rare,352,9224,unbiased,biased,1
B1_red_rare,353,9225,unbiased,biased,1
B1_red_rare,354,9226,unbiased,biased,1
B1_red_rare,355,9227,unbiased,biased,1
B1_red_rare,356,9228,unbiased,biased,1
B1_red_rare,357,9229,unbiased,biased,1
B1_red_rare,358,9230,unbiased,biased,1
B1_red_rare,359,9231,unbiased,biased,2
B1_red_rare,360,9232,unbiased,biased,1
B1_red_rare,361,9233,unbiased,biased,1
B1_red_rare,362,9234,unbiased,biased,2
B1_red_rare,363,9235,unbiased,biased,1
B1_red_rare,364,9236,unbiased,biased,1
B1_red_rare,365,9237,unbiased,biased,1
B1_red_rare,366,9238,unbiased,biased,1
B1_red_rare,367,9239,unbiased,biased,10
B1_red_rare,368,9240,unbiased,biased,3
B1_red_rare,369,9241,unbiased,biased,1
B1_red_rare,370,9242,unbiased,biased,1
B1_red_rare,371,9243,unbiased,biased,1
B1_red_rare,372,9244,unbiased,biased,1
B1_red_rare,373,9245,unbiased,biased,1
B1_red_rare,374,9246,unbiased,biased,1
B1_red_rare,375,9247,unbiased,biased,1
B1_red_rare,376,9248,unbiased,biased,1
B1_red_rare,377,9249,unbiased,biased,1
B1_red_rare,378,9250,unbiased,biased,2
B1_red_rare,379,9251,unbiased,biased,1
B1_red_rare,380,9252,unbiased,biased,1
B1_red_rare,381,9253,unbiased,biased,1
B1_red_rare,382,9254,unbiased,biased,1
B1_red_rare,383,9255,unbiased,biased,1
B1_red_rare,384,9256,unbiased,biased,1
B1_red_rare,385,9257,unbiased,biased,1
B1_red_rare,386,9258,unbiased,biased,1
B1_red_rare,387,9259,unbiased,biased,1
B1_red_rare,388,9260,unbiased,biased,1
B1_red_rare,389,9261,unbiased,biased,1
B1_red_rare,390,9262,unbiased,biased,1
B1_red_rare,391,9263,unbiased,biased,1
B1_red_rare,392,9264,unbiased,biased,1
B1_red_rare,393,9265,unbiased,biased,1
B1_red_rare,394,9266,unbiased,biased,1
B1_red_rare,395,9267,unbiased,biased,3
B1_red_rare,396,9268,unbiased,biased,1
B1_red_rare,397,9269,unbiased,biased,2
B1_red_rare,398,9270,unbiased,biased,1
B1_red_rare,399,9271,unbiased,biased,2
B1_red_rare,400,9272,unbiased,biased,1
B1_red_rare,551,9423,unbiased,biased,1
B1_red_rare,552,9424,unbiased,biased,1
B1_red_rare,553,9425,unbiased,biased,1
B1_red_rare,554,9426,unbiased,biased,1
B1_red_rare,555,9427,unbiased,biased,1
B1_red_rare,556,9428,unbiased,biased,1
B1_red_rare,557,9429,unbiased,biased,1
B1_red_rare,558,9430,unbiased,biased,1
B1_red_rare,559,9431,unbiased,biased,1
B1_red_rare,560,9432,unbiased,biased,3
B1_red_rare,561,9433,unbiased,biased,1
B1_red_rare,562,9434,unbiased,biased,7
B1_red_rare,563,9435,unbiased,biased,1
B1_red_rare,564,9436,unbiased,biased,1
B1_red_rare,565,9437,unbiased,biased,1
B1_red_rare,566,9438,unbiased,biased,1
B1_red_rare,567,9439,unbiased,biased,2
B1_red_rare,568,9440,unbiased,biased,1
B1_red_rare,569,9441,unbiased,biased,1
B1_red_rare,570,9442,unbiased,biased,1
B1_red_rare,571,9443,unbiased,biased,2
B1_red_rare,572,9444,unbiased,biased,1
B1_red_rare,573,9445,unbiased,biased,1
B1_red_rare,574,9446,unbiased,biased,1
B1_red_rare,575,9447,unbiased,biased,1
B1_red_rare,576,9448,unbiased,biased,1
B1_red_rare,577,9449,unbiased,biased,1
B1_red_rare,578,9450,unbiased,biased,1
B1_red_rare,579,9451,unbiased,biased,1
B1_red_rare,580,9452,unbiased,biased,2
B1_red_rare,581,9453,unbiased,biased,1
B1_red_rare,582,9454,unbiased,biased,1
B1_red_rare,583,9455,unbiased,biased,1
B1_red_rare,584,9456,unbiased,biased,1
B1_red_rare,585,9457,unbiased,biased,2
B1_red_rare,586,9458,unbiased,biased,3
B1_red_rare,587,9459,unbiased,biased,1
B1_red_rare,588,9460,unbiased,biased,1
B1_red_rare,589,9461,unbiased,biased,1
B1_red_rare,590,9462,unbiased,biased,2
B1_red_rare,591,9463,unbiased,biased,1
B1_red_rare,592,9464,unbiased,biased,1
B1_red_rare,593,9465,unbiased,biased,1
B1_red_rare,594,9466,unbiased,biased,1
B1_red_rare,595,9467,unbiased,biased,1
B1_red_rare,596,9468,unbiased,biased,1
B1_red_rare,597,9469,unbiased,biased,1
B1_red_rare,598,9470,unbiased,biased,1
B1_red_rare,599,9471,unbiased,biased,2
B1_red_rare,600,9472,unbiased,biased,1
B1_red_rare,501,9373,unbiased,biased,1
B1_red_rare,502,9374,unbiased,biased,1
B1_red_rare,503,9375,unbiased,biased,2
B1_red_rare,504,9376,unbiased,biased,1
B1_red_rare,505,9377,unbiased,biased,3
B1_red_rare,506,9378,unbiased,biased,3
B1_red_rare,507,9379,unbiased,biased,3
B1_red_rare,508,9380,unbiased,biased,1
B1_red_rare,509,9381,unbiased,biased,1
B1_red_rare,510,9382,unbiased,biased,1
B1_red_rare,511,9383,unbiased,biased,2
B1_red_rare,512,9384,unbiased,biased,1
B1_red_rare,513,9385,unbiased,biased,3
B1_red_rare,514,9386,unbiased,biased,1
B1_red_rare,515,9387,unbiased,biased,1
B1_red_rare,516,9388,unbiased,biased,1
B1_red_rare,517,9389,unbiased,biased,1
B1_red_rare,518,9390,unbiased,biased,1
B1_red_rare,519,9391,unbiased,biased,3
B1_red_rare,520,9392,unbiased,biased,1
B1_red_rare,521,9393,unbiased,biased,1
B1_red_rare,522,9394,unbiased,biased,2
B1_red_rare,523,9395,unbiased,biased,1
B1_red_rare,524,9396,unbiased,biased,1
B1_red_rare,525,9397,unbiased,biased,1
B1_red_rare,526,9398,unbiased,biased,1
B1_red_rare,527,9399,unbiased,biased,1
B1_red_rare,528,9400,unbiased,biased,2
B1_red_rare,529,9401,unbiased,biased,1
B1_red_rare,530,9402,unbiased,biased,2
B1_red_rare,531,9403,unbiased,biased,1
B1_red_rare,532,9404,unbiased,biased,1
B1_red_rare,533,9405,unbiased,biased,1
B1_red_rare,534,9406,unbiased,biased,1
B1_red_rare,535,9407,unbiased,biased,3
B1_red_rare,536,9408,unbiased,biased,1
B1_red_rare,537,9409,unbiased,biased,1
B1_red_rare,538,9410,unbiased,biased,1
B1_red_rare,539,9411,unbiased,biased,6
B1_red_rare,540,9412,unbiased,biased,1
B1_red_rare,541,9413,unbiased,biased,1
B1_red_rare,542,9414,unbiased,biased,1
B1_red_rare,543,9415,unbiased,biased,1
B1_red_rare,544,9416,unbiased,biased,1
B1_red_rare,545,9417,unbiased,biased,1
B1_red_rare,546,9418,unbiased,biased,3
B1_red_rare,547,9419,unbiased,biased,2
B1_red_rare,548,9420,unbiased,biased,1
B1_red_rare,549,9421,unbiased,biased,1
B1_red_rare,550,9422,unbiased,biased,1
B1_red_rare,601,9473,unbiased,biased,1
B1_red_rare,602,9474,unbiased,biased,1
B1_red_rare,603,9475,unbiased,biased,1
B1_red_rare,604,9476,unbiased,biased,1
B1_red_rare,605,9477,unbiased,biased,1
B1_red_rare,606,9478,unbiased,biased,1
B1_red_rare,607,9479,unbiased,biased,1
B1_red_rare,608,9480,unbiased,biased,1
B1_red_rare,609,9481,unbiased,biased,1
B1_red_rare,610,9482,unbiased,biased,1
B1_red_rare,611,9483,unbiased,biased,1
B1_red_rare,612,9484,unbiased,biased,1
B1_red_rare,613,9485,unbiased,biased,1
B1_red_rare,614,9486,unbiased,biased,1
B1_red_rare,615,9487,unbiased,biased,1
B1_red_rare,616,9488,unbiased,biased,2
B1_red_rare,617,9489,unbiased,biased,1
B1_red_rare,618,9490,unbiased,biased,2
B1_red_rare,619,9491,unbiased,biased,1
B1_red_rare,620,9492,unbiased,biased,1
B1_red_rare,621,9493,unbiased,biased,1
B1_red_rare,622,9494,unbiased,biased,1
B1_red_rare,623,9495,unbiased,biased,2
B1_red_rare,624,9496,unbiased,biased,1
B1_red_rare,625,9497,unbiased,biased,5
B1_red_rare,626,9498,unbiased,biased,1
B1_red_rare,627,9499,unbiased,biased,2
B1_red_rare,628,9500,unbiased,biased,1
B1_red_rare,629,9501,unbiased,biased,1
B1_red_rare,630,9502,unbiased,biased,1
B1_red_rare,631,9503,unbiased,biased,1
B1_red_rare,632,9504,unbiased,biased,1
B1_red_rare,633,9505,unbiased,biased,1
B1_red_rare,634,9506,unbiased,biased,1
B1_red_rare,635,9507,unbiased,biased,1
B1_red_rare,636,9508,unbiased,biased,1
B1_red_rare,637,9509,unbiased,biased,1
B1_red_rare,638,9510,unbiased,biased,3
B1_red_rare,639,9511,unbiased,biased,1
B1_red_rare,640,9512,unbiased,biased,1
B1_red_rare,641,9513,unbiased,biased,1
B1_red_rare,642,9514,unbiased,biased,1
B1_red_rare,643,9515,unbiased,biased,1
B1_red_rare,644,9516,unbiased,biased,1
B1_red_rare,645,9517,unbiased,biased,1
B1_red_rare,646,9518,unbiased,biased,1
B1_red_rare,647,9519,unbiased,biased,1
B1_red_rare,648,9520,unbiased,biased,5
B1_red_rare,649,9521,unbiased,biased,1
B1_red_rare,650,9522,unbiased,biased,1
B1_red_rare,701,9573,unbiased,biased,1
B1_red_rare,702,9574,unbiased,biased,1
B1_red_rare,703,9575,unbiased,biased,1
B1_red_rare,704,9576,unbiased,biased,1
B1_red_rare,705,9577,unbiased,biased,1
B1_red_rare,706,9578,unbiased,biased,4
B1_red_rare,707,9579,unbiased,biased,1
B1_red_rare,708,9580,unbiased,biased,1
B1_red_rare,709,9581,unbiased,biased,1
B1_red_rare,710,9582,unbiased,biased,1
B1_red_rare,711,9583,unbiased,biased,1
B1_red_rare,712,9584,unbiased,biased,1
B1_red_rare,713,9585,unbiased,biased,1
B1_red_rare,714,9586,unbiased,biased,1
B1_red_rare,715,9587,unbiased,biased,1
B1_red_rare,716,9588,unbiased,biased,1
B1_red_rare,717,9589,unbiased,biased,1
B1_red_rare,718,9590,unbiased,biased,1
B1_red_rare,719,9591,unbiased,biased,1
B1_red_rare,720,9592,unbiased,biased,1
B1_red_rare,721,9593,unbiased,biased,1
B1_red_rare,722,9594,unbiased,biased,1
B1_red_rare,723,9595,unbiased,biased,1
B1_red_rare,724,9596,unbiased,biased,1
B1_red_rare,725,9597,unbiased,biased,1
B1_red_rare,726,9598,unbiased,biased,1
B1_red_rare,727,9599,unbiased,biased,1
B1_red_rare,728,9600,unbiased,biased,2
B1_red_rare,729,9601,unbiased,biased,8
B1_red_rare,730,9602,unbiased,biased,1
B1_red_rare,731,9603,unbiased,biased,3
B1_red_rare,732,9604,unbiased,biased,1
B1_red_rare,733,9605,unbiased,biased,1
B1_red_rare,734,9606,unbiased,biased,1
B1_red_rare,735,9607,unbiased,biased,1
B1_red_rare,736,9608,unbiased,biased,1
B1_red_rare,737,9609,unbiased,biased,3
B1_red_rare,738,9610,unbiased,biased,1
B1_red_rare,739,9611,unbiased,biased,1
B1_red_rare,740,9612,unbiased,biased,1
B1_red_rare,741,9613,unbiased,biased,1
B1_red_rare,742,9614,unbiased,biased,1
B1_red_rare,743,9615,unbiased,biased,1
B1_red_rare,744,9616,unbiased,biased,1
B1_red_rare,745,9617,unbiased,biased,1
B1_red_rare,746,9618,unbiased,biased,1
B1_red_rare,747,9619,unbiased,biased,1
B1_red_rare,748,9620,unbiased,biased,1
B1_red_rare,749,9621,unbiased,biased,1
B1_red_rare,750,9622,unbiased,biased,1
B1_red_rare,751,9623,unbiased,biased,1
B1_red_rare,752,9624,unbiased,biased,1
B1_red_rare,753,9625,unbiased,biased,1
B1_red_rare,754,9626,unbiased,biased,1
B1_red_rare,755,9627,unbiased,biased,4
B1_red_rare,756,9628,unbiased,biased,1
B1_red_rare,757,9629,unbiased,biased,1
B1_red_rare,758,9630,unbiased,biased,1
B1_red_rare,759,9631,unbiased,biased,1
B1_red_rare,760,9632,unbiased,biased,1
B1_red_rare,761,9633,unbiased,biased,1
B1_red_rare,762,9634,unbiased,biased,1
B1_red_rare,763,9635,unbiased,biased,1
B1_red_rare,764,9636,unbiased,biased,1
B1_red_rare,765,9637,unbiased,biased,1
B1_red_rare,766,9638,unbiased,biased,1
B1_red_rare,767,9639,unbiased,biased,3
B1_red_rare,768,9640,unbiased,biased,1
B1_red_rare,769,9641,unbiased,biased,1
B1_red_rare,770,9642,unbiased,biased,2
B1_red_rare,771,9643,unbiased,biased,1
B1_red_rare,772,9644,unbiased,biased,1
B1_red_rare,773,9645,unbiased,biased,1
B1_red_rare,774,9646,unbiased,biased,1
B1_red_rare,775,9647,unbiased,biased,1
B1_red_rare,776,9648,unbiased,biased,1
B1_red_rare,777,9649,unbiased,biased,1
B1_red_rare,778,9650,unbiased,biased,1
B1_red_rare,779,9651,unbiased,biased,1
B1_red_rare,780,9652,unbiased,biased,1
B1_red_rare,781,9653,unbiased,biased,1
B1_red_rare,782,9654,unbiased,biased,1
B1_red_rare,783,9655,unbiased,biased,2
B1_red_rare,784,9656,unbiased,biased,1
B1_red_rare,785,9657,unbiased,biased,1
B1_red_rare,786,9658,unbiased,biased,1
B1_red_rare,787,9659,unbiased,biased,1
B1_red_rare,788,9660,unbiased,biased,1
B1_red_rare,789,9661,unbiased,biased,1
B1_red_rare,790,9662,unbiased,biased,4
B1_red_rare,791,9663,unbiased,biased,1
B1_red_rare,792,9664,unbiased,biased,2
B1_red_rare,793,9665,unbiased,biased,1
B1_red_rare,794,9666,unbiased,biased,1
B1_red_rare,795,9667,unbiased,biased,2
B1_red_rare,796,9668,unbiased,biased,1
B1_red_rare,797,9669,unbiased,biased,1
B1_red_rare,798,9670,unbiased,biased,1
B1_red_rare,799,9671,unbiased,biased,1
B1_red_rare,800,9672,unbiased,biased,1
B1_red_rare,651,9523,unbiased,biased,1
B1_red_rare,652,9524,unbiased,biased,1
B1_red_rare,653,9525,unbiased,biased,1
B1_red_rare,654,9526,unbiased,biased,3
B1_red_rare,655,9527,unbiased,biased,1
B1_red_rare,656,9528,unbiased,biased,1
B1_red_rare,657,9529,unbiased,biased,1
B1_red_rare,658,9530,unbiased,biased,1
B1_red_rare,659,9531,unbiased,biased,2
B1_red_rare,660,9532,unbiased,biased,1
B1_red_rare,661,9533,unbiased,biased,1
B1_red_rare,662,9534,unbiased,biased,1
B1_red_rare,663,9535,unbiased,biased,1
B1_red_rare,664,9536,unbiased,biased,1
B1_red_rare,665,9537,unbiased,biased,1
B1_red_rare,666,9538,unbiased,biased,2
B1_red_rare,667,9539,unbiased,biased,4
B1_red_rare,668,9540,unbiased,biased,1
B1_red_rare,669,9541,unbiased,biased,1
B1_red_rare,670,9542,unbiased,biased,1
B1_red_rare,671,9543,unbiased,biased,2
B1_red_rare,672,9544,unbiased,biased,2
B1_red_rare,673,9545,unbiased,biased,3
B1_red_rare,674,9546,unbiased,biased,1
B1_red_rare,675,9547,unbiased,biased,1
B1_red_rare,676,9548,unbiased,biased,1
B1_red_rare,677,9549,unbiased,biased,2
B1_red_rare,678,9550,unbiased,biased,1
B1_red_rare,679,9551,unbiased,biased,1
B1_red_rare,680,9552,unbiased,biased,1
B1_red_rare,681,9553,unbiased,biased,1
B1_red_rare,682,9554,unbiased,biased,1
B1_red_rare,683,9555,unbiased,biased,1
B1_red_rare,684,9556,unbiased,biased,1
B1_red_rare,685,9557,unbiased,biased,1
B1_red_rare,686,9558,unbiased,biased,3
B1_red_rare,687,9559,unbiased,biased,1
B1_red_rare,688,9560,unbiased,biased,5
B1_red_rare,689,9561,unbiased,biased,1
B1_red_rare,690,9562,unbiased,biased,5
B1_red_rare,691,9563,unbiased,biased,1
B1_red_rare,692,9564,unbiased,biased,1
B1_red_rare,693,9565,unbiased,biased,1
B1_red_rare,694,9566,unbiased,biased,1
B1_red_rare,695,9567,unbiased,biased,1
B1_red_rare,696,9568,unbiased,biased,1
B1_red_rare,697,9569,unbiased,biased,1
B1_red_rare,698,9570,unbiased,biased,1
B1_red_rare,699,9571,unbiased,biased,1
B1_red_rare,700,9572,unbiased,biased,1
B1_red_rare,901,9773,unbiased,biased,1
B1_red_rare,902,9774,unbiased,biased,1
B1_red_rare,903,9775,unbiased,biased,1
B1_red_rare,904,9776,unbiased,biased,1
B1_red_rare,905,9777,unbiased,biased,1
B1_red_rare,906,9778,unbiased,biased,1
B1_red_rare,907,9779,unbiased,biased,1
B1_red_rare,908,9780,unbiased,biased,1
B1_red_rare,909,9781,unbiased,biased,1
B1_red_rare,910,9782,unbiased,biased,1
B1_red_rare,911,9783,unbiased,biased,1
B1_red_rare,912,9784,unbiased,biased,2
B1_red_rare,913,9785,unbiased,biased,1
B1_red_rare,914,9786,unbiased,biased,1
B1_red_rare,915,9787,unbiased,biased,1
B1_red_rare,916,9788,unbiased,biased,1
B1_red_rare,917,9789,unbiased,biased,3
B1_red_rare,918,9790,unbiased,biased,1
B1_red_rare,919,9791,unbiased,biased,1
B1_red_rare,920,9792,unbiased,biased,1
B1_red_rare,921,9793,unbiased,biased,1
B1_red_rare,922,9794,unbiased,biased,1
B1_red_rare,923,9795,unbiased,biased,1
B1_red_rare,924,9796,unbiased,biased,1
B1_red_rare,925,9797,unbiased,biased,1
B1_red_rare,926,9798,unbiased,biased,1
B1_red_rare,927,9799,unbiased,biased,1
B1_red_rare,928,9800,unbiased,biased,2
B1_red_rare,929,9801,unbiased,biased,1
B1_red_rare,930,9802,unbiased,biased,1
B1_red_rare,931,9803,unbiased,biased,1
B1_red_rare,932,9804,unbiased,biased,1
B1_red_rare,933,9805,unbiased,biased,1
B1_red_rare,934,9806,unbiased,biased,1
B1_red_rare,935,9807,unbiased,biased,1
B1_red_rare,936,9808,unbiased,biased,1
B1_red_rare,937,9809,unbiased,biased,1
B1_red_rare,938,9810,unbiased,biased,3
B1_red_rare,939,9811,unbiased,biased,1
B1_red_rare,940,9812,unbiased,biased,1
B1_red_rare,941,9813,unbiased,biased,1
B1_red_rare,942,9814,unbiased,biased,1
B1_red_rare,943,9815,unbiased,biased,1
B1_red_rare,944,9816,unbiased,biased,1
B1_red_rare,945,9817,unbiased,biased,1
B1_red_rare,946,9818,unbiased,biased,1
B1_red_rare,947,9819,unbiased,biased,1
B1_red_rare,948,9820,unbiased,biased,1
B1_red_rare,949,9821,unbiased,biased,1
B1_red_rare,950,9822,unbiased,biased,2
B1_red_rare,801,9673,unbiased,biased,1
B1_red_rare,802,9674,unbiased,biased,1
B1_red_rare,803,9675,unbiased,biased,1
B1_red_rare,804,9676,unbiased,biased,1
B1_red_rare,805,9677,unbiased,biased,1
B1_red_rare,806,9678,unbiased,biased,2
B1_red_rare,807,9679,unbiased,biased,1
B1_red_rare,808,9680,unbiased,biased,3
B1_red_rare,809,9681,unbiased,biased,1
B1_red_rare,810,9682,unbiased,biased,1
B1_red_rare,811,9683,unbiased,biased,5
B1_red_rare,812,9684,unbiased,biased,1
B1_red_rare,813,9685,unbiased,biased,1
B1_red_rare,814,9686,unbiased,biased,1
B1_red_rare,815,9687,unbiased,biased,1
B1_red_rare,816,9688,unbiased,biased,1
B1_red_rare,817,9689,unbiased,biased,1
B1_red_rare,818,9690,unbiased,biased,1
B1_red_rare,819,9691,unbiased,biased,2
B1_red_rare,820,9692,unbiased,biased,1
B1_red_rare,821,9693,unbiased,biased,1
B1_red_rare,822,9694,unbiased,biased,1
B1_red_rare,823,9695,unbiased,biased,2
B1_red_rare,824,9696,unbiased,biased,1
B1_red_rare,825,9697,unbiased,biased,1
B1_red_rare,826,9698,unbiased,biased,1
B1_red_rare,827,9699,unbiased,biased,1
B1_red_rare,828,9700,unbiased,biased,1
B1_red_rare,829,9701,unbiased,biased,1
B1_red_rare,830,9702,unbiased,biased,2
B1_red_rare,831,9703,unbiased,biased,1
B1_red_rare,832,9704,unbiased,biased,1
B1_red_rare,833,9705,unbiased,biased,3
B1_red_rare,834,9706,unbiased,biased,1
B1_red_rare,835,9707,unbiased,biased,1
B1_red_rare,836,9708,unbiased,biased,1
B1_red_rare,837,9709,unbiased,biased,1
B1_red_rare,838,9710,unbiased,biased,1
B1_red_rare,839,9711,unbiased,biased,1
B1_red_rare,840,9712,unbiased,biased,1
B1_red_rare,841,9713,unbiased,biased,1
B1_red_rare,842,9714,unbiased,biased,1
B1_red_rare,843,9715,unbiased,biased,2
B1_red_rare,844,9716,unbiased,biased,1
B1_red_rare,845,9717,unbiased,biased,3
B1_red_rare,846,9718,unbiased,biased,1
B1_red_rare,847,9719,unbiased,biased,1
B1_red_rare,848,9720,unbiased,biased,1
B1_red_rare,849,9721,unbiased,biased,1
B1_red_rare,850,9722,unbiased,biased,1
B1_red_rare,851,9723,unbiased,biased,1
B1_red_rare,852,9724,unbiased,biased,1
B1_red_rare,853,9725,unbiased,biased,1
B1_red_rare,854,9726,unbiased,biased,1
B1_red_rare,855,9727,unbiased,biased,1
B1_red_rare,856,9728,unbiased,biased,1
B1_red_rare,857,9729,unbiased,biased,1
B1_red_rare,858,9730,unbiased,biased,1
B1_red_rare,859,9731,unbiased,biased,1
B1_red_rare,860,9732,unbiased,biased,3
B1_red_rare,861,9733,unbiased,biased,1
B1_red_rare,862,9734,unbiased,biased,1
B1_red_rare,863,9735,unbiased,biased,1
B1_red_rare,864,9736,unbiased,biased,1
B1_red_rare,865,9737,unbiased,biased,1
B1_red_rare,866,9738,unbiased,biased,1
B1_red_rare,867,9739,unbiased,biased,1
B1_red_rare,868,9740,unbiased,biased,1
B1_red_rare,869,9741,unbiased,biased,1
B1_red_rare,870,9742,unbiased,biased,1
B1_red_rare,871,9743,unbiased,biased,1
B1_red_rare,872,9744,unbiased,biased,1
B1_red_rare,873,9745,unbiased,biased,1
B1_red_rare,874,9746,unbiased,biased,1
B1_red_rare,875,9747,unbiased,biased,1
B1_red_rare,876,9748,unbiased,biased,2
B1_red_rare,877,9749,unbiased,biased,1
B1_red_rare,878,9750,unbiased,biased,1
B1_red_rare,879,9751,unbiased,biased,1
B1_red_rare,880,9752,unbiased,biased,1
B1_red_rare,881,9753,unbiased,biased,1
B1_red_rare,882,9754,unbiased,biased,1
B1_red_rare,883,9755,unbiased,biased,1
B1_red_rare,884,9756,unbiased,biased,1
B1_red_rare,885,9757,unbiased,biased,3
B1_red_rare,886,9758,unbiased,biased,1
B1_red_rare,887,9759,unbiased,biased,1
B1_red_rare,888,9760,unbiased,biased,1
B1_red_rare,889,9761,unbiased,biased,2
B1_red_rare,890,9762,unbiased,biased,1
B1_red_rare,891,9763,unbiased,biased,1
B1_red_rare,892,9764,unbiased,biased,1
B1_red_rare,893,9765,unbiased,biased,1
B1_red_rare,894,9766,unbiased,biased,1
B1_red_rare,895,9767,unbiased,biased,1
B1_red_rare,896,9768,unbiased,biased,11
B1_red_rare,897,9769,unbiased,biased,1
B1_red_rare,898,9770,unbiased,biased,1
B1_red_rare,899,9771,unbiased,biased,1
B1_red_rare,900,9772,unbiased,biased,2
B1_red_rare,1001,9873,unbiased,biased,2
B1_red_rare,1002,9874,unbiased,biased,1
B1_red_rare,1003,9875,unbiased,biased,1
B1_red_rare,1004,9876,unbiased,biased,1
B1_red_rare,1005,9877,unbiased,biased,1
B1_red_rare,1006,9878,unbiased,biased,1
B1_red_rare,1007,9879,unbiased,biased,1
B1_red_rare,1008,9880,unbiased,biased,1
B1_red_rare,1009,9881,unbiased,biased,1
B1_red_rare,1010,9882,unbiased,biased,1
B1_red_rare,1011,9883,unbiased,biased,2
B1_red_rare,1012,9884,unbiased,biased,1
B1_red_rare,1013,9885,unbiased,biased,1
B1_red_rare,1014,9886,unbiased,biased,1
B1_red_rare,1015,9887,unbiased,biased,1
B1_red_rare,1016,9888,unbiased,biased,1
B1_red_rare,1017,9889,unbiased,biased,1
B1_red_rare,1018,9890,unbiased,biased,2
B1_red_rare,1019,9891,unbiased,biased,1
B1_red_rare,1020,9892,unbiased,biased,1
B1_red_rare,1021,9893,unbiased,biased,1
B1_red_rare,1022,9894,unbiased,biased,1
B1_red_rare,1023,9895,unbiased,biased,1
B1_red_rare,1024,9896,unbiased,biased,1
B1_red_rare,1025,9897,unbiased,biased,1
B1_red_rare,1026,9898,unbiased,biased,1
B1_red_rare,1027,9899,unbiased,biased,1
B1_red_rare,1028,9900,unbiased,biased,1
B1_red_rare,1029,9901,unbiased,biased,1
B1_red_rare,1030,9902,unbiased,biased,1
B1_red_rare,1031,9903,unbiased,biased,1
B1_red_rare,1032,9904,unbiased,biased,1
B1_red_rare,1033,9905,unbiased,biased,1
B1_red_rare,1034,9906,unbiased,biased,1
B1_red_rare,1035,9907,unbiased,biased,1
B1_red_rare,1036,9908,unbiased,biased,1
B1_red_rare,1037,9909,unbiased,biased,1
B1_red_rare,1038,9910,unbiased,biased,1
B1_red_rare,1039,9911,unbiased,biased,1
B1_red_rare,1040,9912,unbiased,biased,2
B1_red_rare,1041,9913,unbiased,biased,1
B1_red_rare,1042,9914,unbiased,biased,2
B1_red_rare,1043,9915,unbiased,biased,3
B1_red_rare,1044,9916,unbiased,biased,1
B1_red_rare,1045,9917,unbiased,biased,1
B1_red_rare,1046,9918,unbiased,biased,1
B1_red_rare,1047,9919,unbiased,biased,1
B1_red_rare,1048,9920,unbiased,biased,1
B1_red_rare,1049,9921,unbiased,biased,1
B1_red_rare,1050,9922,unbiased,biased,1
B1_red_rare,951,9823,unbiased,biased,1
B1_red_rare,952,9824,unbiased,biased,1
B1_red_rare,953,9825,unbiased,biased,1
B1_red_rare,954,9826,unbiased,biased,1
B1_red_rare,955,9827,unbiased,biased,1
B1_red_rare,956,9828,unbiased,biased,1
B1_red_rare,957,9829,unbiased,biased,1
B1_red_rare,958,9830,unbiased,biased,4
B1_red_rare,959,9831,unbiased,biased,1
B1_red_rare,960,9832,unbiased,biased,1
B1_red_rare,961,9833,unbiased,biased,1
B1_red_rare,962,9834,unbiased,biased,1
B1_red_rare,963,9835,unbiased,biased,1
B1_red_rare,964,9836,unbiased,biased,1
B1_red_rare,965,9837,unbiased,biased,2
B1_red_rare,966,9838,unbiased,biased,1
B1_red_rare,967,9839,unbiased,biased,1
B1_red_rare,968,9840,unbiased,biased,1
B1_red_rare,969,9841,unbiased,biased,1
B1_red_rare,970,9842,unbiased,biased,1
B1_red_rare,971,9843,unbiased,biased,1
B1_red_rare,972,9844,unbiased,biased,1
B1_red_rare,973,9845,unbiased,biased,1
B1_red_rare,974,9846,unbiased,biased,1
B1_red_rare,975,9847,unbiased,biased,1
B1_red_rare,976,9848,unbiased,biased,1
B1_red_rare,977,9849,unbiased,biased,3
B1_red_rare,978,9850,unbiased,biased,1
B1_red_rare,979,9851,unbiased,biased,3
B1_red_rare,980,9852,unbiased,biased,1
B1_red_rare,981,9853,unbiased,biased,1
B1_red_rare,982,9854,unbiased,biased,1
B1_red_rare,983,9855,unbiased,biased,1
B1_red_rare,984,9856,unbiased,biased,1
B1_red_rare,985,9857,unbiased,biased,1
B1_red_rare,986,9858,unbiased,biased,5
B1_red_rare,987,9859,unbiased,biased,1
B1_red_rare,988,9860,unbiased,biased,1
B1_red_rare,989,9861,unbiased,biased,1
B1_red_rare,990,9862,unbiased,biased,1
B1_red_rare,991,9863,unbiased,biased,1
B1_red_rare,992,9864,unbiased,biased,1
B1_red_rare,993,9865,unbiased,biased,1
B1_red_rare,994,9866,unbiased,biased,2
B1_red_rare,995,9867,unbiased,biased,1
B1_red_rare,996,9868,unbiased,biased,1
B1_red_rare,997,9869,unbiased,biased,2
B1_red_rare,998,9870,unbiased,biased,1
B1_red_rare,999,9871,unbiased,biased,2
B1_red_rare,1000,9872,unbiased,biased,3
B1_red_rare,1101,9973,unbiased,biased,1
B1_red_rare,1102,9974,unbiased,biased,1
B1_red_rare,1103,9975,unbiased,biased,1
B1_red_rare,1104,9976,unbiased,biased,1
B1_red_rare,1105,9977,unbiased,biased,1
B1_red_rare,1106,9978,unbiased,biased,6
B1_red_rare,1107,9979,unbiased,biased,1
B1_red_rare,1108,9980,unbiased,biased,1
B1_red_rare,1109,9981,unbiased,biased,1
B1_red_rare,1110,9982,unbiased,biased,1
B1_red_rare,1111,9983,unbiased,biased,1
B1_red_rare,1112,9984,unbiased,biased,1
B1_red_rare,1113,9985,unbiased,biased,1
B1_red_rare,1114,9986,unbiased,biased,2
B1_red_rare,1115,9987,unbiased,biased,1
B1_red_rare,1116,9988,unbiased,biased,1
B1_red_rare,1117,9989,unbiased,biased,1
B1_red_rare,1118,9990,unbiased,biased,1
B1_red_rare,1119,9991,unbiased,biased,1
B1_red_rare,1120,9992,unbiased,biased,1
B1_red_rare,1121,9993,unbiased,biased,1
B1_red_rare,1122,9994,unbiased,biased,1
B1_red_rare,1123,9995,unbiased,biased,1
B1_red_rare,1124,9996,unbiased,biased,1
B1_red_rare,1125,9997,unbiased,biased,1
B1_red_rare,1126,9998,unbiased,biased,1
B1_red_rare,1127,9999,unbiased,biased,1
B1_red_rare,1128,10000,unbiased,biased,2
B1_red_rare,1129,10001,unbiased,biased,1
B1_red_rare,1130,10002,unbiased,biased,1
B1_red_rare,1131,10003,unbiased,biased,1
B1_red_rare,1132,10004,unbiased,biased,1
B1_red_rare,1133,10005,unbiased,biased,1
B1_red_rare,1134,10006,unbiased,biased,1
B1_red_rare,1135,10007,unbiased,biased,2
B1_red_rare,1136,10008,unbiased,biased,1
B1_red_rare,1137,10009,unbiased,biased,3
B1_red_rare,1138,10010,unbiased,biased,5
B1_red_rare,1139,10011,unbiased,biased,1
B1_red_rare,1140,10012,unbiased,biased,1
B1_red_rare,1141,10013,unbiased,biased,1
B1_red_rare,1142,10014,unbiased,biased,3
B1_red_rare,1143,10015,unbiased,biased,1
B1_red_rare,1144,10016,unbiased,biased,1
B1_red_rare,1145,10017,unbiased,biased,1
B1_red_rare,1146,10018,unbiased,biased,1
B1_red_rare,1147,10019,unbiased,biased,1
B1_red_rare,1148,10020,unbiased,biased,1
B1_red_rare,1149,10021,unbiased,biased,1
B1_red_rare,1150,10022,unbiased,biased,1
B1_red_rare,1251,10123,unbiased,biased,1
B1_red_rare,1252,10124,unbiased,biased,1
B1_red_rare,1253,10125,unbiased,biased,1
B1_red_rare,1254,10126,unbiased,biased,2
B1_red_rare,1255,10127,unbiased,biased,1
B1_red_rare,1256,10128,unbiased,biased,2
B1_red_rare,1257,10129,unbiased,biased,3
B1_red_rare,1258,10130,unbiased,biased,1
B1_red_rare,1259,10131,unbiased,biased,1
B1_red_rare,1260,10132,unbiased,biased,2
B1_red_rare,1261,10133,unbiased,biased,1
B1_red_rare,1262,10134,unbiased,biased,1
B1_red_rare,1263,10135,unbiased,biased,1
B1_red_rare,1264,10136,unbiased,biased,1
B1_red_rare,1265,10137,unbiased,biased,1
B1_red_rare,1266,10138,unbiased,biased,2
B1_red_rare,1267,10139,unbiased,biased,2
B1_red_rare,1268,10140,unbiased,biased,1
B1_red_rare,1269,10141,unbiased,biased,1
B1_red_rare,1270,10142,unbiased,biased,1
B1_red_rare,1271,10143,unbiased,biased,1
B1_red_rare,1272,10144,unbiased,biased,1
B1_red_rare,1273,10145,unbiased,biased,1
B1_red_rare,1274,10146,unbiased,biased,1
B1_red_rare,1275,10147,unbiased,biased,1
B1_red_rare,1276,10148,unbiased,biased,1
B1_red_rare,1277,10149,unbiased,biased,2
B1_red_rare,1278,10150,unbiased,biased,1
B1_red_rare,1279,10151,unbiased,biased,1
B1_red_rare,1280,10152,unbiased,biased,1
B1_red_rare,1281,10153,unbiased,biased,1
B1_red_rare,1282,10154,unbiased,biased,1
B1_red_rare,1283,10155,unbiased,biased,1
B1_red_rare,1284,10156,unbiased,biased,1
B1_red_rare,1285,10157,unbiased,biased,1
B1_red_rare,1286,10158,unbiased,biased,1
B1_red_rare,1287,10159,unbiased,biased,1
B1_red_rare,1288,10160,unbiased,biased,1
B1_red_rare,1289,10161,unbiased,biased,1
B1_red_rare,1290,10162,unbiased,biased,1
B1_red_rare,1291,10163,unbiased,biased,1
B1_red_rare,1292,10164,unbiased,biased,1
B1_red_rare,1293,10165,unbiased,biased,1
B1_red_rare,1294,10166,unbiased,biased,1
B1_red_rare,1295,10167,unbiased,biased,1
B1_red_rare,1296,10168,unbiased,biased,1
B1_red_rare,1297,10169,unbiased,biased,1
B1_red_rare,1298,10170,unbiased,biased,1
B1_red_rare,1299,10171,unbiased,biased,1
B1_red_rare,1300,10172,unbiased,biased,1
B1_red_rare,1051,9923,unbiased,biased,1
B1_red_rare,1052,9924,unbiased,biased,1
B1_red_rare,1053,9925,unbiased,biased,1
B1_red_rare,1054,9926,unbiased,biased,1
B1_red_rare,1055,9927,unbiased,biased,2
B1_red_rare,1056,9928,unbiased,biased,1
B1_red_rare,1057,9929,unbiased,biased,1
B1_red_rare,1058,9930,unbiased,biased,1
B1_red_rare,1059,9931,unbiased,biased,1
B1_red_rare,1060,9932,unbiased,biased,1
B1_red_rare,1061,9933,unbiased,biased,5
B1_red_rare,1062,9934,unbiased,biased,2
B1_red_rare,1063,9935,unbiased,biased,1
B1_red_rare,1064,9936,unbiased,biased,1
B1_red_rare,1065,9937,unbiased,biased,1
B1_red_rare,1066,9938,unbiased,biased,1
B1_red_rare,1067,9939,unbiased,biased,1
B1_red_rare,1068,9940,unbiased,biased,4
B1_red_rare,1069,9941,unbiased,biased,1
B1_red_rare,1070,9942,unbiased,biased,1
B1_red_rare,1071,9943,unbiased,biased,5
B1_red_rare,1072,9944,unbiased,biased,1
B1_red_rare,1073,9945,unbiased,biased,2
B1_red_rare,1074,9946,unbiased,biased,1
B1_red_rare,1075,9947,unbiased,biased,2
B1_red_rare,1076,9948,unbiased,biased,3
B1_red_rare,1077,9949,unbiased,biased,1
B1_red_rare,1078,9950,unbiased,biased,1
B1_red_rare,1079,9951,unbiased,biased,1
B1_red_rare,1080,9952,unbiased,biased,1
B1_red_rare,1081,9953,unbiased,biased,1
B1_red_rare,1082,9954,unbiased,biased,1
B1_red_rare,1083,9955,unbiased,biased,1
B1_red_rare,1084,9956,unbiased,biased,1
B1_red_rare,1085,9957,unbiased,biased,2
B1_red_rare,1086,9958,unbiased,biased,3
B1_red_rare,1087,9959,unbiased,biased,2
B1_red_rare,1088,9960,unbiased,biased,2
B1_red_rare,1089,9961,unbiased,biased,1
B1_red_rare,1090,9962,unbiased,biased,1
B1_red_rare,1091,9963,unbiased,biased,1
B1_red_rare,1092,9964,unbiased,biased,1
B1_red_rare,1093,9965,unbiased,biased,1
B1_red_rare,1094,9966,unbiased,biased,1
B1_red_rare,1095,9967,unbiased,biased,2
B1_red_rare,1096,9968,unbiased,biased,1
B1_red_rare,1097,9969,unbiased,biased,1
B1_red_rare,1098,9970,unbiased,biased,1
B1_red_rare,1099,9971,unbiased,biased,2
B1_red_rare,1100,9972,unbiased,biased,5
B1_red_rare,1351,10223,unbiased,biased,1
B1_red_rare,1352,10224,unbiased,biased,2
B1_red_rare,1353,10225,unbiased,biased,2
B1_red_rare,1354,10226,unbiased,biased,1
B1_red_rare,1355,10227,unbiased,biased,1
B1_red_rare,1356,10228,unbiased,biased,1
B1_red_rare,1357,10229,unbiased,biased,1
B1_red_rare,1358,10230,unbiased,biased,1
B1_red_rare,1359,10231,unbiased,biased,1
B1_red_rare,1360,10232,unbiased,biased,1
B1_red_rare,1361,10233,unbiased,biased,1
B1_red_rare,1362,10234,unbiased,biased,1
B1_red_rare,1363,10235,unbiased,biased,1
B1_red_rare,1364,10236,unbiased,biased,1
B1_red_rare,1365,10237,unbiased,biased,3
B1_red_rare,1366,10238,unbiased,biased,1
B1_red_rare,1367,10239,unbiased,biased,1
B1_red_rare,1368,10240,unbiased,biased,1
B1_red_rare,1369,10241,unbiased,biased,1
B1_red_rare,1370,10242,unbiased,biased,1
B1_red_rare,1371,10243,unbiased,biased,1
B1_red_rare,1372,10244,unbiased,biased,1
B1_red_rare,1373,10245,unbiased,biased,1
B1_red_rare,1374,10246,unbiased,biased,1
B1_red_rare,1375,10247,unbiased,biased,1
B1_red_rare,1376,10248,unbiased,biased,1
B1_red_rare,1377,10249,unbiased,biased,1
B1_red_rare,1378,10250,unbiased,biased,1
B1_red_rare,1379,10251,unbiased,biased,1
B1_red_rare,1380,10252,unbiased,biased,1
B1_red_rare,1381,10253,unbiased,biased,1
B1_red_rare,1382,10254,unbiased,biased,1
B1_red_rare,1383,10255,unbiased,biased,1
B1_red_rare,1384,10256,unbiased,biased,1
B1_red_rare,1385,10257,unbiased,biased,1
B1_red_rare,1386,10258,unbiased,biased,1
B1_red_rare,1387,10259,unbiased,biased,2
B1_red_rare,1388,10260,unbiased,biased,1
B1_red_rare,1389,10261,unbiased,biased,1
B1_red_rare,1390,10262,unbiased,biased,1
B1_red_rare,1391,10263,unbiased,biased,1
B1_red_rare,1392,10264,unbiased,biased,1
B1_red_rare,1393,10265,unbiased,biased,1
B1_red_rare,1394,10266,unbiased,biased,4
B1_red_rare,1395,10267,unbiased,biased,1
B1_red_rare,1396,10268,unbiased,biased,1
B1_red_rare,1397,10269,unbiased,biased,1
B1_red_rare,1398,10270,unbiased,biased,1
B1_red_rare,1399,10271,unbiased,biased,1
B1_red_rare,1400,10272,unbiased,biased,1
B1_red_rare,1301,10173,unbiased,biased,1
B1_red_rare,1302,10174,unbiased,biased,1
B1_red_rare,1303,10175,unbiased,biased,1
B1_red_rare,1304,10176,unbiased,biased,1
B1_red_rare,1305,10177,unbiased,biased,5
B1_red_rare,1306,10178,unbiased,biased,1
B1_red_rare,1307,10179,unbiased,biased,2
B1_red_rare,1308,10180,unbiased,biased,1
B1_red_rare,1309,10181,unbiased,biased,1
B1_red_rare,1310,10182,unbiased,biased,1
B1_red_rare,1311,10183,unbiased,biased,2
B1_red_rare,1312,10184,unbiased,biased,1
B1_red_rare,1313,10185,unbiased,biased,1
B1_red_rare,1314,10186,unbiased,biased,1
B1_red_rare,1315,10187,unbiased,biased,1
B1_red_rare,1316,10188,unbiased,biased,1
B1_red_rare,1317,10189,unbiased,biased,1
B1_red_rare,1318,10190,unbiased,biased,1
B1_red_rare,1319,10191,unbiased,biased,1
B1_red_rare,1320,10192,unbiased,biased,1
B1_red_rare,1321,10193,unbiased,biased,1
B1_red_rare,1322,10194,unbiased,biased,1
B1_red_rare,1323,10195,unbiased,biased,1
B1_red_rare,1324,10196,unbiased,biased,5
B1_red_rare,1325,10197,unbiased,biased,1
B1_red_rare,1326,10198,unbiased,biased,2
B1_red_rare,1327,10199,unbiased,biased,1
B1_red_rare,1328,10200,unbiased,biased,1
B1_red_rare,1329,10201,unbiased,biased,1
B1_red_rare,1330,10202,unbiased,biased,1
B1_red_rare,1331,10203,unbiased,biased,1
B1_red_rare,1332,10204,unbiased,biased,1
B1_red_rare,1333,10205,unbiased,biased,1
B1_red_rare,1334,10206,unbiased,biased,1
B1_red_rare,1335,10207,unbiased,biased,1
B1_red_rare,1336,10208,unbiased,biased,1
B1_red_rare,1337,10209,unbiased,biased,1
B1_red_rare,1338,10210,unbiased,biased,1
B1_red_rare,1339,10211,unbiased,biased,2
B1_red_rare,1340,10212,unbiased,biased,1
B1_red_rare,1341,10213,unbiased,biased,1
B1_red_rare,1342,10214,unbiased,biased,1
B1_red_rare,1343,10215,unbiased,biased,1
B1_red_rare,1344,10216,unbiased,biased,1
B1_red_rare,1345,10217,unbiased,biased,2
B1_red_rare,1346,10218,unbiased,biased,1
B1_red_rare,1347,10219,unbiased,biased,1
B1_red_rare,1348,10220,unbiased,biased,1
B1_red_rare,1349,10221,unbiased,biased,1
B1_red_rare,1350,10222,unbiased,biased,1
B1_red_rare,1151,10023,unbiased,biased,1
B1_red_rare,1152,10024,unbiased,biased,3
B1_red_rare,1153,10025,unbiased,biased,1
B1_red_rare,1154,10026,unbiased,biased,1
B1_red_rare,1155,10027,unbiased,biased,1
B1_red_rare,1156,10028,unbiased,biased,1
B1_red_rare,1157,10029,unbiased,biased,1
B1_red_rare,1158,10030,unbiased,biased,1
B1_red_rare,1159,10031,unbiased,biased,1
B1_red_rare,1160,10032,unbiased,biased,1
B1_red_rare,1161,10033,unbiased,biased,1
B1_red_rare,1162,10034,unbiased,biased,1
B1_red_rare,1163,10035,unbiased,biased,1
B1_red_rare,1164,10036,unbiased,biased,1
B1_red_rare,1165,10037,unbiased,biased,1
B1_red_rare,1166,10038,unbiased,biased,2
B1_red_rare,1167,10039,unbiased,biased,1
B1_red_rare,1168,10040,unbiased,biased,2
B1_red_rare,1169,10041,unbiased,biased,1
B1_red_rare,1170,10042,unbiased,biased,1
B1_red_rare,1171,10043,unbiased,biased,1
B1_red_rare,1172,10044,unbiased,biased,1
B1_red_rare,1173,10045,unbiased,biased,1
B1_red_rare,1174,10046,unbiased,biased,1
B1_red_rare,1175,10047,unbiased,biased,1
B1_red_rare,1176,10048,unbiased,biased,1
B1_red_rare,1177,10049,unbiased,biased,1
B1_red_rare,1178,10050,unbiased,biased,1
B1_red_rare,1179,10051,unbiased,biased,1
B1_red_rare,1180,10052,unbiased,biased,1
B1_red_rare,1181,10053,unbiased,biased,1
B1_red_rare,1182,10054,unbiased,biased,1
B1_red_rare,1183,10055,unbiased,biased,1
B1_red_rare,1184,10056,unbiased,biased,1
B1_red_rare,1185,10057,unbiased,biased,1
B1_red_rare,1186,10058,unbiased,biased,4
B1_red_rare,1187,10059,unbiased,biased,1
B1_red_rare,1188,10060,unbiased,biased,1
B1_red_rare,1189,10061,unbiased,biased,1
B1_red_rare,1190,10062,unbiased,biased,1
B1_red_rare,1191,10063,unbiased,biased,4
B1_red_rare,1192,10064,unbiased,biased,1
B1_red_rare,1193,10065,unbiased,biased,1
B1_red_rare,1194,10066,unbiased,biased,1
B1_red_rare,1195,10067,unbiased,biased,1
B1_red_rare,1196,10068,unbiased,biased,1
B1_red_rare,1197,10069,unbiased,biased,11
B1_red_rare,1198,10070,unbiased,biased,1
B1_red_rare,1199,10071,unbiased,biased,1
B1_red_rare,1200,10072,unbiased,biased,1
B1_red_rare,1201,10073,unbiased,biased,5
B1_red_rare,1202,10074,unbiased,biased,1
B1_red_rare,1203,10075,unbiased,biased,1
B1_red_rare,1204,10076,unbiased,biased,1
B1_red_rare,1205,10077,unbiased,biased,1
B1_red_rare,1206,10078,unbiased,biased,4
B1_red_rare,1207,10079,unbiased,biased,1
B1_red_rare,1208,10080,unbiased,biased,1
B1_red_rare,1209,10081,unbiased,biased,1
B1_red_rare,1210,10082,unbiased,biased,1
B1_red_rare,1211,10083,unbiased,biased,3
B1_red_rare,1212,10084,unbiased,biased,1
B1_red_rare,1213,10085,unbiased,biased,1
B1_red_rare,1214,10086,unbiased,biased,1
B1_red_rare,1215,10087,unbiased,biased,1
B1_red_rare,1216,10088,unbiased,biased,1
B1_red_rare,1217,10089,unbiased,biased,1
B1_red_rare,1218,10090,unbiased,biased,1
B1_red_rare,1219,10091,unbiased,biased,1
B1_red_rare,1220,10092,unbiased,biased,1
B1_red_rare,1221,10093,unbiased,biased,1
B1_red_rare,1222,10094,unbiased,biased,2
B1_red_rare,1223,10095,unbiased,biased,1
B1_red_rare,1224,10096,unbiased,biased,1
B1_red_rare,1225,10097,unbiased,biased,1
B1_red_rare,1226,10098,unbiased,biased,1
B1_red_rare,1227,10099,unbiased,biased,1
B1_red_rare,1228,10100,unbiased,biased,1
B1_red_rare,1229,10101,unbiased,biased,1
B1_red_rare,1230,10102,unbiased,biased,1
B1_red_rare,1231,10103,unbiased,biased,1
B1_red_rare,1232,10104,unbiased,biased,4
B1_red_rare,1233,10105,unbiased,biased,2
B1_red_rare,1234,10106,unbiased,biased,3
B1_red_rare,1235,10107,unbiased,biased,1
B1_red_rare,1236,10108,unbiased,biased,1
B1_red_rare,1237,10109,unbiased,biased,1
B1_red_rare,1238,10110,unbiased,biased,1
B1_red_rare,1239,10111,unbiased,biased,2
B1_red_rare,1240,10112,unbiased,biased,3
B1_red_rare,1241,10113,unbiased,biased,1
B1_red_rare,1242,10114,unbiased,biased,2
B1_red_rare,1243,10115,unbiased,biased,2
B1_red_rare,1244,10116,unbiased,biased,1
B1_red_rare,1245,10117,unbiased,biased,1
B1_red_rare,1246,10118,unbiased,biased,1
B1_red_rare,1247,10119,unbiased,biased,1
B1_red_rare,1248,10120,unbiased,biased,1
B1_red_rare,1249,10121,unbiased,biased,2
B1_red_rare,1250,10122,unbiased,biased,1
B1_red_rare,1451,10323,unbiased,biased,1
B1_red_rare,1452,10324,unbiased,biased,1
B1_red_rare,1453,10325,unbiased,biased,1
B1_red_rare,1454,10326,unbiased,biased,1
B1_red_rare,1455,10327,unbiased,biased,1
B1_red_rare,1456,10328,unbiased,biased,1
B1_red_rare,1457,10329,unbiased,biased,3
B1_red_rare,1458,10330,unbiased,biased,1
B1_red_rare,1459,10331,unbiased,biased,1
B1_red_rare,1460,10332,unbiased,biased,2
B1_red_rare,1461,10333,unbiased,biased,1
B1_red_rare,1462,10334,unbiased,biased,1
B1_red_rare,1463,10335,unbiased,biased,1
B1_red_rare,1464,10336,unbiased,biased,1
B1_red_rare,1465,10337,unbiased,biased,4
B1_red_rare,1466,10338,unbiased,biased,1
B1_red_rare,1467,10339,unbiased,biased,1
B1_red_rare,1468,10340,unbiased,biased,1
B1_red_rare,1469,10341,unbiased,biased,2
B1_red_rare,1470,10342,unbiased,biased,1
B1_red_rare,1471,10343,unbiased,biased,1
B1_red_rare,1472,10344,unbiased,biased,1
B1_red_rare,1473,10345,unbiased,biased,3
B1_red_rare,1474,10346,unbiased,biased,1
B1_red_rare,1475,10347,unbiased,biased,2
B1_red_rare,1476,10348,unbiased,biased,1
B1_red_rare,1477,10349,unbiased,biased,1
B1_red_rare,1478,10350,unbiased,biased,1
B1_red_rare,1479,10351,unbiased,biased,1
B1_red_rare,1480,10352,unbiased,biased,1
B1_red_rare,1481,10353,unbiased,biased,1
B1_red_rare,1482,10354,unbiased,biased,1
B1_red_rare,1483,10355,unbiased,biased,1
B1_red_rare,1484,10356,unbiased,biased,1
B1_red_rare,1485,10357,unbiased,biased,1
B1_red_rare,1486,10358,unbiased,biased,3
B1_red_rare,1487,10359,unbiased,biased,1
B1_red_rare,1488,10360,unbiased,biased,1
B1_red_rare,1489,10361,unbiased,biased,1
B1_red_rare,1490,10362,unbiased,biased,2
B1_red_rare,1491,10363,unbiased,biased,1
B1_red_rare,1492,10364,unbiased,biased,2
B1_red_rare,1493,10365,unbiased,biased,1
B1_red_rare,1494,10366,unbiased,biased,1
B1_red_rare,1495,10367,unbiased,biased,1
B1_red_rare,1496,10368,unbiased,biased,3
B1_red_rare,1497,10369,unbiased,biased,1
B1_red_rare,1498,10370,unbiased,biased,1
B1_red_rare,1499,10371,unbiased,biased,1
B1_red_rare,1500,10372,unbiased,biased,1
B1_red_rare,1401,10273,unbiased,biased,1
B1_red_rare,1402,10274,unbiased,biased,1
B1_red_rare,1403,10275,unbiased,biased,1
B1_red_rare,1404,10276,unbiased,biased,1
B1_red_rare,1405,10277,unbiased,biased,1
B1_red_rare,1406,10278,unbiased,biased,1
B1_red_rare,1407,10279,unbiased,biased,2
B1_red_rare,1408,10280,unbiased,biased,1
B1_red_rare,1409,10281,unbiased,biased,1
B1_red_rare,1410,10282,unbiased,biased,1
B1_red_rare,1411,10283,unbiased,biased,1
B1_red_rare,1412,10284,unbiased,biased,2
B1_red_rare,1413,10285,unbiased,biased,6
B1_red_rare,1414,10286,unbiased,biased,1
B1_red_rare,1415,10287,unbiased,biased,1
B1_red_rare,1416,10288,unbiased,biased,1
B1_red_rare,1417,10289,unbiased,biased,1
B1_red_rare,1418,10290,unbiased,biased,1
B1_red_rare,1419,10291,unbiased,biased,7
B1_red_rare,1420,10292,unbiased,biased,1
B1_red_rare,1421,10293,unbiased,biased,2
B1_red_rare,1422,10294,unbiased,biased,2
B1_red_rare,1423,10295,unbiased,biased,8
B1_red_rare,1424,10296,unbiased,biased,1
B1_red_rare,1425,10297,unbiased,biased,1
B1_red_rare,1426,10298,unbiased,biased,1
B1_red_rare,1427,10299,unbiased,biased,1
B1_red_rare,1428,10300,unbiased,biased,2
B1_red_rare,1429,10301,unbiased,biased,1
B1_red_rare,1430,10302,unbiased,biased,1
B1_red_rare,1431,10303,unbiased,biased,1
B1_red_rare,1432,10304,unbiased,biased,1
B1_red_rare,1433,10305,unbiased,biased,1
B1_red_rare,1434,10306,unbiased,biased,1
B1_red_rare,1435,10307,unbiased,biased,2
B1_red_rare,1436,10308,unbiased,biased,1
B1_red_rare,1437,10309,unbiased,biased,1
B1_red_rare,1438,10310,unbiased,biased,1
B1_red_rare,1439,10311,unbiased,biased,1
B1_red_rare,1440,10312,unbiased,biased,1
B1_red_rare,1441,10313,unbiased,biased,1
B1_red_rare,1442,10314,unbiased,biased,1
B1_red_rare,1443,10315,unbiased,biased,1
B1_red_rare,1444,10316,unbiased,biased,1
B1_red_rare,1445,10317,unbiased,biased,1
B1_red_rare,1446,10318,unbiased,biased,1
B1_red_rare,1447,10319,unbiased,biased,1
B1_red_rare,1448,10320,unbiased,biased,1
B1_red_rare,1449,10321,unbiased,biased,2
B1_red_rare,1450,10322,unbiased,biased,1
B1_red_rare,1501,10373,unbiased,biased,1
B1_red_rare,1502,10374,unbiased,biased,1
B1_red_rare,1503,10375,unbiased,biased,1
B1_red_rare,1504,10376,unbiased,biased,2
B1_red_rare,1505,10377,unbiased,biased,7
B1_red_rare,1506,10378,unbiased,biased,1
B1_red_rare,1507,10379,unbiased,biased,1
B1_red_rare,1508,10380,unbiased,biased,1
B1_red_rare,1509,10381,unbiased,biased,1
B1_red_rare,1510,10382,unbiased,biased,1
B1_red_rare,1511,10383,unbiased,biased,1
B1_red_rare,1512,10384,unbiased,biased,1
B1_red_rare,1513,10385,unbiased,biased,1
B1_red_rare,1514,10386,unbiased,biased,3
B1_red_rare,1515,10387,unbiased,biased,4
B1_red_rare,1516,10388,unbiased,biased,1
B1_red_rare,1517,10389,unbiased,biased,1
B1_red_rare,1518,10390,unbiased,biased,1
B1_red_rare,1519,10391,unbiased,biased,1
B1_red_rare,1520,10392,unbiased,biased,1
B1_red_rare,1521,10393,unbiased,biased,1
B1_red_rare,1522,10394,unbiased,biased,1
B1_red_rare,1523,10395,unbiased,biased,1
B1_red_rare,1524,10396,unbiased,biased,1
B1_red_rare,1525,10397,unbiased,biased,1
B1_red_rare,1526,10398,unbiased,biased,1
B1_red_rare,1527,10399,unbiased,biased,1
B1_red_rare,1528,10400,unbiased,biased,1
B1_red_rare,1529,10401,unbiased,biased,2
B1_red_rare,1530,10402,unbiased,biased,1
B1_red_rare,1531,10403,unbiased,biased,1
B1_red_rare,1532,10404,unbiased,biased,1
B1_red_rare,1533,10405,unbiased,biased,4
B1_red_rare,1534,10406,unbiased,biased,1
B1_red_rare,1535,10407,unbiased,biased,1
B1_red_rare,1536,10408,unbiased,biased,1
B1_red_rare,1537,10409,unbiased,biased,1
B1_red_rare,1538,10410,unbiased,biased,1
B1_red_rare,1539,10411,unbiased,biased,1
B1_red_rare,1540,10412,unbiased,biased,1
B1_red_rare,1541,10413,unbiased,biased,1
B1_red_rare,1542,10414,unbiased,biased,1
B1_red_rare,1543,10415,unbiased,biased,2
B1_red_rare,1544,10416,unbiased,biased,1
B1_red_rare,1545,10417,unbiased,biased,1
B1_red_rare,1546,10418,unbiased,biased,1
B1_red_rare,1547,10419,unbiased,biased,1
B1_red_rare,1548,10420,unbiased,biased,1
B1_red_rare,1549,10421,unbiased,biased,1
B1_red_rare,1550,10422,unbiased,biased,1
B1_red_rare,1551,10423,unbiased,biased,1
B1_red_rare,1552,10424,unbiased,biased,1
B1_red_rare,1553,10425,unbiased,biased,1
B1_red_rare,1554,10426,unbiased,biased,1
B1_red_rare,1555,10427,unbiased,biased,1
B1_red_rare,1556,10428,unbiased,biased,1
B1_red_rare,1557,10429,unbiased,biased,3
B1_red_rare,1558,10430,unbiased,biased,1
B1_red_rare,1559,10431,unbiased,biased,1
B1_red_rare,1560,10432,unbiased,biased,1
B1_red_rare,1561,10433,unbiased,biased,2
B1_red_rare,1562,10434,unbiased,biased,1
B1_red_rare,1563,10435,unbiased,biased,1
B1_red_rare,1564,10436,unbiased,biased,1
B1_red_rare,1565,10437,unbiased,biased,3
B1_red_rare,1566,10438,unbiased,biased,1
B1_red_rare,1567,10439,unbiased,biased,1
B1_red_rare,1568,10440,unbiased,biased,4
B1_red_rare,1569,10441,unbiased,biased,2
B1_red_rare,1570,10442,unbiased,biased,1
B1_red_rare,1571,10443,unbiased,biased,1
B1_red_rare,1572,10444,unbiased,biased,1
B1_red_rare,1573,10445,unbiased,biased,1
B1_red_rare,1574,10446,unbiased,biased,1
B1_red_rare,1575,10447,unbiased,biased,1
B1_red_rare,1576,10448,unbiased,biased,1
B1_red_rare,1577,10449,unbiased,biased,1
B1_red_rare,1578,10450,unbiased,biased,1
B1_red_rare,1579,10451,unbiased,biased,1
B1_red_rare,1580,10452,unbiased,biased,1
B1_red_rare,1581,10453,unbiased,biased,1
B1_red_rare,1582,10454,unbiased,biased,1
B1_red_rare,1583,10455,unbiased,biased,1
B1_red_rare,1584,10456,unbiased,biased,1
B1_red_rare,1585,10457,unbiased,biased,1
B1_red_rare,1586,10458,unbiased,biased,1
B1_red_rare,1587,10459,unbiased,biased,1
B1_red_rare,1588,10460,unbiased,biased,3
B1_red_rare,1589,10461,unbiased,biased,1
B1_red_rare,1590,10462,unbiased,biased,1
B1_red_rare,1591,10463,unbiased,biased,1
B1_red_rare,1592,10464,unbiased,biased,1
B1_red_rare,1593,10465,unbiased,biased,1
B1_red_rare,1594,10466,unbiased,biased,2
B1_red_rare,1595,10467,unbiased,biased,1
B1_red_rare,1596,10468,unbiased,biased,1
B1_red_rare,1597,10469,unbiased,biased,1
B1_red_rare,1598,10470,unbiased,biased,1
B1_red_rare,1599,10471,unbiased,biased,1
B1_red_rare,1600,10472,unbiased,biased,1
B1_red_rare,1601,10473,unbiased,biased,1
B1_red_rare,1602,10474,unbiased,biased,1
B1_red_rare,1603,10475,unbiased,biased,1
B1_red_rare,1604,10476,unbiased,biased,1
B1_red_rare,1605,10477,unbiased,biased,1
B1_red_rare,1606,10478,unbiased,biased,1
B1_red_rare,1607,10479,unbiased,biased,1
B1_red_rare,1608,10480,unbiased,biased,2
B1_red_rare,1609,10481,unbiased,biased,1
B1_red_rare,1610,10482,unbiased,biased,1
B1_red_rare,1611,10483,unbiased,biased,1
B1_red_rare,1612,10484,unbiased,biased,1
B1_red_rare,1613,10485,unbiased,biased,2
B1_red_rare,1614,10486,unbiased,biased,3
B1_red_rare,1615,10487,unbiased,biased,1
B1_red_rare,1616,10488,unbiased,biased,1
B1_red_rare,1617,10489,unbiased,biased,1
B1_red_rare,1618,10490,unbiased,biased,2
B1_red_rare,1619,10491,unbiased,biased,2
B1_red_rare,1620,10492,unbiased,biased,3
B1_red_rare,1621,10493,unbiased,biased,1
B1_red_rare,1622,10494,unbiased,biased,1
B1_red_rare,1623,10495,unbiased,biased,1
B1_red_rare,1624,10496,unbiased,biased,1
B1_red_rare,1625,10497,unbiased,biased,2
B1_red_rare,1626,10498,unbiased,biased,1
B1_red_rare,1627,10499,unbiased,biased,2
B1_red_rare,1628,10500,unbiased,biased,2
B1_red_rare,1629,10501,unbiased,biased,1
B1_red_rare,1630,10502,unbiased,biased,1
B1_red_rare,1631,10503,unbiased,biased,1
B1_red_rare,1632,10504,unbiased,biased,2
B1_red_rare,1633,10505,unbiased,biased,1
B1_red_rare,1634,10506,unbiased,biased,1
B1_red_rare,1635,10507,unbiased,biased,1
B1_red_rare,1636,10508,unbiased,biased,1
B1_red_rare,1637,10509,unbiased,biased,1
B1_red_rare,1638,10510,unbiased,biased,1
B1_red_rare,1639,10511,unbiased,biased,1
B1_red_rare,1640,10512,unbiased,biased,1
B1_red_rare,1641,10513,unbiased,biased,1
B1_red_rare,1642,10514,unbiased,biased,1
B1_red_rare,1643,10515,unbiased,biased,3
B1_red_rare,1644,10516,unbiased,biased,1
B1_red_rare,1645,10517,unbiased,biased,1
B1_red_rare,1646,10518,unbiased,biased,1
B1_red_rare,1647,10519,unbiased,biased,1
B1_red_rare,1648,10520,unbiased,biased,1
B1_red_rare,1649,10521,unbiased,biased,1
B1_red_rare,1650,10522,unbiased,biased,1
B1_red_rare,1701,10573,unbiased,biased,1
B1_red_rare,1702,10574,unbiased,biased,1
B1_red_rare,1703,10575,unbiased,biased,1
B1_red_rare,1704,10576,unbiased,biased,1
B1_red_rare,1705,10577,unbiased,biased,1
B1_red_rare,1706,10578,unbiased,biased,1
B1_red_rare,1707,10579,unbiased,biased,1
B1_red_rare,1708,10580,unbiased,biased,1
B1_red_rare,1709,10581,unbiased,biased,1
B1_red_rare,1710,10582,unbiased,biased,1
B1_red_rare,1711,10583,unbiased,biased,1
B1_red_rare,1712,10584,unbiased,biased,1
B1_red_rare,1713,10585,unbiased,biased,1
B1_red_rare,1714,10586,unbiased,biased,1
B1_red_rare,1715,10587,unbiased,biased,1
B1_red_rare,1716,10588,unbiased,biased,1
B1_red_rare,1717,10589,unbiased,biased,1
B1_red_rare,1718,10590,unbiased,biased,1
B1_red_rare,1719,10591,unbiased,biased,1
B1_red_rare,1720,10592,unbiased,biased,1
B1_red_rare,1721,10593,unbiased,biased,2
B1_red_rare,1722,10594,unbiased,biased,1
B1_red_rare,1723,10595,unbiased,biased,1
B1_red_rare,1724,10596,unbiased,biased,1
B1_red_rare,1725,10597,unbiased,biased,1
B1_red_rare,1726,10598,unbiased,biased,1
B1_red_rare,1727,10599,unbiased,biased,1
B1_red_rare,1728,10600,unbiased,biased,1
B1_red_rare,1729,10601,unbiased,biased,1
B1_red_rare,1730,10602,unbiased,biased,1
B1_red_rare,1731,10603,unbiased,biased,1
B1_red_rare,1732,10604,unbiased,biased,2
B1_red_rare,1733,10605,unbiased,biased,1
B1_red_rare,1734,10606,unbiased,biased,1
B1_red_rare,1735,10607,unbiased,biased,1
B1_red_rare,1736,10608,unbiased,biased,1
B1_red_rare,1737,10609,unbiased,biased,1
B1_red_rare,1738,10610,unbiased,biased,1
B1_red_rare,1739,10611,unbiased,biased,1
B1_red_rare,1740,10612,unbiased,biased,1
B1_red_rare,1741,10613,unbiased,biased,1
B1_red_rare,1742,10614,unbiased,biased,2
B1_red_rare,1743,10615,unbiased,biased,2
B1_red_rare,1744,10616,unbiased,biased,1
B1_red_rare,1745,10617,unbiased,biased,1
B1_red_rare,1746,10618,unbiased,biased,1
B1_red_rare,1747,10619,unbiased,biased,1
B1_red_rare,1748,10620,unbiased,biased,1
B1_red_rare,1749,10621,unbiased,biased,1
B1_red_rare,1750,10622,unbiased,biased,1
B1_red_rare,1651,10523,unbiased,biased,1
B1_red_rare,1652,10524,unbiased,biased,3
B1_red_rare,1653,10525,unbiased,biased,1
B1_red_rare,1654,10526,unbiased,biased,2
B1_red_rare,1655,10527,unbiased,biased,1
B1_red_rare,1656,10528,unbiased,biased,1
B1_red_rare,1657,10529,unbiased,biased,1
B1_red_rare,1658,10530,unbiased,biased,1
B1_red_rare,1659,10531,unbiased,biased,1
B1_red_rare,1660,10532,unbiased,biased,1
B1_red_rare,1661,10533,unbiased,biased,1
B1_red_rare,1662,10534,unbiased,biased,1
B1_red_rare,1663,10535,unbiased,biased,1
B1_red_rare,1664,10536,unbiased,biased,1
B1_red_rare,1665,10537,unbiased,biased,2
B1_red_rare,1666,10538,unbiased,biased,2
B1_red_rare,1667,10539,unbiased,biased,2
B1_red_rare,1668,10540,unbiased,biased,1
B1_red_rare,1669,10541,unbiased,biased,1
B1_red_rare,1670,10542,unbiased,biased,1
B1_red_rare,1671,10543,unbiased,biased,1
B1_red_rare,1672,10544,unbiased,biased,1
B1_red_rare,1673,10545,unbiased,biased,1
B1_red_rare,1674,10546,unbiased,biased,4
B1_red_rare,1675,10547,unbiased,biased,1
B1_red_rare,1676,10548,unbiased,biased,1
B1_red_rare,1677,10549,unbiased,biased,1
B1_red_rare,1678,10550,unbiased,biased,4
B1_red_rare,1679,10551,unbiased,biased,2
B1_red_rare,1680,10552,unbiased,biased,1
B1_red_rare,1681,10553,unbiased,biased,1
B1_red_rare,1682,10554,unbiased,biased,1
B1_red_rare,1683,10555,unbiased,biased,1
B1_red_rare,1684,10556,unbiased,biased,1
B1_red_rare,1685,10557,unbiased,biased,3
B1_red_rare,1686,10558,unbiased,biased,1
B1_red_rare,1687,10559,unbiased,biased,1
B1_red_rare,1688,10560,unbiased,biased,1
B1_red_rare,1689,10561,unbiased,biased,1
B1_red_rare,1690,10562,unbiased,biased,2
B1_red_rare,1691,10563,unbiased,biased,1
B1_red_rare,1692,10564,unbiased,biased,1
B1_red_rare,1693,10565,unbiased,biased,1
B1_red_rare,1694,10566,unbiased,biased,2
B1_red_rare,1695,10567,unbiased,biased,1
B1_red_rare,1696,10568,unbiased,biased,1
B1_red_rare,1697,10569,unbiased,biased,1
B1_red_rare,1698,10570,unbiased,biased,1
B1_red_rare,1699,10571,unbiased,biased,1
B1_red_rare,1700,10572,unbiased,biased,1
B1_red_rare,1751,10623,unbiased,biased,1
B1_red_rare,1752,10624,unbiased,biased,1
B1_red_rare,1753,10625,unbiased,biased,1
B1_red_rare,1754,10626,unbiased,biased,1
B1_red_rare,1755,10627,unbiased,biased,1
B1_red_rare,1756,10628,unbiased,biased,2
B1_red_rare,1757,10629,unbiased,biased,1
B1_red_rare,1758,10630,unbiased,biased,3
B1_red_rare,1759,10631,unbiased,biased,1
B1_red_rare,1760,10632,unbiased,biased,1
B1_red_rare,1761,10633,unbiased,biased,1
B1_red_rare,1762,10634,unbiased,biased,1
B1_red_rare,1763,10635,unbiased,biased,2
B1_red_rare,1764,10636,unbiased,biased,1
B1_red_rare,1765,10637,unbiased,biased,1
B1_red_rare,1766,10638,unbiased,biased,1
B1_red_rare,1767,10639,unbiased,biased,2
B1_red_rare,1768,10640,unbiased,biased,1
B1_red_rare,1769,10641,unbiased,biased,1
B1_red_rare,1770,10642,unbiased,biased,1
B1_red_rare,1771,10643,unbiased,biased,2
B1_red_rare,1772,10644,unbiased,biased,1
B1_red_rare,1773,10645,unbiased,biased,1
B1_red_rare,1774,10646,unbiased,biased,2
B1_red_rare,1775,10647,unbiased,biased,1
B1_red_rare,1776,10648,unbiased,biased,1
B1_red_rare,1777,10649,unbiased,biased,1
B1_red_rare,1778,10650,unbiased,biased,1
B1_red_rare,1779,10651,unbiased,biased,2
B1_red_rare,1780,10652,unbiased,biased,1
B1_red_rare,1781,10653,unbiased,biased,1
B1_red_rare,1782,10654,unbiased,biased,1
B1_red_rare,1783,10655,unbiased,biased,1
B1_red_rare,1784,10656,unbiased,biased,1
B1_red_rare,1785,10657,unbiased,biased,1
B1_red_rare,1786,10658,unbiased,biased,2
B1_red_rare,1787,10659,unbiased,biased,1
B1_red_rare,1788,10660,unbiased,biased,1
B1_red_rare,1789,10661,unbiased,biased,2
B1_red_rare,1790,10662,unbiased,biased,1
B1_red_rare,1791,10663,unbiased,biased,1
B1_red_rare,1792,10664,unbiased,biased,1
B1_red_rare,1793,10665,unbiased,biased,1
B1_red_rare,1794,10666,unbiased,biased,3
B1_red_rare,1795,10667,unbiased,biased,1
B1_red_rare,1796,10668,unbiased,biased,1
B1_red_rare,1797,10669,unbiased,biased,1
B1_red_rare,1798,10670,unbiased,biased,1
B1_red_rare,1799,10671,unbiased,biased,1
B1_red_rare,1800,10672,unbiased,biased,1
B1_red_rare,1801,10673,unbiased,biased,1
B1_red_rare,1802,10674,unbiased,biased,1
B1_red_rare,1803,10675,unbiased,biased,3
B1_red_rare,1804,10676,unbiased,biased,1
B1_red_rare,1805,10677,unbiased,biased,1
B1_red_rare,1806,10678,unbiased,biased,1
B1_red_rare,1807,10679,unbiased,biased,1
B1_red_rare,1808,10680,unbiased,biased,1
B1_red_rare,1809,10681,unbiased,biased,1
B1_red_rare,1810,10682,unbiased,biased,1
B1_red_rare,1811,10683,unbiased,biased,1
B1_red_rare,1812,10684,unbiased,biased,1
B1_red_rare,1813,10685,unbiased,biased,4
B1_red_rare,1814,10686,unbiased,biased,1
B1_red_rare,1815,10687,unbiased,biased,1
B1_red_rare,1816,10688,unbiased,biased,1
B1_red_rare,1817,10689,unbiased,biased,1
B1_red_rare,1818,10690,unbiased,biased,1
B1_red_rare,1819,10691,unbiased,biased,1
B1_red_rare,1820,10692,unbiased,biased,1
B1_red_rare,1821,10693,unbiased,biased,1
B1_red_rare,1822,10694,unbiased,biased,1
B1_red_rare,1823,10695,unbiased,biased,1
B1_red_rare,1824,10696,unbiased,biased,1
B1_red_rare,1825,10697,unbiased,biased,1
B1_red_rare,1826,10698,unbiased,biased,1
B1_red_rare,1827,10699,unbiased,biased,1
B1_red_rare,1828,10700,unbiased,biased,1
B1_red_rare,1829,10701,unbiased,biased,2
B1_red_rare,1830,10702,unbiased,biased,2
B1_red_rare,1831,10703,unbiased,biased,1
B1_red_rare,1832,10704,unbiased,biased,1
B1_red_rare,1833,10705,unbiased,biased,1
B1_red_rare,1834,10706,unbiased,biased,1
B1_red_rare,1835,10707,unbiased,biased,1
B1_red_rare,1836,10708,unbiased,biased,1
B1_red_rare,1837,10709,unbiased,biased,1
B1_red_rare,1838,10710,unbiased,biased,1
B1_red_rare,1839,10711,unbiased,biased,1
B1_red_rare,1840,10712,unbiased,biased,1
B1_red_rare,1841,10713,unbiased,biased,1
B1_red_rare,1842,10714,unbiased,biased,1
B1_red_rare,1843,10715,unbiased,biased,1
B1_red_rare,1844,10716,unbiased,biased,4
B1_red_rare,1845,10717,unbiased,biased,1
B1_red_rare,1846,10718,unbiased,biased,1
B1_red_rare,1847,10719,unbiased,biased,1
B1_red_rare,1848,10720,unbiased,biased,2
B1_red_rare,1849,10721,unbiased,biased,1
B1_red_rare,1850,10722,unbiased,biased,1
B1_red_rare,1851,10723,unbiased,biased,1
B1_red_rare,1852,10724,unbiased,biased,1
B1_red_rare,1853,10725,unbiased,biased,1
B1_red_rare,1854,10726,unbiased,biased,2
B1_red_rare,1855,10727,unbiased,biased,1
B1_red_rare,1856,10728,unbiased,biased,1
B1_red_rare,1857,10729,unbiased,biased,2
B1_red_rare,1858,10730,unbiased,biased,1
B1_red_rare,1859,10731,unbiased,biased,1
B1_red_rare,1860,10732,unbiased,biased,1
B1_red_rare,1861,10733,unbiased,biased,1
B1_red_rare,1862,10734,unbiased,biased,1
B1_red_rare,1863,10735,unbiased,biased,1
B1_red_rare,1864,10736,unbiased,biased,1
B1_red_rare,1865,10737,unbiased,biased,2
B1_red_rare,1866,10738,unbiased,biased,1
B1_red_rare,1867,10739,unbiased,biased,4
B1_red_rare,1868,10740,unbiased,biased,1
B1_red_rare,1869,10741,unbiased,biased,1
B1_red_rare,1870,10742,unbiased,biased,1
B1_red_rare,1871,10743,unbiased,biased,1
B1_red_rare,1872,10744,unbiased,biased,1
B1_red_rare,1873,10745,unbiased,biased,1
B1_red_rare,1874,10746,unbiased,biased,1
B1_red_rare,1875,10747,unbiased,biased,1
B1_red_rare,1876,10748,unbiased,biased,1
B1_red_rare,1877,10749,unbiased,biased,1
B1_red_rare,1878,10750,unbiased,biased,1
B1_red_rare,1879,10751,unbiased,biased,1
B1_red_rare,1880,10752,unbiased,biased,1
B1_red_rare,1881,10753,unbiased,biased,1
B1_red_rare,1882,10754,unbiased,biased,1
B1_red_rare,1883,10755,unbiased,biased,1
B1_red_rare,1884,10756,unbiased,biased,4
B1_red_rare,1885,10757,unbiased,biased,1
B1_red_rare,1886,10758,unbiased,biased,1
B1_red_rare,1887,10759,unbiased,biased,1
B1_red_rare,1888,10760,unbiased,biased,1
B1_red_rare,1889,10761,unbiased,biased,1
B1_red_rare,1890,10762,unbiased,biased,3
B1_red_rare,1891,10763,unbiased,biased,1
B1_red_rare,1892,10764,unbiased,biased,2
B1_red_rare,1893,10765,unbiased,biased,4
B1_red_rare,1894,10766,unbiased,biased,1
B1_red_rare,1895,10767,unbiased,biased,6
B1_red_rare,1896,10768,unbiased,biased,1
B1_red_rare,1897,10769,unbiased,biased,1
B1_red_rare,1898,10770,unbiased,biased,1
B1_red_rare,1899,10771,unbiased,biased,1
B1_red_rare,1900,10772,unbiased,biased,2
B1_red_rare,1951,10823,unbiased,biased,1
B1_red_rare,1952,10824,unbiased,biased,1
B1_red_rare,1953,10825,unbiased,biased,2
B1_red_rare,1954,10826,unbiased,biased,1
B1_red_rare,1955,10827,unbiased,biased,3
B1_red_rare,1956,10828,unbiased,biased,1
B1_red_rare,1957,10829,unbiased,biased,1
B1_red_rare,1958,10830,unbiased,biased,1
B1_red_rare,1959,10831,unbiased,biased,1
B1_red_rare,1960,10832,unbiased,biased,1
B1_red_rare,1961,10833,unbiased,biased,1
B1_red_rare,1962,10834,unbiased,biased,1
B1_red_rare,1963,10835,unbiased,biased,1
B1_red_rare,1964,10836,unbiased,biased,1
B1_red_rare,1965,10837,unbiased,biased,1
B1_red_rare,1966,10838,unbiased,biased,2
B1_red_rare,1967,10839,unbiased,biased,1
B1_red_rare,1968,10840,unbiased,biased,1
B1_red_rare,1969,10841,unbiased,biased,1
B1_red_rare,1970,10842,unbiased,biased,1
B1_red_rare,1971,10843,unbiased,biased,2
B1_red_rare,1972,10844,unbiased,biased,1
B1_red_rare,1973,10845,unbiased,biased,1
B1_red_rare,1974,10846,unbiased,biased,2
B1_red_rare,1975,10847,unbiased,biased,1
B1_red_rare,1976,10848,unbiased,biased,1
B1_red_rare,1977,10849,unbiased,biased,1
B1_red_rare,1978,10850,unbiased,biased,2
B1_red_rare,1979,10851,unbiased,biased,5
B1_red_rare,1980,10852,unbiased,biased,2
B1_red_rare,1981,10853,unbiased,biased,1
B1_red_rare,1982,10854,unbiased,biased,1
B1_red_rare,1983,10855,unbiased,biased,1
B1_red_rare,1984,10856,unbiased,biased,1
B1_red_rare,1985,10857,unbiased,biased,1
B1_red_rare,1986,10858,unbiased,biased,1
B1_red_rare,1987,10859,unbiased,biased,1
B1_red_rare,1988,10860,unbiased,biased,2
B1_red_rare,1989,10861,unbiased,biased,1
B1_red_rare,1990,10862,unbiased,biased,1
B1_red_rare,1991,10863,unbiased,biased,1
B1_red_rare,1992,10864,unbiased,biased,4
B1_red_rare,1993,10865,unbiased,biased,1
B1_red_rare,1994,10866,unbiased,biased,1
B1_red_rare,1995,10867,unbiased,biased,1
B1_red_rare,1996,10868,unbiased,biased,1
B1_red_rare,1997,10869,unbiased,biased,1
B1_red_rare,1998,10870,unbiased,biased,1
B1_red_rare,1999,10871,unbiased,biased,1
B1_red_rare,2000,10872,unbiased,biased,1
B1_red_rare,1901,10773,unbiased,biased,1
B1_red_rare,1902,10774,unbiased,biased,3
B1_red_rare,1903,10775,unbiased,biased,1
B1_red_rare,1904,10776,unbiased,biased,1
B1_red_rare,1905,10777,unbiased,biased,1
B1_red_rare,1906,10778,unbiased,biased,1
B1_red_rare,1907,10779,unbiased,biased,2
B1_red_rare,1908,10780,unbiased,biased,2
B1_red_rare,1909,10781,unbiased,biased,3
B1_red_rare,1910,10782,unbiased,biased,1
B1_red_rare,1911,10783,unbiased,biased,2
B1_red_rare,1912,10784,unbiased,biased,1
B1_red_rare,1913,10785,unbiased,biased,1
B1_red_rare,1914,10786,unbiased,biased,1
B1_red_rare,1915,10787,unbiased,biased,1
B1_red_rare,1916,10788,unbiased,biased,1
B1_red_rare,1917,10789,unbiased,biased,13
B1_red_rare,1918,10790,unbiased,biased,5
B1_red_rare,1919,10791,unbiased,biased,1
B1_red_rare,1920,10792,unbiased,biased,2
B1_red_rare,1921,10793,unbiased,biased,1
B1_red_rare,1922,10794,unbiased,biased,1
B1_red_rare,1923,10795,unbiased,biased,1
B1_red_rare,1924,10796,unbiased,biased,1
B1_red_rare,1925,10797,unbiased,biased,1
B1_red_rare,1926,10798,unbiased,biased,2
B1_red_rare,1927,10799,unbiased,biased,2
B1_red_rare,1928,10800,unbiased,biased,3
B1_red_rare,1929,10801,unbiased,biased,1
B1_red_rare,1930,10802,unbiased,biased,1
B1_red_rare,1931,10803,unbiased,biased,1
B1_red_rare,1932,10804,unbiased,biased,1
B1_red_rare,1933,10805,unbiased,biased,1
B1_red_rare,1934,10806,unbiased,biased,1
B1_red_rare,1935,10807,unbiased,biased,1
B1_red_rare,1936,10808,unbiased,biased,1
B1_red_rare,1937,10809,unbiased,biased,1
B1_red_rare,1938,10810,unbiased,biased,1
B1_red_rare,1939,10811,unbiased,biased,1
B1_red_rare,1940,10812,unbiased,biased,1
B1_red_rare,1941,10813,unbiased,biased,1
B1_red_rare,1942,10814,unbiased,biased,1
B1_red_rare,1943,10815,unbiased,biased,1
B1_red_rare,1944,10816,unbiased,biased,2
B1_red_rare,1945,10817,unbiased,biased,2
B1_red_rare,1946,10818,unbiased,biased,1
B1_red_rare,1947,10819,unbiased,biased,1
B1_red_rare,1948,10820,unbiased,biased,1
B1_red_rare,1949,10821,unbiased,biased,1
B1_red_rare,1950,10822,unbiased,biased,1
B1_red_rare,2051,10923,unbiased,biased,1
B1_red_rare,2052,10924,unbiased,biased,1
B1_red_rare,2053,10925,unbiased,biased,1
B1_red_rare,2054,10926,unbiased,biased,1
B1_red_rare,2055,10927,unbiased,biased,1
B1_red_rare,2056,10928,unbiased,biased,2
B1_red_rare,2057,10929,unbiased,biased,1
B1_red_rare,2058,10930,unbiased,biased,2
B1_red_rare,2059,10931,unbiased,biased,1
B1_red_rare,2060,10932,unbiased,biased,1
B1_red_rare,2061,10933,unbiased,biased,1
B1_red_rare,2062,10934,unbiased,biased,1
B1_red_rare,2063,10935,unbiased,biased,1
B1_red_rare,2064,10936,unbiased,biased,1
B1_red_rare,2065,10937,unbiased,biased,1
B1_red_rare,2066,10938,unbiased,biased,1
B1_red_rare,2067,10939,unbiased,biased,1
B1_red_rare,2068,10940,unbiased,biased,1
B1_red_rare,2069,10941,unbiased,biased,1
B1_red_rare,2070,10942,unbiased,biased,1
B1_red_rare,2071,10943,unbiased,biased,1
B1_red_rare,2072,10944,unbiased,biased,1
B1_red_rare,2073,10945,unbiased,biased,1
B1_red_rare,2074,10946,unbiased,biased,1
B1_red_rare,2075,10947,unbiased,biased,1
B1_red_rare,2076,10948,unbiased,biased,1
B1_red_rare,2077,10949,unbiased,biased,1
B1_red_rare,2078,10950,unbiased,biased,1
B1_red_rare,2079,10951,unbiased,biased,1
B1_red_rare,2080,10952,unbiased,biased,1
B1_red_rare,2081,10953,unbiased,biased,1
B1_red_rare,2082,10954,unbiased,biased,1
B1_red_rare,2083,10955,unbiased,biased,1
B1_red_rare,2084,10956,unbiased,biased,1
B1_red_rare,2085,10957,unbiased,biased,1
B1_red_rare,2086,10958,unbiased,biased,1
B1_red_rare,2087,10959,unbiased,biased,1
B1_red_rare,2088,10960,unbiased,biased,1
B1_red_rare,2089,10961,unbiased,biased,1
B1_red_rare,2090,10962,unbiased,biased,1
B1_red_rare,2091,10963,unbiased,biased,1
B1_red_rare,2092,10964,unbiased,biased,1
B1_red_rare,2093,10965,unbiased,biased,2
B1_red_rare,2094,10966,unbiased,biased,1
B1_red_rare,2095,10967,unbiased,biased,1
B1_red_rare,2096,10968,unbiased,biased,1
B1_red_rare,2097,10969,unbiased,biased,1
B1_red_rare,2098,10970,unbiased,biased,1
B1_red_rare,2099,10971,unbiased,biased,1
B1_red_rare,2100,10972,unbiased,biased,4
B1_red_rare,2101,10973,unbiased,biased,1
B1_red_rare,2102,10974,unbiased,biased,1
B1_red_rare,2103,10975,unbiased,biased,3
B1_red_rare,2104,10976,unbiased,biased,1
B1_red_rare,2105,10977,unbiased,biased,1
B1_red_rare,2106,10978,unbiased,biased,1
B1_red_rare,2107,10979,unbiased,biased,1
B1_red_rare,2108,10980,unbiased,biased,1
B1_red_rare,2109,10981,unbiased,biased,1
B1_red_rare,2110,10982,unbiased,biased,1
B1_red_rare,2111,10983,unbiased,biased,1
B1_red_rare,2112,10984,unbiased,biased,1
B1_red_rare,2113,10985,unbiased,biased,1
B1_red_rare,2114,10986,unbiased,biased,1
B1_red_rare,2115,10987,unbiased,biased,1
B1_red_rare,2116,10988,unbiased,biased,1
B1_red_rare,2117,10989,unbiased,biased,1
B1_red_rare,2118,10990,unbiased,biased,1
B1_red_rare,2119,10991,unbiased,biased,1
B1_red_rare,2120,10992,unbiased,biased,1
B1_red_rare,2121,10993,unbiased,biased,1
B1_red_rare,2122,10994,unbiased,biased,1
B1_red_rare,2123,10995,unbiased,biased,4
B1_red_rare,2124,10996,unbiased,biased,1
B1_red_rare,2125,10997,unbiased,biased,1
B1_red_rare,2126,10998,unbiased,biased,1
B1_red_rare,2127,10999,unbiased,biased,1
B1_red_rare,2128,11000,unbiased,biased,1
B1_red_rare,2129,11001,unbiased,biased,1
B1_red_rare,2130,11002,unbiased,biased,2
B1_red_rare,2131,11003,unbiased,biased,1
B1_red_rare,2132,11004,unbiased,biased,1
B1_red_rare,2133,11005,unbiased,biased,1
B1_red_rare,2134,11006,unbiased,biased,1
B1_red_rare,2135,11007,unbiased,biased,1
B1_red_rare,2136,11008,unbiased,biased,2
B1_red_rare,2137,11009,unbiased,biased,2
B1_red_rare,2138,11010,unbiased,biased,1
B1_red_rare,2139,11011,unbiased,biased,1
B1_red_rare,2140,11012,unbiased,biased,1
B1_red_rare,2141,11013,unbiased,biased,3
B1_red_rare,2142,11014,unbiased,biased,2
B1_red_rare,2143,11015,unbiased,biased,1
B1_red_rare,2144,11016,unbiased,biased,1
B1_red_rare,2145,11017,unbiased,biased,1
B1_red_rare,2146,11018,unbiased,biased,3
B1_red_rare,2147,11019,unbiased,biased,1
B1_red_rare,2148,11020,unbiased,biased,1
B1_red_rare,2149,11021,unbiased,biased,1
B1_red_rare,2150,11022,unbiased,biased,1
B1_red_rare,2151,11023,unbiased,biased,1
B1_red_rare,2152,11024,unbiased,biased,1
B1_red_rare,2153,11025,unbiased,biased,1
B1_red_rare,2154,11026,unbiased,biased,2
B1_red_rare,2155,11027,unbiased,biased,1
B1_red_rare,2156,11028,unbiased,biased,1
B1_red_rare,2157,11029,unbiased,biased,1
B1_red_rare,2158,11030,unbiased,biased,1
B1_red_rare,2159,11031,unbiased,biased,2
B1_red_rare,2160,11032,unbiased,biased,1
B1_red_rare,2161,11033,unbiased,biased,1
B1_red_rare,2162,11034,unbiased,biased,1
B1_red_rare,2163,11035,unbiased,biased,1
B1_red_rare,2164,11036,unbiased,biased,1
B1_red_rare,2165,11037,unbiased,biased,1
B1_red_rare,2166,11038,unbiased,biased,1
B1_red_rare,2167,11039,unbiased,biased,1
B1_red_rare,2168,11040,unbiased,biased,1
B1_red_rare,2169,11041,unbiased,biased,1
B1_red_rare,2170,11042,unbiased,biased,1
B1_red_rare,2171,11043,unbiased,biased,1
B1_red_rare,2172,11044,unbiased,biased,1
B1_red_rare,2173,11045,unbiased,biased,3
B1_red_rare,2174,11046,unbiased,biased,2
B1_red_rare,2175,11047,unbiased,biased,1
B1_red_rare,2176,11048,unbiased,biased,1
B1_red_rare,2177,11049,unbiased,biased,1
B1_red_rare,2178,11050,unbiased,biased,1
B1_red_rare,2179,11051,unbiased,biased,1
B1_red_rare,2180,11052,unbiased,biased,1
B1_red_rare,2181,11053,unbiased,biased,1
B1_red_rare,2182,11054,unbiased,biased,1
B1_red_rare,2183,11055,unbiased,biased,1
B1_red_rare,2184,11056,unbiased,biased,1
B1_red_rare,2185,11057,unbiased,biased,1
B1_red_rare,2186,11058,unbiased,biased,1
B1_red_rare,2187,11059,unbiased,biased,1
B1_red_rare,2188,11060,unbiased,biased,1
B1_red_rare,2189,11061,unbiased,biased,1
B1_red_rare,2190,11062,unbiased,biased,1
B1_red_rare,2191,11063,unbiased,biased,2
B1_red_rare,2192,11064,unbiased,biased,1
B1_red_rare,2193,11065,unbiased,biased,1
B1_red_rare,2194,11066,unbiased,biased,1
B1_red_rare,2195,11067,unbiased,biased,1
B1_red_rare,2196,11068,unbiased,biased,1
B1_red_rare,2197,11069,unbiased,biased,1
B1_red_rare,2198,11070,unbiased,biased,1
B1_red_rare,2199,11071,unbiased,biased,1
B1_red_rare,2200,11072,unbiased,biased,1
B1_red_rare,2001,10873,unbiased,biased,1
B1_red_rare,2002,10874,unbiased,biased,18
B1_red_rare,2003,10875,unbiased,biased,1
B1_red_rare,2004,10876,unbiased,biased,2
B1_red_rare,2005,10877,unbiased,biased,1
B1_red_rare,2006,10878,unbiased,biased,1
B1_red_rare,2007,10879,unbiased,biased,1
B1_red_rare,2008,10880,unbiased,biased,1
B1_red_rare,2009,10881,unbiased,biased,1
B1_red_rare,2010,10882,unbiased,biased,1
B1_red_rare,2011,10883,unbiased,biased,1
B1_red_rare,2012,10884,unbiased,biased,1
B1_red_rare,2013,10885,unbiased,biased,1
B1_red_rare,2014,10886,unbiased,biased,1
B1_red_rare,2015,10887,unbiased,biased,2
B1_red_rare,2016,10888,unbiased,biased,2
B1_red_rare,2017,10889,unbiased,biased,1
B1_red_rare,2018,10890,unbiased,biased,1
B1_red_rare,2019,10891,unbiased,biased,2
B1_red_rare,2020,10892,unbiased,biased,4
B1_red_rare,2021,10893,unbiased,biased,1
B1_red_rare,2022,10894,unbiased,biased,1
B1_red_rare,2023,10895,unbiased,biased,1
B1_red_rare,2024,10896,unbiased,biased,1
B1_red_rare,2025,10897,unbiased,biased,1
B1_red_rare,2026,10898,unbiased,biased,1
B1_red_rare,2027,10899,unbiased,biased,1
B1_red_rare,2028,10900,unbiased,biased,1
B1_red_rare,2029,10901,unbiased,biased,1
B1_red_rare,2030,10902,unbiased,biased,1
B1_red_rare,2031,10903,unbiased,biased,1
B1_red_rare,2032,10904,unbiased,biased,1
B1_red_rare,2033,10905,unbiased,biased,1
B1_red_rare,2034,10906,unbiased,biased,1
B1_red_rare,2035,10907,unbiased,biased,1
B1_red_rare,2036,10908,unbiased,biased,1
B1_red_rare,2037,10909,unbiased,biased,1
B1_red_rare,2038,10910,unbiased,biased,5
B1_red_rare,2039,10911,unbiased,biased,2
B1_red_rare,2040,10912,unbiased,biased,1
B1_red_rare,2041,10913,unbiased,biased,1
B1_red_rare,2042,10914,unbiased,biased,1
B1_red_rare,2043,10915,unbiased,biased,1
B1_red_rare,2044,10916,unbiased,biased,1
B1_red_rare,2045,10917,unbiased,biased,1
B1_red_rare,2046,10918,unbiased,biased,1
B1_red_rare,2047,10919,unbiased,biased,1
B1_red_rare,2048,10920,unbiased,biased,1
B1_red_rare,2049,10921,unbiased,biased,7
B1_red_rare,2050,10922,unbiased,biased,1
B1_red_rare,2201,11073,unbiased,biased,1
B1_red_rare,2202,11074,unbiased,biased,1
B1_red_rare,2203,11075,unbiased,biased,1
B1_red_rare,2204,11076,unbiased,biased,1
B1_red_rare,2205,11077,unbiased,biased,1
B1_red_rare,2206,11078,unbiased,biased,1
B1_red_rare,2207,11079,unbiased,biased,1
B1_red_rare,2208,11080,unbiased,biased,1
B1_red_rare,2209,11081,unbiased,biased,1
B1_red_rare,2210,11082,unbiased,biased,1
B1_red_rare,2211,11083,unbiased,biased,1
B1_red_rare,2212,11084,unbiased,biased,1
B1_red_rare,2213,11085,unbiased,biased,1
B1_red_rare,2214,11086,unbiased,biased,1
B1_red_rare,2215,11087,unbiased,biased,1
B1_red_rare,2216,11088,unbiased,biased,1
B1_red_rare,2217,11089,unbiased,biased,1
B1_red_rare,2218,11090,unbiased,biased,1
B1_red_rare,2219,11091,unbiased,biased,1
B1_red_rare,2220,11092,unbiased,biased,1
B1_red_rare,2221,11093,unbiased,biased,1
B1_red_rare,2222,11094,unbiased,biased,1
B1_red_rare,2223,11095,unbiased,biased,1
B1_red_rare,2224,11096,unbiased,biased,1
B1_red_rare,2225,11097,unbiased,biased,1
B1_red_rare,2226,11098,unbiased,biased,1
B1_red_rare,2227,11099,unbiased,biased,1
B1_red_rare,2228,11100,unbiased,biased,1
B1_red_rare,2229,11101,unbiased,biased,1
B1_red_rare,2230,11102,unbiased,biased,1
B1_red_rare,2231,11103,unbiased,biased,2
B1_red_rare,2232,11104,unbiased,biased,1
B1_red_rare,2233,11105,unbiased,biased,1
B1_red_rare,2234,11106,unbiased,biased,1
B1_red_rare,2235,11107,unbiased,biased,1
B1_red_rare,2236,11108,unbiased,biased,6
B1_red_rare,2237,11109,unbiased,biased,1
B1_red_rare,2238,11110,unbiased,biased,2
B1_red_rare,2239,11111,unbiased,biased,1
B1_red_rare,2240,11112,unbiased,biased,1
B1_red_rare,2241,11113,unbiased,biased,1
B1_red_rare,2242,11114,unbiased,biased,1
B1_red_rare,2243,11115,unbiased,biased,1
B1_red_rare,2244,11116,unbiased,biased,1
B1_red_rare,2245,11117,unbiased,biased,4
B1_red_rare,2246,11118,unbiased,biased,1
B1_red_rare,2247,11119,unbiased,biased,1
B1_red_rare,2248,11120,unbiased,biased,1
B1_red_rare,2249,11121,unbiased,biased,2
B1_red_rare,2250,11122,unbiased,biased,1
B1_red_rare,2301,11173,unbiased,biased,1
B1_red_rare,2302,11174,unbiased,biased,1
B1_red_rare,2303,11175,unbiased,biased,1
B1_red_rare,2304,11176,unbiased,biased,1
B1_red_rare,2305,11177,unbiased,biased,1
B1_red_rare,2306,11178,unbiased,biased,2
B1_red_rare,2307,11179,unbiased,biased,1
B1_red_rare,2308,11180,unbiased,biased,1
B1_red_rare,2309,11181,unbiased,biased,1
B1_red_rare,2310,11182,unbiased,biased,1
B1_red_rare,2311,11183,unbiased,biased,1
B1_red_rare,2312,11184,unbiased,biased,2
B1_red_rare,2313,11185,unbiased,biased,1
B1_red_rare,2314,11186,unbiased,biased,1
B1_red_rare,2315,11187,unbiased,biased,1
B1_red_rare,2316,11188,unbiased,biased,1
B1_red_rare,2317,11189,unbiased,biased,1
B1_red_rare,2318,11190,unbiased,biased,1
B1_red_rare,2319,11191,unbiased,biased,1
B1_red_rare,2320,11192,unbiased,biased,1
B1_red_rare,2321,11193,unbiased,biased,1
B1_red_rare,2322,11194,unbiased,biased,1
B1_red_rare,2323,11195,unbiased,biased,1
B1_red_rare,2324,11196,unbiased,biased,1
B1_red_rare,2325,11197,unbiased,biased,1
B1_red_rare,2326,11198,unbiased,biased,1
B1_red_rare,2327,11199,unbiased,biased,1
B1_red_rare,2328,11200,unbiased,biased,1
B1_red_rare,2329,11201,unbiased,biased,4
B1_red_rare,2330,11202,unbiased,biased,1
B1_red_rare,2331,11203,unbiased,biased,2
B1_red_rare,2332,11204,unbiased,biased,1
B1_red_rare,2333,11205,unbiased,biased,1
B1_red_rare,2334,11206,unbiased,biased,1
B1_red_rare,2335,11207,unbiased,biased,3
B1_red_rare,2336,11208,unbiased,biased,1
B1_red_rare,2337,11209,unbiased,biased,1
B1_red_rare,2338,11210,unbiased,biased,1
B1_red_rare,2339,11211,unbiased,biased,1
B1_red_rare,2340,11212,unbiased,biased,1
B1_red_rare,2341,11213,unbiased,biased,1
B1_red_rare,2342,11214,unbiased,biased,1
B1_red_rare,2343,11215,unbiased,biased,4
B1_red_rare,2344,11216,unbiased,biased,1
B1_red_rare,2345,11217,unbiased,biased,1
B1_red_rare,2346,11218,unbiased,biased,1
B1_red_rare,2347,11219,unbiased,biased,1
B1_red_rare,2348,11220,unbiased,biased,1
B1_red_rare,2349,11221,unbiased,biased,1
B1_red_rare,2350,11222,unbiased,biased,1
B1_red_rare,2401,11273,unbiased,biased,2
B1_red_rare,2402,11274,unbiased,biased,2
B1_red_rare,2403,11275,unbiased,biased,1
B1_red_rare,2404,11276,unbiased,biased,2
B1_red_rare,2405,11277,unbiased,biased,1
B1_red_rare,2406,11278,unbiased,biased,1
B1_red_rare,2407,11279,unbiased,biased,2
B1_red_rare,2408,11280,unbiased,biased,1
B1_red_rare,2409,11281,unbiased,biased,1
B1_red_rare,2410,11282,unbiased,biased,1
B1_red_rare,2411,11283,unbiased,biased,1
B1_red_rare,2412,11284,unbiased,biased,1
B1_red_rare,2413,11285,unbiased,biased,2
B1_red_rare,2414,11286,unbiased,biased,1
B1_red_rare,2415,11287,unbiased,biased,1
B1_red_rare,2416,11288,unbiased,biased,1
B1_red_rare,2417,11289,unbiased,biased,1
B1_red_rare,2418,11290,unbiased,biased,1
B1_red_rare,2419,11291,unbiased,biased,1
B1_red_rare,2420,11292,unbiased,biased,1
B1_red_rare,2421,11293,unbiased,biased,1
B1_red_rare,2422,11294,unbiased,biased,1
B1_red_rare,2423,11295,unbiased,biased,1
B1_red_rare,2424,11296,unbiased,biased,1
B1_red_rare,2425,11297,unbiased,biased,1
B1_red_rare,2426,11298,unbiased,biased,1
B1_red_rare,2427,11299,unbiased,biased,1
B1_red_rare,2428,11300,unbiased,biased,1
B1_red_rare,2429,11301,unbiased,biased,1
B1_red_rare,2430,11302,unbiased,biased,1
B1_red_rare,2431,11303,unbiased,biased,1
B1_red_rare,2432,11304,unbiased,biased,1
B1_red_rare,2433,11305,unbiased,biased,1
B1_red_rare,2434,11306,unbiased,biased,1
B1_red_rare,2435,11307,unbiased,biased,1
B1_red_rare,2436,11308,unbiased,biased,1
B1_red_rare,2437,11309,unbiased,biased,1
B1_red_rare,2438,11310,unbiased,biased,1
B1_red_rare,2439,11311,unbiased,biased,1
B1_red_rare,2440,11312,unbiased,biased,1
B1_red_rare,2441,11313,unbiased,biased,1
B1_red_rare,2442,11314,unbiased,biased,1
B1_red_rare,2443,11315,unbiased,biased,1
B1_red_rare,2444,11316,unbiased,biased,1
B1_red_rare,2445,11317,unbiased,biased,1
B1_red_rare,2446,11318,unbiased,biased,1
B1_red_rare,2447,11319,unbiased,biased,1
B1_red_rare,2448,11320,unbiased,biased,2
B1_red_rare,2449,11321,unbiased,biased,1
B1_red_rare,2450,11322,unbiased,biased,1
B1_red_rare,2251,11123,unbiased,biased,1
B1_red_rare,2252,11124,unbiased,biased,2
B1_red_rare,2253,11125,unbiased,biased,3
B1_red_rare,2254,11126,unbiased,biased,1
B1_red_rare,2255,11127,unbiased,biased,1
B1_red_rare,2256,11128,unbiased,biased,1
B1_red_rare,2257,11129,unbiased,biased,1
B1_red_rare,2258,11130,unbiased,biased,1
B1_red_rare,2259,11131,unbiased,biased,4
B1_red_rare,2260,11132,unbiased,biased,1
B1_red_rare,2261,11133,unbiased,biased,9
B1_red_rare,2262,11134,unbiased,biased,1
B1_red_rare,2263,11135,unbiased,biased,1
B1_red_rare,2264,11136,unbiased,biased,1
B1_red_rare,2265,11137,unbiased,biased,1
B1_red_rare,2266,11138,unbiased,biased,1
B1_red_rare,2267,11139,unbiased,biased,1
B1_red_rare,2268,11140,unbiased,biased,1
B1_red_rare,2269,11141,unbiased,biased,1
B1_red_rare,2270,11142,unbiased,biased,4
B1_red_rare,2271,11143,unbiased,biased,1
B1_red_rare,2272,11144,unbiased,biased,1
B1_red_rare,2273,11145,unbiased,biased,1
B1_red_rare,2274,11146,unbiased,biased,3
B1_red_rare,2275,11147,unbiased,biased,1
B1_red_rare,2276,11148,unbiased,biased,3
B1_red_rare,2277,11149,unbiased,biased,1
B1_red_rare,2278,11150,unbiased,biased,4
B1_red_rare,2279,11151,unbiased,biased,1
B1_red_rare,2280,11152,unbiased,biased,1
B1_red_rare,2281,11153,unbiased,biased,1
B1_red_rare,2282,11154,unbiased,biased,1
B1_red_rare,2283,11155,unbiased,biased,1
B1_red_rare,2284,11156,unbiased,biased,1
B1_red_rare,2285,11157,unbiased,biased,1
B1_red_rare,2286,11158,unbiased,biased,1
B1_red_rare,2287,11159,unbiased,biased,1
B1_red_rare,2288,11160,unbiased,biased,1
B1_red_rare,2289,11161,unbiased,biased,1
B1_red_rare,2290,11162,unbiased,biased,1
B1_red_rare,2291,11163,unbiased,biased,6
B1_red_rare,2292,11164,unbiased,biased,1
B1_red_rare,2293,11165,unbiased,biased,1
B1_red_rare,2294,11166,unbiased,biased,1
B1_red_rare,2295,11167,unbiased,biased,1
B1_red_rare,2296,11168,unbiased,biased,1
B1_red_rare,2297,11169,unbiased,biased,1
B1_red_rare,2298,11170,unbiased,biased,1
B1_red_rare,2299,11171,unbiased,biased,2
B1_red_rare,2300,11172,unbiased,biased,1
B1_red_rare,2351,11223,unbiased,biased,1
B1_red_rare,2352,11224,unbiased,biased,1
B1_red_rare,2353,11225,unbiased,biased,1
B1_red_rare,2354,11226,unbiased,biased,1
B1_red_rare,2355,11227,unbiased,biased,11
B1_red_rare,2356,11228,unbiased,biased,1
B1_red_rare,2357,11229,unbiased,biased,1
B1_red_rare,2358,11230,unbiased,biased,1
B1_red_rare,2359,11231,unbiased,biased,1
B1_red_rare,2360,11232,unbiased,biased,1
B1_red_rare,2361,11233,unbiased,biased,1
B1_red_rare,2362,11234,unbiased,biased,1
B1_red_rare,2363,11235,unbiased,biased,1
B1_red_rare,2364,11236,unbiased,biased,1
B1_red_rare,2365,11237,unbiased,biased,1
B1_red_rare,2366,11238,unbiased,biased,2
B1_red_rare,2367,11239,unbiased,biased,1
B1_red_rare,2368,11240,unbiased,biased,5
B1_red_rare,2369,11241,unbiased,biased,1
B1_red_rare,2370,11242,unbiased,biased,1
B1_red_rare,2371,11243,unbiased,biased,2
B1_red_rare,2372,11244,unbiased,biased,1
B1_red_rare,2373,11245,unbiased,biased,2
B1_red_rare,2374,11246,unbiased,biased,1
B1_red_rare,2375,11247,unbiased,biased,1
B1_red_rare,2376,11248,unbiased,biased,1
B1_red_rare,2377,11249,unbiased,biased,1
B1_red_rare,2378,11250,unbiased,biased,1
B1_red_rare,2379,11251,unbiased,biased,1
B1_red_rare,2380,11252,unbiased,biased,1
B1_red_rare,2381,11253,unbiased,biased,1
B1_red_rare,2382,11254,unbiased,biased,1
B1_red_rare,2383,11255,unbiased,biased,1
B1_red_rare,2384,11256,unbiased,biased,3
B1_red_rare,2385,11257,unbiased,biased,1
B1_red_rare,2386,11258,unbiased,biased,1
B1_red_rare,2387,11259,unbiased,biased,1
B1_red_rare,2388,11260,unbiased,biased,1
B1_red_rare,2389,11261,unbiased,biased,1
B1_red_rare,2390,11262,unbiased,biased,1
B1_red_rare,2391,11263,unbiased,biased,2
B1_red_rare,2392,11264,unbiased,biased,1
B1_red_rare,2393,11265,unbiased,biased,1
B1_red_rare,2394,11266,unbiased,biased,1
B1_red_rare,2395,11267,unbiased,biased,1
B1_red_rare,2396,11268,unbiased,biased,2
B1_red_rare,2397,11269,unbiased,biased,1
B1_red_rare,2398,11270,unbiased,biased,1
B1_red_rare,2399,11271,unbiased,biased,2
B1_red_rare,2400,11272,unbiased,biased,1
B1_red_rare,2501,11373,unbiased,biased,2
B1_red_rare,2502,11374,unbiased,biased,1
B1_red_rare,2503,11375,unbiased,biased,1
B1_red_rare,2504,11376,unbiased,biased,1
B1_red_rare,2505,11377,unbiased,biased,2
B1_red_rare,2506,11378,unbiased,biased,1
B1_red_rare,2507,11379,unbiased,biased,1
B1_red_rare,2508,11380,unbiased,biased,1
B1_red_rare,2509,11381,unbiased,biased,1
B1_red_rare,2510,11382,unbiased,biased,3
B1_red_rare,2511,11383,unbiased,biased,1
B1_red_rare,2512,11384,unbiased,biased,1
B1_red_rare,2513,11385,unbiased,biased,1
B1_red_rare,2514,11386,unbiased,biased,1
B1_red_rare,2515,11387,unbiased,biased,2
B1_red_rare,2516,11388,unbiased,biased,3
B1_red_rare,2517,11389,unbiased,biased,2
B1_red_rare,2518,11390,unbiased,biased,1
B1_red_rare,2519,11391,unbiased,biased,1
B1_red_rare,2520,11392,unbiased,biased,2
B1_red_rare,2521,11393,unbiased,biased,1
B1_red_rare,2522,11394,unbiased,biased,1
B1_red_rare,2523,11395,unbiased,biased,1
B1_red_rare,2524,11396,unbiased,biased,1
B1_red_rare,2525,11397,unbiased,biased,1
B1_red_rare,2526,11398,unbiased,biased,1
B1_red_rare,2527,11399,unbiased,biased,1
B1_red_rare,2528,11400,unbiased,biased,1
B1_red_rare,2529,11401,unbiased,biased,1
B1_red_rare,2530,11402,unbiased,biased,1
B1_red_rare,2531,11403,unbiased,biased,1
B1_red_rare,2532,11404,unbiased,biased,1
B1_red_rare,2533,11405,unbiased,biased,1
B1_red_rare,2534,11406,unbiased,biased,1
B1_red_rare,2535,11407,unbiased,biased,1
B1_red_rare,2536,11408,unbiased,biased,1
B1_red_rare,2537,11409,unbiased,biased,1
B1_red_rare,2538,11410,unbiased,biased,1
B1_red_rare,2539,11411,unbiased,biased,1
B1_red_rare,2540,11412,unbiased,biased,1
B1_red_rare,2541,11413,unbiased,biased,1
B1_red_rare,2542,11414,unbiased,biased,1
B1_red_rare,2543,11415,unbiased,biased,1
B1_red_rare,2544,11416,unbiased,biased,1
B1_red_rare,2545,11417,unbiased,biased,1
B1_red_rare,2546,11418,unbiased,biased,1
B1_red_rare,2547,11419,unbiased,biased,2
B1_red_rare,2548,11420,unbiased,biased,1
B1_red_rare,2549,11421,unbiased,biased,1
B1_red_rare,2550,11422,unbiased,biased,1
B1_red_rare,2451,11323,unbiased,biased,1
B1_red_rare,2452,11324,unbiased,biased,1
B1_red_rare,2453,11325,unbiased,biased,1
B1_red_rare,2454,11326,unbiased,biased,1
B1_red_rare,2455,11327,unbiased,biased,1
B1_red_rare,2456,11328,unbiased,biased,1
B1_red_rare,2457,11329,unbiased,biased,1
B1_red_rare,2458,11330,unbiased,biased,1
B1_red_rare,2459,11331,unbiased,biased,1
B1_red_rare,2460,11332,unbiased,biased,1
B1_red_rare,2461,11333,unbiased,biased,1
B1_red_rare,2462,11334,unbiased,biased,3
B1_red_rare,2463,11335,unbiased,biased,1
B1_red_rare,2464,11336,unbiased,biased,1
B1_red_rare,2465,11337,unbiased,biased,1
B1_red_rare,2466,11338,unbiased,biased,1
B1_red_rare,2467,11339,unbiased,biased,2
B1_red_rare,2468,11340,unbiased,biased,2
B1_red_rare,2469,11341,unbiased,biased,1
B1_red_rare,2470,11342,unbiased,biased,1
B1_red_rare,2471,11343,unbiased,biased,1
B1_red_rare,2472,11344,unbiased,biased,1
B1_red_rare,2473,11345,unbiased,biased,1
B1_red_rare,2474,11346,unbiased,biased,1
B1_red_rare,2475,11347,unbiased,biased,1
B1_red_rare,2476,11348,unbiased,biased,1
B1_red_rare,2477,11349,unbiased,biased,1
B1_red_rare,2478,11350,unbiased,biased,1
B1_red_rare,2479,11351,unbiased,biased,1
B1_red_rare,2480,11352,unbiased,biased,1
B1_red_rare,2481,11353,unbiased,biased,1
B1_red_rare,2482,11354,unbiased,biased,1
B1_red_rare,2483,11355,unbiased,biased,1
B1_red_rare,2484,11356,unbiased,biased,1
B1_red_rare,2485,11357,unbiased,biased,2
B1_red_rare,2486,11358,unbiased,biased,1
B1_red_rare,2487,11359,unbiased,biased,2
B1_red_rare,2488,11360,unbiased,biased,2
B1_red_rare,2489,11361,unbiased,biased,1
B1_red_rare,2490,11362,unbiased,biased,1
B1_red_rare,2491,11363,unbiased,biased,1
B1_red_rare,2492,11364,unbiased,biased,1
B1_red_rare,2493,11365,unbiased,biased,1
B1_red_rare,2494,11366,unbiased,biased,3
B1_red_rare,2495,11367,unbiased,biased,4
B1_red_rare,2496,11368,unbiased,biased,1
B1_red_rare,2497,11369,unbiased,biased,1
B1_red_rare,2498,11370,unbiased,biased,1
B1_red_rare,2499,11371,unbiased,biased,1
B1_red_rare,2500,11372,unbiased,biased,1
B1_red_rare,2551,11423,unbiased,biased,1
B1_red_rare,2552,11424,unbiased,biased,1
B1_red_rare,2553,11425,unbiased,biased,1
B1_red_rare,2554,11426,unbiased,biased,1
B1_red_rare,2555,11427,unbiased,biased,1
B1_red_rare,2556,11428,unbiased,biased,1
B1_red_rare,2557,11429,unbiased,biased,1
B1_red_rare,2558,11430,unbiased,biased,1
B1_red_rare,2559,11431,unbiased,biased,1
B1_red_rare,2560,11432,unbiased,biased,1
B1_red_rare,2561,11433,unbiased,biased,1
B1_red_rare,2562,11434,unbiased,biased,1
B1_red_rare,2563,11435,unbiased,biased,1
B1_red_rare,2564,11436,unbiased,biased,1
B1_red_rare,2565,11437,unbiased,biased,1
B1_red_rare,2566,11438,unbiased,biased,1
B1_red_rare,2567,11439,unbiased,biased,1
B1_red_rare,2568,11440,unbiased,biased,1
B1_red_rare,2569,11441,unbiased,biased,5
B1_red_rare,2570,11442,unbiased,biased,1
B1_red_rare,2571,11443,unbiased,biased,1
B1_red_rare,2572,11444,unbiased,biased,1
B1_red_rare,2573,11445,unbiased,biased,1
B1_red_rare,2574,11446,unbiased,biased,1
B1_red_rare,2575,11447,unbiased,biased,1
B1_red_rare,2576,11448,unbiased,biased,1
B1_red_rare,2577,11449,unbiased,biased,1
B1_red_rare,2578,11450,unbiased,biased,1
B1_red_rare,2579,11451,unbiased,biased,1
B1_red_rare,2580,11452,unbiased,biased,1
B1_red_rare,2581,11453,unbiased,biased,1
B1_red_rare,2582,11454,unbiased,biased,1
B1_red_rare,2583,11455,unbiased,biased,2
B1_red_rare,2584,11456,unbiased,biased,1
B1_red_rare,2585,11457,unbiased,biased,1
B1_red_rare,2586,11458,unbiased,biased,3
B1_red_rare,2587,11459,unbiased,biased,1
B1_red_rare,2588,11460,unbiased,biased,2
B1_red_rare,2589,11461,unbiased,biased,1
B1_red_rare,2590,11462,unbiased,biased,1
B1_red_rare,2591,11463,unbiased,biased,1
B1_red_rare,2592,11464,unbiased,biased,1
B1_red_rare,2593,11465,unbiased,biased,1
B1_red_rare,2594,11466,unbiased,biased,2
B1_red_rare,2595,11467,unbiased,biased,1
B1_red_rare,2596,11468,unbiased,biased,1
B1_red_rare,2597,11469,unbiased,biased,1
B1_red_rare,2598,11470,unbiased,biased,2
B1_red_rare,2599,11471,unbiased,biased,1
B1_red_rare,2600,11472,unbiased,biased,4
B1_red_rare,2601,11473,unbiased,biased,1
B1_red_rare,2602,11474,unbiased,biased,1
B1_red_rare,2603,11475,unbiased,biased,2
B1_red_rare,2604,11476,unbiased,biased,1
B1_red_rare,2605,11477,unbiased,biased,1
B1_red_rare,2606,11478,unbiased,biased,1
B1_red_rare,2607,11479,unbiased,biased,1
B1_red_rare,2608,11480,unbiased,biased,1
B1_red_rare,2609,11481,unbiased,biased,1
B1_red_rare,2610,11482,unbiased,biased,1
B1_red_rare,2611,11483,unbiased,biased,1
B1_red_rare,2612,11484,unbiased,biased,1
B1_red_rare,2613,11485,unbiased,biased,3
B1_red_rare,2614,11486,unbiased,biased,2
B1_red_rare,2615,11487,unbiased,biased,1
B1_red_rare,2616,11488,unbiased,biased,1
B1_red_rare,2617,11489,unbiased,biased,1
B1_red_rare,2618,11490,unbiased,biased,1
B1_red_rare,2619,11491,unbiased,biased,1
B1_red_rare,2620,11492,unbiased,biased,1
B1_red_rare,2621,11493,unbiased,biased,1
B1_red_rare,2622,11494,unbiased,biased,1
B1_red_rare,2623,11495,unbiased,biased,1
B1_red_rare,2624,11496,unbiased,biased,1
B1_red_rare,2625,11497,unbiased,biased,2
B1_red_rare,2626,11498,unbiased,biased,2
B1_red_rare,2627,11499,unbiased,biased,1
B1_red_rare,2628,11500,unbiased,biased,1
B1_red_rare,2629,11501,unbiased,biased,1
B1_red_rare,2630,11502,unbiased,biased,1
B1_red_rare,2631,11503,unbiased,biased,1
B1_red_rare,2632,11504,unbiased,biased,1
B1_red_rare,2633,11505,unbiased,biased,2
B1_red_rare,2634,11506,unbiased,biased,3
B1_red_rare,2635,11507,unbiased,biased,1
B1_red_rare,2636,11508,unbiased,biased,2
B1_red_rare,2637,11509,unbiased,biased,1
B1_red_rare,2638,11510,unbiased,biased,2
B1_red_rare,2639,11511,unbiased,biased,1
B1_red_rare,2640,11512,unbiased,biased,2
B1_red_rare,2641,11513,unbiased,biased,1
B1_red_rare,2642,11514,unbiased,biased,2
B1_red_rare,2643,11515,unbiased,biased,1
B1_red_rare,2644,11516,unbiased,biased,6
B1_red_rare,2645,11517,unbiased,biased,3
B1_red_rare,2646,11518,unbiased,biased,1
B1_red_rare,2647,11519,unbiased,biased,4
B1_red_rare,2648,11520,unbiased,biased,1
B1_red_rare,2649,11521,unbiased,biased,1
B1_red_rare,2650,11522,unbiased,biased,1
B1_red_rare,2651,11523,unbiased,biased,1
B1_red_rare,2652,11524,unbiased,biased,1
B1_red_rare,2653,11525,unbiased,biased,1
B1_red_rare,2654,11526,unbiased,biased,1
B1_red_rare,2655,11527,unbiased,biased,1
B1_red_rare,2656,11528,unbiased,biased,1
B1_red_rare,2657,11529,unbiased,biased,1
B1_red_rare,2658,11530,unbiased,biased,1
B1_red_rare,2659,11531,unbiased,biased,1
B1_red_rare,2660,11532,unbiased,biased,2
B1_red_rare,2661,11533,unbiased,biased,3
B1_red_rare,2662,11534,unbiased,biased,1
B1_red_rare,2663,11535,unbiased,biased,1
B1_red_rare,2664,11536,unbiased,biased,1
B1_red_rare,2665,11537,unbiased,biased,5
B1_red_rare,2666,11538,unbiased,biased,2
B1_red_rare,2667,11539,unbiased,biased,1
B1_red_rare,2668,11540,unbiased,biased,1
B1_red_rare,2669,11541,unbiased,biased,2
B1_red_rare,2670,11542,unbiased,biased,1
B1_red_rare,2671,11543,unbiased,biased,1
B1_red_rare,2672,11544,unbiased,biased,3
B1_red_rare,2673,11545,unbiased,biased,1
B1_red_rare,2674,11546,unbiased,biased,1
B1_red_rare,2675,11547,unbiased,biased,1
B1_red_rare,2676,11548,unbiased,biased,2
B1_red_rare,2677,11549,unbiased,biased,1
B1_red_rare,2678,11550,unbiased,biased,1
B1_red_rare,2679,11551,unbiased,biased,1
B1_red_rare,2680,11552,unbiased,biased,1
B1_red_rare,2681,11553,unbiased,biased,1
B1_red_rare,2682,11554,unbiased,biased,1
B1_red_rare,2683,11555,unbiased,biased,1
B1_red_rare,2684,11556,unbiased,biased,1
B1_red_rare,2685,11557,unbiased,biased,1
B1_red_rare,2686,11558,unbiased,biased,1
B1_red_rare,2687,11559,unbiased,biased,1
B1_red_rare,2688,11560,unbiased,biased,1
B1_red_rare,2689,11561,unbiased,biased,1
B1_red_rare,2690,11562,unbiased,biased,1
B1_red_rare,2691,11563,unbiased,biased,1
B1_red_rare,2692,11564,unbiased,biased,2
B1_red_rare,2693,11565,unbiased,biased,1
B1_red_rare,2694,11566,unbiased,biased,1
B1_red_rare,2695,11567,unbiased,biased,1
B1_red_rare,2696,11568,unbiased,biased,1
B1_red_rare,2697,11569,unbiased,biased,2
B1_red_rare,2698,11570,unbiased,biased,1
B1_red_rare,2699,11571,unbiased,biased,1
B1_red_rare,2700,11572,unbiased,biased,1
B1_red_rare,2751,11623,unbiased,biased,1
B1_red_rare,2752,11624,unbiased,biased,1
B1_red_rare,2753,11625,unbiased,biased,1
B1_red_rare,2754,11626,unbiased,biased,1
B1_red_rare,2755,11627,unbiased,biased,1
B1_red_rare,2756,11628,unbiased,biased,1
B1_red_rare,2757,11629,unbiased,biased,1
B1_red_rare,2758,11630,unbiased,biased,1
B1_red_rare,2759,11631,unbiased,biased,1
B1_red_rare,2760,11632,unbiased,biased,3
B1_red_rare,2761,11633,unbiased,biased,1
B1_red_rare,2762,11634,unbiased,biased,1
B1_red_rare,2763,11635,unbiased,biased,1
B1_red_rare,2764,11636,unbiased,biased,1
B1_red_rare,2765,11637,unbiased,biased,1
B1_red_rare,2766,11638,unbiased,biased,1
B1_red_rare,2767,11639,unbiased,biased,1
B1_red_rare,2768,11640,unbiased,biased,1
B1_red_rare,2769,11641,unbiased,biased,1
B1_red_rare,2770,11642,unbiased,biased,1
B1_red_rare,2771,11643,unbiased,biased,1
B1_red_rare,2772,11644,unbiased,biased,1
B1_red_rare,2773,11645,unbiased,biased,1
B1_red_rare,2774,11646,unbiased,biased,1
B1_red_rare,2775,11647,unbiased,biased,2
B1_red_rare,2776,11648,unbiased,biased,1
B1_red_rare,2777,11649,unbiased,biased,1
B1_red_rare,2778,11650,unbiased,biased,1
B1_red_rare,2779,11651,unbiased,biased,1
B1_red_rare,2780,11652,unbiased,biased,2
B1_red_rare,2781,11653,unbiased,biased,1
B1_red_rare,2782,11654,unbiased,biased,3
B1_red_rare,2783,11655,unbiased,biased,1
B1_red_rare,2784,11656,unbiased,biased,3
B1_red_rare,2785,11657,unbiased,biased,3
B1_red_rare,2786,11658,unbiased,biased,1
B1_red_rare,2787,11659,unbiased,biased,1
B1_red_rare,2788,11660,unbiased,biased,1
B1_red_rare,2789,11661,unbiased,biased,1
B1_red_rare,2790,11662,unbiased,biased,1
B1_red_rare,2791,11663,unbiased,biased,1
B1_red_rare,2792,11664,unbiased,biased,1
B1_red_rare,2793,11665,unbiased,biased,1
B1_red_rare,2794,11666,unbiased,biased,1
B1_red_rare,2795,11667,unbiased,biased,1
B1_red_rare,2796,11668,unbiased,biased,2
B1_red_rare,2797,11669,unbiased,biased,1
B1_red_rare,2798,11670,unbiased,biased,1
B1_red_rare,2799,11671,unbiased,biased,1
B1_red_rare,2800,11672,unbiased,biased,1
B1_red_rare,2801,11673,unbiased,biased,2
B1_red_rare,2802,11674,unbiased,biased,1
B1_red_rare,2803,11675,unbiased,biased,1
B1_red_rare,2804,11676,unbiased,biased,1
B1_red_rare,2805,11677,unbiased,biased,2
B1_red_rare,2806,11678,unbiased,biased,1
B1_red_rare,2807,11679,unbiased,biased,1
B1_red_rare,2808,11680,unbiased,biased,1
B1_red_rare,2809,11681,unbiased,biased,2
B1_red_rare,2810,11682,unbiased,biased,1
B1_red_rare,2811,11683,unbiased,biased,1
B1_red_rare,2812,11684,unbiased,biased,1
B1_red_rare,2813,11685,unbiased,biased,1
B1_red_rare,2814,11686,unbiased,biased,3
B1_red_rare,2815,11687,unbiased,biased,1
B1_red_rare,2816,11688,unbiased,biased,1
B1_red_rare,2817,11689,unbiased,biased,1
B1_red_rare,2818,11690,unbiased,biased,2
B1_red_rare,2819,11691,unbiased,biased,1
B1_red_rare,2820,11692,unbiased,biased,2
B1_red_rare,2821,11693,unbiased,biased,1
B1_red_rare,2822,11694,unbiased,biased,3
B1_red_rare,2823,11695,unbiased,biased,2
B1_red_rare,2824,11696,unbiased,biased,1
B1_red_rare,2825,11697,unbiased,biased,1
B1_red_rare,2826,11698,unbiased,biased,1
B1_red_rare,2827,11699,unbiased,biased,1
B1_red_rare,2828,11700,unbiased,biased,1
B1_red_rare,2829,11701,unbiased,biased,1
B1_red_rare,2830,11702,unbiased,biased,1
B1_red_rare,2831,11703,unbiased,biased,1
B1_red_rare,2832,11704,unbiased,biased,1
B1_red_rare,2833,11705,unbiased,biased,1
B1_red_rare,2834,11706,unbiased,biased,3
B1_red_rare,2835,11707,unbiased,biased,1
B1_red_rare,2836,11708,unbiased,biased,1
B1_red_rare,2837,11709,unbiased,biased,1
B1_red_rare,2838,11710,unbiased,biased,1
B1_red_rare,2839,11711,unbiased,biased,1
B1_red_rare,2840,11712,unbiased,biased,1
B1_red_rare,2841,11713,unbiased,biased,1
B1_red_rare,2842,11714,unbiased,biased,4
B1_red_rare,2843,11715,unbiased,biased,2
B1_red_rare,2844,11716,unbiased,biased,1
B1_red_rare,2845,11717,unbiased,biased,1
B1_red_rare,2846,11718,unbiased,biased,2
B1_red_rare,2847,11719,unbiased,biased,1
B1_red_rare,2848,11720,unbiased,biased,1
B1_red_rare,2849,11721,unbiased,biased,1
B1_red_rare,2850,11722,unbiased,biased,1
B1_red_rare,2901,11773,unbiased,biased,1
B1_red_rare,2902,11774,unbiased,biased,1
B1_red_rare,2903,11775,unbiased,biased,2
B1_red_rare,2904,11776,unbiased,biased,4
B1_red_rare,2905,11777,unbiased,biased,1
B1_red_rare,2906,11778,unbiased,biased,1
B1_red_rare,2907,11779,unbiased,biased,2
B1_red_rare,2908,11780,unbiased,biased,2
B1_red_rare,2909,11781,unbiased,biased,1
B1_red_rare,2910,11782,unbiased,biased,1
B1_red_rare,2911,11783,unbiased,biased,1
B1_red_rare,2912,11784,unbiased,biased,1
B1_red_rare,2913,11785,unbiased,biased,1
B1_red_rare,2914,11786,unbiased,biased,1
B1_red_rare,2915,11787,unbiased,biased,1
B1_red_rare,2916,11788,unbiased,biased,2
B1_red_rare,2917,11789,unbiased,biased,1
B1_red_rare,2918,11790,unbiased,biased,1
B1_red_rare,2919,11791,unbiased,biased,1
B1_red_rare,2920,11792,unbiased,biased,1
B1_red_rare,2921,11793,unbiased,biased,1
B1_red_rare,2922,11794,unbiased,biased,1
B1_red_rare,2923,11795,unbiased,biased,2
B1_red_rare,2924,11796,unbiased,biased,1
B1_red_rare,2925,11797,unbiased,biased,1
B1_red_rare,2926,11798,unbiased,biased,1
B1_red_rare,2927,11799,unbiased,biased,1
B1_red_rare,2928,11800,unbiased,biased,1
B1_red_rare,2929,11801,unbiased,biased,1
B1_red_rare,2930,11802,unbiased,biased,1
B1_red_rare,2931,11803,unbiased,biased,1
B1_red_rare,2932,11804,unbiased,biased,2
B1_red_rare,2933,11805,unbiased,biased,1
B1_red_rare,2934,11806,unbiased,biased,1
B1_red_rare,2935,11807,unbiased,biased,1
B1_red_rare,2936,11808,unbiased,biased,1
B1_red_rare,2937,11809,unbiased,biased,1
B1_red_rare,2938,11810,unbiased,biased,1
B1_red_rare,2939,11811,unbiased,biased,1
B1_red_rare,2940,11812,unbiased,biased,1
B1_red_rare,2941,11813,unbiased,biased,1
B1_red_rare,2942,11814,unbiased,biased,1
B1_red_rare,2943,11815,unbiased,biased,1
B1_red_rare,2944,11816,unbiased,biased,2
B1_red_rare,2945,11817,unbiased,biased,1
B1_red_rare,2946,11818,unbiased,biased,1
B1_red_rare,2947,11819,unbiased,biased,1
B1_red_rare,2948,11820,unbiased,biased,1
B1_red_rare,2949,11821,unbiased,biased,1
B1_red_rare,2950,11822,unbiased,biased,1
B1_red_rare,2851,11723,unbiased,biased,1
B1_red_rare,2852,11724,unbiased,biased,2
B1_red_rare,2853,11725,unbiased,biased,2
B1_red_rare,2854,11726,unbiased,biased,1
B1_red_rare,2855,11727,unbiased,biased,1
B1_red_rare,2856,11728,unbiased,biased,1
B1_red_rare,2857,11729,unbiased,biased,1
B1_red_rare,2858,11730,unbiased,biased,1
B1_red_rare,2859,11731,unbiased,biased,1
B1_red_rare,2860,11732,unbiased,biased,1
B1_red_rare,2861,11733,unbiased,biased,1
B1_red_rare,2862,11734,unbiased,biased,1
B1_red_rare,2863,11735,unbiased,biased,1
B1_red_rare,2864,11736,unbiased,biased,1
B1_red_rare,2865,11737,unbiased,biased,1
B1_red_rare,2866,11738,unbiased,biased,1
B1_red_rare,2867,11739,unbiased,biased,2
B1_red_rare,2868,11740,unbiased,biased,1
B1_red_rare,2869,11741,unbiased,biased,5
B1_red_rare,2870,11742,unbiased,biased,2
B1_red_rare,2871,11743,unbiased,biased,4
B1_red_rare,2872,11744,unbiased,biased,1
B1_red_rare,2873,11745,unbiased,biased,1
B1_red_rare,2874,11746,unbiased,biased,1
B1_red_rare,2875,11747,unbiased,biased,1
B1_red_rare,2876,11748,unbiased,biased,2
B1_red_rare,2877,11749,unbiased,biased,1
B1_red_rare,2878,11750,unbiased,biased,1
B1_red_rare,2879,11751,unbiased,biased,1
B1_red_rare,2880,11752,unbiased,biased,1
B1_red_rare,2881,11753,unbiased,biased,1
B1_red_rare,2882,11754,unbiased,biased,1
B1_red_rare,2883,11755,unbiased,biased,2
B1_red_rare,2884,11756,unbiased,biased,1
B1_red_rare,2885,11757,unbiased,biased,2
B1_red_rare,2886,11758,unbiased,biased,1
B1_red_rare,2887,11759,unbiased,biased,1
B1_red_rare,2888,11760,unbiased,biased,1
B1_red_rare,2889,11761,unbiased,biased,1
B1_red_rare,2890,11762,unbiased,biased,2
B1_red_rare,2891,11763,unbiased,biased,5
B1_red_rare,2892,11764,unbiased,biased,1
B1_red_rare,2893,11765,unbiased,biased,1
B1_red_rare,2894,11766,unbiased,biased,1
B1_red_rare,2895,11767,unbiased,biased,1
B1_red_rare,2896,11768,unbiased,biased,1
B1_red_rare,2897,11769,unbiased,biased,6
B1_red_rare,2898,11770,unbiased,biased,2
B1_red_rare,2899,11771,unbiased,biased,1
B1_red_rare,2900,11772,unbiased,biased,1
B1_red_rare,2701,11573,unbiased,biased,1
B1_red_rare,2702,11574,unbiased,biased,2
B1_red_rare,2703,11575,unbiased,biased,1
B1_red_rare,2704,11576,unbiased,biased,1
B1_red_rare,2705,11577,unbiased,biased,1
B1_red_rare,2706,11578,unbiased,biased,1
B1_red_rare,2707,11579,unbiased,biased,1
B1_red_rare,2708,11580,unbiased,biased,3
B1_red_rare,2709,11581,unbiased,biased,1
B1_red_rare,2710,11582,unbiased,biased,1
B1_red_rare,2711,11583,unbiased,biased,5
B1_red_rare,2712,11584,unbiased,biased,1
B1_red_rare,2713,11585,unbiased,biased,1
B1_red_rare,2714,11586,unbiased,biased,1
B1_red_rare,2715,11587,unbiased,biased,2
B1_red_rare,2716,11588,unbiased,biased,1
B1_red_rare,2717,11589,unbiased,biased,2
B1_red_rare,2718,11590,unbiased,biased,1
B1_red_rare,2719,11591,unbiased,biased,1
B1_red_rare,2720,11592,unbiased,biased,3
B1_red_rare,2721,11593,unbiased,biased,1
B1_red_rare,2722,11594,unbiased,biased,1
B1_red_rare,2723,11595,unbiased,biased,1
B1_red_rare,2724,11596,unbiased,biased,2
B1_red_rare,2725,11597,unbiased,biased,1
B1_red_rare,2726,11598,unbiased,biased,1
B1_red_rare,2727,11599,unbiased,biased,2
B1_red_rare,2728,11600,unbiased,biased,1
B1_red_rare,2729,11601,unbiased,biased,1
B1_red_rare,2730,11602,unbiased,biased,23
B1_red_rare,2731,11603,unbiased,biased,1
B1_red_rare,2732,11604,unbiased,biased,1
B1_red_rare,2733,11605,unbiased,biased,1
B1_red_rare,2734,11606,unbiased,biased,1
B1_red_rare,2735,11607,unbiased,biased,1
B1_red_rare,2736,11608,unbiased,biased,3
B1_red_rare,2737,11609,unbiased,biased,1
B1_red_rare,2738,11610,unbiased,biased,1
B1_red_rare,2739,11611,unbiased,biased,1
B1_red_rare,2740,11612,unbiased,biased,4
B1_red_rare,2741,11613,unbiased,biased,1
B1_red_rare,2742,11614,unbiased,biased,1
B1_red_rare,2743,11615,unbiased,biased,1
B1_red_rare,2744,11616,unbiased,biased,1
B1_red_rare,2745,11617,unbiased,biased,2
B1_red_rare,2746,11618,unbiased,biased,3
B1_red_rare,2747,11619,unbiased,biased,1
B1_red_rare,2748,11620,unbiased,biased,1
B1_red_rare,2749,11621,unbiased,biased,2
B1_red_rare,2750,11622,unbiased,biased,1
B1_red_rare,3001,11873,unbiased,biased,1
B1_red_rare,3002,11874,unbiased,biased,1
B1_red_rare,3003,11875,unbiased,biased,1
B1_red_rare,3004,11876,unbiased,biased,1
B1_red_rare,3005,11877,unbiased,biased,1
B1_red_rare,3006,11878,unbiased,biased,1
B1_red_rare,3007,11879,unbiased,biased,1
B1_red_rare,3008,11880,unbiased,biased,1
B1_red_rare,3009,11881,unbiased,biased,1
B1_red_rare,3010,11882,unbiased,biased,1
B1_red_rare,3011,11883,unbiased,biased,1
B1_red_rare,3012,11884,unbiased,biased,2
B1_red_rare,3013,11885,unbiased,biased,1
B1_red_rare,3014,11886,unbiased,biased,1
B1_red_rare,3015,11887,unbiased,biased,1
B1_red_rare,3016,11888,unbiased,biased,1
B1_red_rare,3017,11889,unbiased,biased,1
B1_red_rare,3018,11890,unbiased,biased,1
B1_red_rare,3019,11891,unbiased,biased,1
B1_red_rare,3020,11892,unbiased,biased,1
B1_red_rare,3021,11893,unbiased,biased,1
B1_red_rare,3022,11894,unbiased,biased,1
B1_red_rare,3023,11895,unbiased,biased,1
B1_red_rare,3024,11896,unbiased,biased,1
B1_red_rare,3025,11897,unbiased,biased,10
B1_red_rare,3026,11898,unbiased,biased,1
B1_red_rare,3027,11899,unbiased,biased,1
B1_red_rare,3028,11900,unbiased,biased,3
B1_red_rare,3029,11901,unbiased,biased,1
B1_red_rare,3030,11902,unbiased,biased,1
B1_red_rare,3031,11903,unbiased,biased,1
B1_red_rare,3032,11904,unbiased,biased,2
B1_red_rare,3033,11905,unbiased,biased,1
B1_red_rare,3034,11906,unbiased,biased,1
B1_red_rare,3035,11907,unbiased,biased,1
B1_red_rare,3036,11908,unbiased,biased,1
B1_red_rare,3037,11909,unbiased,biased,1
B1_red_rare,3038,11910,unbiased,biased,2
B1_red_rare,3039,11911,unbiased,biased,1
B1_red_rare,3040,11912,unbiased,biased,2
B1_red_rare,3041,11913,unbiased,biased,1
B1_red_rare,3042,11914,unbiased,biased,1
B1_red_rare,3043,11915,unbiased,biased,1
B1_red_rare,3044,11916,unbiased,biased,1
B1_red_rare,3045,11917,unbiased,biased,1
B1_red_rare,3046,11918,unbiased,biased,1
B1_red_rare,3047,11919,unbiased,biased,1
B1_red_rare,3048,11920,unbiased,biased,1
B1_red_rare,3049,11921,unbiased,biased,1
B1_red_rare,3050,11922,unbiased,biased,2
B1_red_rare,2951,11823,unbiased,biased,2
B1_red_rare,2952,11824,unbiased,biased,1
B1_red_rare,2953,11825,unbiased,biased,1
B1_red_rare,2954,11826,unbiased,biased,1
B1_red_rare,2955,11827,unbiased,biased,1
B1_red_rare,2956,11828,unbiased,biased,1
B1_red_rare,2957,11829,unbiased,biased,2
B1_red_rare,2958,11830,unbiased,biased,1
B1_red_rare,2959,11831,unbiased,biased,1
B1_red_rare,2960,11832,unbiased,biased,1
B1_red_rare,2961,11833,unbiased,biased,1
B1_red_rare,2962,11834,unbiased,biased,1
B1_red_rare,2963,11835,unbiased,biased,1
B1_red_rare,2964,11836,unbiased,biased,1
B1_red_rare,2965,11837,unbiased,biased,1
B1_red_rare,2966,11838,unbiased,biased,1
B1_red_rare,2967,11839,unbiased,biased,1
B1_red_rare,2968,11840,unbiased,biased,1
B1_red_rare,2969,11841,unbiased,biased,1
B1_red_rare,2970,11842,unbiased,biased,1
B1_red_rare,2971,11843,unbiased,biased,2
B1_red_rare,2972,11844,unbiased,biased,2
B1_red_rare,2973,11845,unbiased,biased,2
B1_red_rare,2974,11846,unbiased,biased,2
B1_red_rare,2975,11847,unbiased,biased,4
B1_red_rare,2976,11848,unbiased,biased,1
B1_red_rare,2977,11849,unbiased,biased,1
B1_red_rare,2978,11850,unbiased,biased,1
B1_red_rare,2979,11851,unbiased,biased,1
B1_red_rare,2980,11852,unbiased,biased,1
B1_red_rare,2981,11853,unbiased,biased,1
B1_red_rare,2982,11854,unbiased,biased,1
B1_red_rare,2983,11855,unbiased,biased,2
B1_red_rare,2984,11856,unbiased,biased,1
B1_red_rare,2985,11857,unbiased,biased,1
B1_red_rare,2986,11858,unbiased,biased,1
B1_red_rare,2987,11859,unbiased,biased,1
B1_red_rare,2988,11860,unbiased,biased,1
B1_red_rare,2989,11861,unbiased,biased,1
B1_red_rare,2990,11862,unbiased,biased,1
B1_red_rare,2991,11863,unbiased,biased,1
B1_red_rare,2992,11864,unbiased,biased,1
B1_red_rare,2993,11865,unbiased,biased,1
B1_red_rare,2994,11866,unbiased,biased,1
B1_red_rare,2995,11867,unbiased,biased,4
B1_red_rare,2996,11868,unbiased,biased,1
B1_red_rare,2997,11869,unbiased,biased,1
B1_red_rare,2998,11870,unbiased,biased,1
B1_red_rare,2999,11871,unbiased,biased,1
B1_red_rare,3000,11872,unbiased,biased,1
B1_red_rare,3051,11923,unbiased,biased,4
B1_red_rare,3052,11924,unbiased,biased,1
B1_red_rare,3053,11925,unbiased,biased,1
B1_red_rare,3054,11926,unbiased,biased,1
B1_red_rare,3055,11927,unbiased,biased,1
B1_red_rare,3056,11928,unbiased,biased,1
B1_red_rare,3057,11929,unbiased,biased,2
B1_red_rare,3058,11930,unbiased,biased,1
B1_red_rare,3059,11931,unbiased,biased,1
B1_red_rare,3060,11932,unbiased,biased,3
B1_red_rare,3061,11933,unbiased,biased,1
B1_red_rare,3062,11934,unbiased,biased,2
B1_red_rare,3063,11935,unbiased,biased,1
B1_red_rare,3064,11936,unbiased,biased,1
B1_red_rare,3065,11937,unbiased,biased,1
B1_red_rare,3066,11938,unbiased,biased,1
B1_red_rare,3067,11939,unbiased,biased,1
B1_red_rare,3068,11940,unbiased,biased,1
B1_red_rare,3069,11941,unbiased,biased,1
B1_red_rare,3070,11942,unbiased,biased,1
B1_red_rare,3071,11943,unbiased,biased,1
B1_red_rare,3072,11944,unbiased,biased,1
B1_red_rare,3073,11945,unbiased,biased,1
B1_red_rare,3074,11946,unbiased,biased,1
B1_red_rare,3075,11947,unbiased,biased,1
B1_red_rare,3076,11948,unbiased,biased,1
B1_red_rare,3077,11949,unbiased,biased,1
B1_red_rare,3078,11950,unbiased,biased,2
B1_red_rare,3079,11951,unbiased,biased,1
B1_red_rare,3080,11952,unbiased,biased,2
B1_red_rare,3081,11953,unbiased,biased,1
B1_red_rare,3082,11954,unbiased,biased,1
B1_red_rare,3083,11955,unbiased,biased,1
B1_red_rare,3084,11956,unbiased,biased,1
B1_red_rare,3085,11957,unbiased,biased,1
B1_red_rare,3086,11958,unbiased,biased,1
B1_red_rare,3087,11959,unbiased,biased,1
B1_red_rare,3088,11960,unbiased,biased,1
B1_red_rare,3089,11961,unbiased,biased,1
B1_red_rare,3090,11962,unbiased,biased,1
B1_red_rare,3091,11963,unbiased,biased,3
B1_red_rare,3092,11964,unbiased,biased,1
B1_red_rare,3093,11965,unbiased,biased,1
B1_red_rare,3094,11966,unbiased,biased,1
B1_red_rare,3095,11967,unbiased,biased,1
B1_red_rare,3096,11968,unbiased,biased,2
B1_red_rare,3097,11969,unbiased,biased,1
B1_red_rare,3098,11970,unbiased,biased,4
B1_red_rare,3099,11971,unbiased,biased,1
B1_red_rare,3100,11972,unbiased,biased,2
B1_red_rare,3101,11973,unbiased,biased,1
B1_red_rare,3102,11974,unbiased,biased,1
B1_red_rare,3103,11975,unbiased,biased,1
B1_red_rare,3104,11976,unbiased,biased,1
B1_red_rare,3105,11977,unbiased,biased,1
B1_red_rare,3106,11978,unbiased,biased,1
B1_red_rare,3107,11979,unbiased,biased,2
B1_red_rare,3108,11980,unbiased,biased,1
B1_red_rare,3109,11981,unbiased,biased,1
B1_red_rare,3110,11982,unbiased,biased,1
B1_red_rare,3111,11983,unbiased,biased,1
B1_red_rare,3112,11984,unbiased,biased,1
B1_red_rare,3113,11985,unbiased,biased,1
B1_red_rare,3114,11986,unbiased,biased,1
B1_red_rare,3115,11987,unbiased,biased,4
B1_red_rare,3116,11988,unbiased,biased,1
B1_red_rare,3117,11989,unbiased,biased,1
B1_red_rare,3118,11990,unbiased,biased,1
B1_red_rare,3119,11991,unbiased,biased,1
B1_red_rare,3120,11992,unbiased,biased,1
B1_red_rare,3121,11993,unbiased,biased,5
B1_red_rare,3122,11994,unbiased,biased,1
B1_red_rare,3123,11995,unbiased,biased,1
B1_red_rare,3124,11996,unbiased,biased,1
B1_red_rare,3125,11997,unbiased,biased,1
B1_red_rare,3126,11998,unbiased,biased,1
B1_red_rare,3127,11999,unbiased,biased,1
B1_red_rare,3128,12000,unbiased,biased,1
B1_red_rare,3129,12001,unbiased,biased,1
B1_red_rare,3130,12002,unbiased,biased,1
B1_red_rare,3131,12003,unbiased,biased,2
B1_red_rare,3132,12004,unbiased,biased,9
B1_red_rare,3133,12005,unbiased,biased,3
B1_red_rare,3134,12006,unbiased,biased,1
B1_red_rare,3135,12007,unbiased,biased,1
B1_red_rare,3136,12008,unbiased,biased,1
B1_red_rare,3137,12009,unbiased,biased,1
B1_red_rare,3138,12010,unbiased,biased,1
B1_red_rare,3139,12011,unbiased,biased,1
B1_red_rare,3140,12012,unbiased,biased,1
B1_red_rare,3141,12013,unbiased,biased,1
B1_red_rare,3142,12014,unbiased,biased,1
B1_red_rare,3143,12015,unbiased,biased,1
B1_red_rare,3144,12016,unbiased,biased,1
B1_red_rare,3145,12017,unbiased,biased,4
B1_red_rare,3146,12018,unbiased,biased,1
B1_red_rare,3147,12019,unbiased,biased,1
B1_red_rare,3148,12020,unbiased,biased,1
B1_red_rare,3149,12021,unbiased,biased,1
B1_red_rare,3150,12022,unbiased,biased,3
B1_red_rare,3151,12023,unbiased,biased,3
B1_red_rare,3152,12024,unbiased,biased,1
B1_red_rare,3153,12025,unbiased,biased,1
B1_red_rare,3154,12026,unbiased,biased,1
B1_red_rare,3155,12027,unbiased,biased,1
B1_red_rare,3156,12028,unbiased,biased,2
B1_red_rare,3157,12029,unbiased,biased,1
B1_red_rare,3158,12030,unbiased,biased,3
B1_red_rare,3159,12031,unbiased,biased,1
B1_red_rare,3160,12032,unbiased,biased,1
B1_red_rare,3161,12033,unbiased,biased,1
B1_red_rare,3162,12034,unbiased,biased,1
B1_red_rare,3163,12035,unbiased,biased,1
B1_red_rare,3164,12036,unbiased,biased,1
B1_red_rare,3165,12037,unbiased,biased,1
B1_red_rare,3166,12038,unbiased,biased,1
B1_red_rare,3167,12039,unbiased,biased,3
B1_red_rare,3168,12040,unbiased,biased,1
B1_red_rare,3169,12041,unbiased,biased,1
B1_red_rare,3170,12042,unbiased,biased,1
B1_red_rare,3171,12043,unbiased,biased,1
B1_red_rare,3172,12044,unbiased,biased,1
B1_red_rare,3173,12045,unbiased,biased,1
B1_red_rare,3174,12046,unbiased,biased,1
B1_red_rare,3175,12047,unbiased,biased,2
B1_red_rare,3176,12048,unbiased,biased,1
B1_red_rare,3177,12049,unbiased,biased,1
B1_red_rare,3178,12050,unbiased,biased,1
B1_red_rare,3179,12051,unbiased,biased,1
B1_red_rare,3180,12052,unbiased,biased,1
B1_red_rare,3181,12053,unbiased,biased,1
B1_red_rare,3182,12054,unbiased,biased,6
B1_red_rare,3183,12055,unbiased,biased,1
B1_red_rare,3184,12056,unbiased,biased,1
B1_red_rare,3185,12057,unbiased,biased,1
B1_red_rare,3186,12058,unbiased,biased,1
B1_red_rare,3187,12059,unbiased,biased,1
B1_red_rare,3188,12060,unbiased,biased,1
B1_red_rare,3189,12061,unbiased,biased,1
B1_red_rare,3190,12062,unbiased,biased,1
B1_red_rare,3191,12063,unbiased,biased,2
B1_red_rare,3192,12064,unbiased,biased,1
B1_red_rare,3193,12065,unbiased,biased,1
B1_red_rare,3194,12066,unbiased,biased,1
B1_red_rare,3195,12067,unbiased,biased,1
B1_red_rare,3196,12068,unbiased,biased,1
B1_red_rare,3197,12069,unbiased,biased,1
B1_red_rare,3198,12070,unbiased,biased,4
B1_red_rare,3199,12071,unbiased,biased,1
B1_red_rare,3200,12072,unbiased,biased,1
B1_red_rare,3251,12123,unbiased,biased,1
B1_red_rare,3252,12124,unbiased,biased,1
B1_red_rare,3253,12125,unbiased,biased,1
B1_red_rare,3254,12126,unbiased,biased,1
B1_red_rare,3255,12127,unbiased,biased,1
B1_red_rare,3256,12128,unbiased,biased,1
B1_red_rare,3257,12129,unbiased,biased,1
B1_red_rare,3258,12130,unbiased,biased,1
B1_red_rare,3259,12131,unbiased,biased,2
B1_red_rare,3260,12132,unbiased,biased,1
B1_red_rare,3261,12133,unbiased,biased,1
B1_red_rare,3262,12134,unbiased,biased,2
B1_red_rare,3263,12135,unbiased,biased,1
B1_red_rare,3264,12136,unbiased,biased,1
B1_red_rare,3265,12137,unbiased,biased,1
B1_red_rare,3266,12138,unbiased,biased,1
B1_red_rare,3267,12139,unbiased,biased,1
B1_red_rare,3268,12140,unbiased,biased,1
B1_red_rare,3269,12141,unbiased,biased,2
B1_red_rare,3270,12142,unbiased,biased,1
B1_red_rare,3271,12143,unbiased,biased,1
B1_red_rare,3272,12144,unbiased,biased,1
B1_red_rare,3273,12145,unbiased,biased,1
B1_red_rare,3274,12146,unbiased,biased,1
B1_red_rare,3275,12147,unbiased,biased,1
B1_red_rare,3276,12148,unbiased,biased,1
B1_red_rare,3277,12149,unbiased,biased,1
B1_red_rare,3278,12150,unbiased,biased,1
B1_red_rare,3279,12151,unbiased,biased,1
B1_red_rare,3280,12152,unbiased,biased,1
B1_red_rare,3281,12153,unbiased,biased,1
B1_red_rare,3282,12154,unbiased,biased,1
B1_red_rare,3283,12155,unbiased,biased,1
B1_red_rare,3284,12156,unbiased,biased,1
B1_red_rare,3285,12157,unbiased,biased,1
B1_red_rare,3286,12158,unbiased,biased,1
B1_red_rare,3287,12159,unbiased,biased,1
B1_red_rare,3288,12160,unbiased,biased,1
B1_red_rare,3289,12161,unbiased,biased,1
B1_red_rare,3290,12162,unbiased,biased,1
B1_red_rare,3291,12163,unbiased,biased,1
B1_red_rare,3292,12164,unbiased,biased,1
B1_red_rare,3293,12165,unbiased,biased,1
B1_red_rare,3294,12166,unbiased,biased,1
B1_red_rare,3295,12167,unbiased,biased,1
B1_red_rare,3296,12168,unbiased,biased,1
B1_red_rare,3297,12169,unbiased,biased,2
B1_red_rare,3298,12170,unbiased,biased,1
B1_red_rare,3299,12171,unbiased,biased,2
B1_red_rare,3300,12172,unbiased,biased,1
B1_red_rare,3201,12073,unbiased,biased,1
B1_red_rare,3202,12074,unbiased,biased,1
B1_red_rare,3203,12075,unbiased,biased,5
B1_red_rare,3204,12076,unbiased,biased,1
B1_red_rare,3205,12077,unbiased,biased,1
B1_red_rare,3206,12078,unbiased,biased,2
B1_red_rare,3207,12079,unbiased,biased,5
B1_red_rare,3208,12080,unbiased,biased,1
B1_red_rare,3209,12081,unbiased,biased,1
B1_red_rare,3210,12082,unbiased,biased,1
B1_red_rare,3211,12083,unbiased,biased,1
B1_red_rare,3212,12084,unbiased,biased,1
B1_red_rare,3213,12085,unbiased,biased,1
B1_red_rare,3214,12086,unbiased,biased,1
B1_red_rare,3215,12087,unbiased,biased,2
B1_red_rare,3216,12088,unbiased,biased,1
B1_red_rare,3217,12089,unbiased,biased,4
B1_red_rare,3218,12090,unbiased,biased,1
B1_red_rare,3219,12091,unbiased,biased,1
B1_red_rare,3220,12092,unbiased,biased,1
B1_red_rare,3221,12093,unbiased,biased,1
B1_red_rare,3222,12094,unbiased,biased,1
B1_red_rare,3223,12095,unbiased,biased,1
B1_red_rare,3224,12096,unbiased,biased,1
B1_red_rare,3225,12097,unbiased,biased,1
B1_red_rare,3226,12098,unbiased,biased,9
B1_red_rare,3227,12099,unbiased,biased,1
B1_red_rare,3228,12100,unbiased,biased,1
B1_red_rare,3229,12101,unbiased,biased,1
B1_red_rare,3230,12102,unbiased,biased,1
B1_red_rare,3231,12103,unbiased,biased,1
B1_red_rare,3232,12104,unbiased,biased,1
B1_red_rare,3233,12105,unbiased,biased,1
B1_red_rare,3234,12106,unbiased,biased,1
B1_red_rare,3235,12107,unbiased,biased,1
B1_red_rare,3236,12108,unbiased,biased,1
B1_red_rare,3237,12109,unbiased,biased,1
B1_red_rare,3238,12110,unbiased,biased,2
B1_red_rare,3239,12111,unbiased,biased,1
B1_red_rare,3240,12112,unbiased,biased,1
B1_red_rare,3241,12113,unbiased,biased,1
B1_red_rare,3242,12114,unbiased,biased,4
B1_red_rare,3243,12115,unbiased,biased,1
B1_red_rare,3244,12116,unbiased,biased,1
B1_red_rare,3245,12117,unbiased,biased,1
B1_red_rare,3246,12118,unbiased,biased,1
B1_red_rare,3247,12119,unbiased,biased,1
B1_red_rare,3248,12120,unbiased,biased,1
B1_red_rare,3249,12121,unbiased,biased,1
B1_red_rare,3250,12122,unbiased,biased,1
B1_red_rare,3351,12223,unbiased,biased,1
B1_red_rare,3352,12224,unbiased,biased,1
B1_red_rare,3353,12225,unbiased,biased,1
B1_red_rare,3354,12226,unbiased,biased,1
B1_red_rare,3355,12227,unbiased,biased,1
B1_red_rare,3356,12228,unbiased,biased,1
B1_red_rare,3357,12229,unbiased,biased,1
B1_red_rare,3358,12230,unbiased,biased,1
B1_red_rare,3359,12231,unbiased,biased,1
B1_red_rare,3360,12232,unbiased,biased,1
B1_red_rare,3361,12233,unbiased,biased,1
B1_red_rare,3362,12234,unbiased,biased,1
B1_red_rare,3363,12235,unbiased,biased,1
B1_red_rare,3364,12236,unbiased,biased,1
B1_red_rare,3365,12237,unbiased,biased,1
B1_red_rare,3366,12238,unbiased,biased,1
B1_red_rare,3367,12239,unbiased,biased,1
B1_red_rare,3368,12240,unbiased,biased,1
B1_red_rare,3369,12241,unbiased,biased,1
B1_red_rare,3370,12242,unbiased,biased,1
B1_red_rare,3371,12243,unbiased,biased,1
B1_red_rare,3372,12244,unbiased,biased,1
B1_red_rare,3373,12245,unbiased,biased,1
B1_red_rare,3374,12246,unbiased,biased,2
B1_red_rare,3375,12247,unbiased,biased,1
B1_red_rare,3376,12248,unbiased,biased,1
B1_red_rare,3377,12249,unbiased,biased,2
B1_red_rare,3378,12250,unbiased,biased,1
B1_red_rare,3379,12251,unbiased,biased,1
B1_red_rare,3380,12252,unbiased,biased,1
B1_red_rare,3381,12253,unbiased,biased,1
B1_red_rare,3382,12254,unbiased,biased,1
B1_red_rare,3383,12255,unbiased,biased,1
B1_red_rare,3384,12256,unbiased,biased,1
B1_red_rare,3385,12257,unbiased,biased,1
B1_red_rare,3386,12258,unbiased,biased,4
B1_red_rare,3387,12259,unbiased,biased,1
B1_red_rare,3388,12260,unbiased,biased,1
B1_red_rare,3389,12261,unbiased,biased,1
B1_red_rare,3390,12262,unbiased,biased,1
B1_red_rare,3391,12263,unbiased,biased,1
B1_red_rare,3392,12264,unbiased,biased,1
B1_red_rare,3393,12265,unbiased,biased,1
B1_red_rare,3394,12266,unbiased,biased,1
B1_red_rare,3395,12267,unbiased,biased,2
B1_red_rare,3396,12268,unbiased,biased,2
B1_red_rare,3397,12269,unbiased,biased,2
B1_red_rare,3398,12270,unbiased,biased,3
B1_red_rare,3399,12271,unbiased,biased,1
B1_red_rare,3400,12272,unbiased,biased,1
B1_red_rare,3301,12173,unbiased,biased,1
B1_red_rare,3302,12174,unbiased,biased,1
B1_red_rare,3303,12175,unbiased,biased,1
B1_red_rare,3304,12176,unbiased,biased,1
B1_red_rare,3305,12177,unbiased,biased,1
B1_red_rare,3306,12178,unbiased,biased,1
B1_red_rare,3307,12179,unbiased,biased,1
B1_red_rare,3308,12180,unbiased,biased,1
B1_red_rare,3309,12181,unbiased,biased,1
B1_red_rare,3310,12182,unbiased,biased,1
B1_red_rare,3311,12183,unbiased,biased,1
B1_red_rare,3312,12184,unbiased,biased,1
B1_red_rare,3313,12185,unbiased,biased,1
B1_red_rare,3314,12186,unbiased,biased,1
B1_red_rare,3315,12187,unbiased,biased,1
B1_red_rare,3316,12188,unbiased,biased,1
B1_red_rare,3317,12189,unbiased,biased,2
B1_red_rare,3318,12190,unbiased,biased,2
B1_red_rare,3319,12191,unbiased,biased,1
B1_red_rare,3320,12192,unbiased,biased,1
B1_red_rare,3321,12193,unbiased,biased,1
B1_red_rare,3322,12194,unbiased,biased,1
B1_red_rare,3323,12195,unbiased,biased,1
B1_red_rare,3324,12196,unbiased,biased,1
B1_red_rare,3325,12197,unbiased,biased,1
B1_red_rare,3326,12198,unbiased,biased,2
B1_red_rare,3327,12199,unbiased,biased,3
B1_red_rare,3328,12200,unbiased,biased,1
B1_red_rare,3329,12201,unbiased,biased,1
B1_red_rare,3330,12202,unbiased,biased,1
B1_red_rare,3331,12203,unbiased,biased,1
B1_red_rare,3332,12204,unbiased,biased,2
B1_red_rare,3333,12205,unbiased,biased,1
B1_red_rare,3334,12206,unbiased,biased,2
B1_red_rare,3335,12207,unbiased,biased,2
B1_red_rare,3336,12208,unbiased,biased,2
B1_red_rare,3337,12209,unbiased,biased,1
B1_red_rare,3338,12210,unbiased,biased,1
B1_red_rare,3339,12211,unbiased,biased,1
B1_red_rare,3340,12212,unbiased,biased,3
B1_red_rare,3341,12213,unbiased,biased,1
B1_red_rare,3342,12214,unbiased,biased,1
B1_red_rare,3343,12215,unbiased,biased,1
B1_red_rare,3344,12216,unbiased,biased,1
B1_red_rare,3345,12217,unbiased,biased,1
B1_red_rare,3346,12218,unbiased,biased,1
B1_red_rare,3347,12219,unbiased,biased,1
B1_red_rare,3348,12220,unbiased,biased,1
B1_red_rare,3349,12221,unbiased,biased,1
B1_red_rare,3350,12222,unbiased,biased,1
B1_red_rare,3401,12273,unbiased,biased,1
B1_red_rare,3402,12274,unbiased,biased,1
B1_red_rare,3403,12275,unbiased,biased,1
B1_red_rare,3404,12276,unbiased,biased,1
B1_red_rare,3405,12277,unbiased,biased,1
B1_red_rare,3406,12278,unbiased,biased,1
B1_red_rare,3407,12279,unbiased,biased,1
B1_red_rare,3408,12280,unbiased,biased,1
B1_red_rare,3409,12281,unbiased,biased,1
B1_red_rare,3410,12282,unbiased,biased,1
B1_red_rare,3411,12283,unbiased,biased,1
B1_red_rare,3412,12284,unbiased,biased,1
B1_red_rare,3413,12285,unbiased,biased,1
B1_red_rare,3414,12286,unbiased,biased,1
B1_red_rare,3415,12287,unbiased,biased,1
B1_red_rare,3416,12288,unbiased,biased,1
B1_red_rare,3417,12289,unbiased,biased,1
B1_red_rare,3418,12290,unbiased,biased,2
B1_red_rare,3419,12291,unbiased,biased,2
B1_red_rare,3420,12292,unbiased,biased,1
B1_red_rare,3421,12293,unbiased,biased,1
B1_red_rare,3422,12294,unbiased,biased,1
B1_red_rare,3423,12295,unbiased,biased,1
B1_red_rare,3424,12296,unbiased,biased,1
B1_red_rare,3425,12297,unbiased,biased,2
B1_red_rare,3426,12298,unbiased,biased,1
B1_red_rare,3427,12299,unbiased,biased,1
B1_red_rare,3428,12300,unbiased,biased,2
B1_red_rare,3429,12301,unbiased,biased,9
B1_red_rare,3430,12302,unbiased,biased,1
B1_red_rare,3431,12303,unbiased,biased,1
B1_red_rare,3432,12304,unbiased,biased,2
B1_red_rare,3433,12305,unbiased,biased,1
B1_red_rare,3434,12306,unbiased,biased,1
B1_red_rare,3435,12307,unbiased,biased,1
B1_red_rare,3436,12308,unbiased,biased,1
B1_red_rare,3437,12309,unbiased,biased,1
B1_red_rare,3438,12310,unbiased,biased,1
B1_red_rare,3439,12311,unbiased,biased,1
B1_red_rare,3440,12312,unbiased,biased,1
B1_red_rare,3441,12313,unbiased,biased,1
B1_red_rare,3442,12314,unbiased,biased,1
B1_red_rare,3443,12315,unbiased,biased,1
B1_red_rare,3444,12316,unbiased,biased,1
B1_red_rare,3445,12317,unbiased,biased,1
B1_red_rare,3446,12318,unbiased,biased,1
B1_red_rare,3447,12319,unbiased,biased,1
B1_red_rare,3448,12320,unbiased,biased,1
B1_red_rare,3449,12321,unbiased,biased,1
B1_red_rare,3450,12322,unbiased,biased,1
B1_red_rare,3501,12373,unbiased,biased,1
B1_red_rare,3502,12374,unbiased,biased,1
B1_red_rare,3503,12375,unbiased,biased,1
B1_red_rare,3504,12376,unbiased,biased,1
B1_red_rare,3505,12377,unbiased,biased,1
B1_red_rare,3506,12378,unbiased,biased,1
B1_red_rare,3507,12379,unbiased,biased,1
B1_red_rare,3508,12380,unbiased,biased,1
B1_red_rare,3509,12381,unbiased,biased,1
B1_red_rare,3510,12382,unbiased,biased,1
B1_red_rare,3511,12383,unbiased,biased,1
B1_red_rare,3512,12384,unbiased,biased,1
B1_red_rare,3513,12385,unbiased,biased,1
B1_red_rare,3514,12386,unbiased,biased,2
B1_red_rare,3515,12387,unbiased,biased,1
B1_red_rare,3516,12388,unbiased,biased,1
B1_red_rare,3517,12389,unbiased,biased,1
B1_red_rare,3518,12390,unbiased,biased,1
B1_red_rare,3519,12391,unbiased,biased,1
B1_red_rare,3520,12392,unbiased,biased,1
B1_red_rare,3521,12393,unbiased,biased,1
B1_red_rare,3522,12394,unbiased,biased,1
B1_red_rare,3523,12395,unbiased,biased,2
B1_red_rare,3524,12396,unbiased,biased,1
B1_red_rare,3525,12397,unbiased,biased,1
B1_red_rare,3526,12398,unbiased,biased,2
B1_red_rare,3527,12399,unbiased,biased,1
B1_red_rare,3528,12400,unbiased,biased,1
B1_red_rare,3529,12401,unbiased,biased,1
B1_red_rare,3530,12402,unbiased,biased,1
B1_red_rare,3531,12403,unbiased,biased,1
B1_red_rare,3532,12404,unbiased,biased,1
B1_red_rare,3533,12405,unbiased,biased,1
B1_red_rare,3534,12406,unbiased,biased,1
B1_red_rare,3535,12407,unbiased,biased,1
B1_red_rare,3536,12408,unbiased,biased,1
B1_red_rare,3537,12409,unbiased,biased,1
B1_red_rare,3538,12410,unbiased,biased,2
B1_red_rare,3539,12411,unbiased,biased,6
B1_red_rare,3540,12412,unbiased,biased,1
B1_red_rare,3541,12413,unbiased,biased,1
B1_red_rare,3542,12414,unbiased,biased,1
B1_red_rare,3543,12415,unbiased,biased,1
B1_red_rare,3544,12416,unbiased,biased,1
B1_red_rare,3545,12417,unbiased,biased,1
B1_red_rare,3546,12418,unbiased,biased,1
B1_red_rare,3547,12419,unbiased,biased,1
B1_red_rare,3548,12420,unbiased,biased,1
B1_red_rare,3549,12421,unbiased,biased,1
B1_red_rare,3550,12422,unbiased,biased,1
B1_red_rare,3551,12423,unbiased,biased,1
B1_red_rare,3552,12424,unbiased,biased,1
B1_red_rare,3553,12425,unbiased,biased,1
B1_red_rare,3554,12426,unbiased,biased,3
B1_red_rare,3555,12427,unbiased,biased,1
B1_red_rare,3556,12428,unbiased,biased,1
B1_red_rare,3557,12429,unbiased,biased,1
B1_red_rare,3558,12430,unbiased,biased,2
B1_red_rare,3559,12431,unbiased,biased,2
B1_red_rare,3560,12432,unbiased,biased,1
B1_red_rare,3561,12433,unbiased,biased,1
B1_red_rare,3562,12434,unbiased,biased,1
B1_red_rare,3563,12435,unbiased,biased,1
B1_red_rare,3564,12436,unbiased,biased,1
B1_red_rare,3565,12437,unbiased,biased,1
B1_red_rare,3566,12438,unbiased,biased,1
B1_red_rare,3567,12439,unbiased,biased,1
B1_red_rare,3568,12440,unbiased,biased,1
B1_red_rare,3569,12441,unbiased,biased,1
B1_red_rare,3570,12442,unbiased,biased,1
B1_red_rare,3571,12443,unbiased,biased,1
B1_red_rare,3572,12444,unbiased,biased,1
B1_red_rare,3573,12445,unbiased,biased,3
B1_red_rare,3574,12446,unbiased,biased,1
B1_red_rare,3575,12447,unbiased,biased,1
B1_red_rare,3576,12448,unbiased,biased,1
B1_red_rare,3577,12449,unbiased,biased,1
B1_red_rare,3578,12450,unbiased,biased,1
B1_red_rare,3579,12451,unbiased,biased,1
B1_red_rare,3580,12452,unbiased,biased,1
B1_red_rare,3581,12453,unbiased,biased,2
B1_red_rare,3582,12454,unbiased,biased,1
B1_red_rare,3583,12455,unbiased,biased,1
B1_red_rare,3584,12456,unbiased,biased,1
B1_red_rare,3585,12457,unbiased,biased,1
B1_red_rare,3586,12458,unbiased,biased,3
B1_red_rare,3587,12459,unbiased,biased,1
B1_red_rare,3588,12460,unbiased,biased,1
B1_red_rare,3589,12461,unbiased,biased,1
B1_red_rare,3590,12462,unbiased,biased,1
B1_red_rare,3591,12463,unbiased,biased,3
B1_red_rare,3592,12464,unbiased,biased,1
B1_red_rare,3593,12465,unbiased,biased,1
B1_red_rare,3594,12466,unbiased,biased,1
B1_red_rare,3595,12467,unbiased,biased,1
B1_red_rare,3596,12468,unbiased,biased,3
B1_red_rare,3597,12469,unbiased,biased,1
B1_red_rare,3598,12470,unbiased,biased,1
B1_red_rare,3599,12471,unbiased,biased,1
B1_red_rare,3600,12472,unbiased,biased,1
B1_red_rare,3651,12523,unbiased,biased,1
B1_red_rare,3652,12524,unbiased,biased,3
B1_red_rare,3653,12525,unbiased,biased,2
B1_red_rare,3654,12526,unbiased,biased,1
B1_red_rare,3655,12527,unbiased,biased,1
B1_red_rare,3656,12528,unbiased,biased,1
B1_red_rare,3657,12529,unbiased,biased,1
B1_red_rare,3658,12530,unbiased,biased,4
B1_red_rare,3659,12531,unbiased,biased,1
B1_red_rare,3660,12532,unbiased,biased,2
B1_red_rare,3661,12533,unbiased,biased,3
B1_red_rare,3662,12534,unbiased,biased,2
B1_red_rare,3663,12535,unbiased,biased,1
B1_red_rare,3664,12536,unbiased,biased,2
B1_red_rare,3665,12537,unbiased,biased,1
B1_red_rare,3666,12538,unbiased,biased,2
B1_red_rare,3667,12539,unbiased,biased,1
B1_red_rare,3668,12540,unbiased,biased,1
B1_red_rare,3669,12541,unbiased,biased,1
B1_red_rare,3670,12542,unbiased,biased,1
B1_red_rare,3671,12543,unbiased,biased,1
B1_red_rare,3672,12544,unbiased,biased,1
B1_red_rare,3673,12545,unbiased,biased,1
B1_red_rare,3674,12546,unbiased,biased,1
B1_red_rare,3675,12547,unbiased,biased,1
B1_red_rare,3676,12548,unbiased,biased,1
B1_red_rare,3677,12549,unbiased,biased,4
B1_red_rare,3678,12550,unbiased,biased,1
B1_red_rare,3679,12551,unbiased,biased,1
B1_red_rare,3680,12552,unbiased,biased,3
B1_red_rare,3681,12553,unbiased,biased,1
B1_red_rare,3682,12554,unbiased,biased,1
B1_red_rare,3683,12555,unbiased,biased,1
B1_red_rare,3684,12556,unbiased,biased,3
B1_red_rare,3685,12557,unbiased,biased,1
B1_red_rare,3686,12558,unbiased,biased,1
B1_red_rare,3687,12559,unbiased,biased,1
B1_red_rare,3688,12560,unbiased,biased,1
B1_red_rare,3689,12561,unbiased,biased,1
B1_red_rare,3690,12562,unbiased,biased,1
B1_red_rare,3691,12563,unbiased,biased,1
B1_red_rare,3692,12564,unbiased,biased,1
B1_red_rare,3693,12565,unbiased,biased,1
B1_red_rare,3694,12566,unbiased,biased,1
B1_red_rare,3695,12567,unbiased,biased,1
B1_red_rare,3696,12568,unbiased,biased,1
B1_red_rare,3697,12569,unbiased,biased,1
B1_red_rare,3698,12570,unbiased,biased,1
B1_red_rare,3699,12571,unbiased,biased,1
B1_red_rare,3700,12572,unbiased,biased,1
B1_red_rare,3801,12673,unbiased,biased,2
B1_red_rare,3802,12674,unbiased,biased,1
B1_red_rare,3803,12675,unbiased,biased,1
B1_red_rare,3804,12676,unbiased,biased,1
B1_red_rare,3805,12677,unbiased,biased,1
B1_red_rare,3806,12678,unbiased,biased,1
B1_red_rare,3807,12679,unbiased,biased,1
B1_red_rare,3808,12680,unbiased,biased,1
B1_red_rare,3809,12681,unbiased,biased,1
B1_red_rare,3810,12682,unbiased,biased,1
B1_red_rare,3811,12683,unbiased,biased,1
B1_red_rare,3812,12684,unbiased,biased,1
B1_red_rare,3813,12685,unbiased,biased,1
B1_red_rare,3814,12686,unbiased,biased,1
B1_red_rare,3815,12687,unbiased,biased,1
B1_red_rare,3816,12688,unbiased,biased,1
B1_red_rare,3817,12689,unbiased,biased,1
B1_red_rare,3818,12690,unbiased,biased,1
B1_red_rare,3819,12691,unbiased,biased,1
B1_red_rare,3820,12692,unbiased,biased,2
B1_red_rare,3821,12693,unbiased,biased,2
B1_red_rare,3822,12694,unbiased,biased,1
B1_red_rare,3823,12695,unbiased,biased,1
B1_red_rare,3824,12696,unbiased,biased,1
B1_red_rare,3825,12697,unbiased,biased,1
B1_red_rare,3826,12698,unbiased,biased,1
B1_red_rare,3827,12699,unbiased,biased,1
B1_red_rare,3828,12700,unbiased,biased,1
B1_red_rare,3829,12701,unbiased,biased,1
B1_red_rare,3830,12702,unbiased,biased,2
B1_red_rare,3831,12703,unbiased,biased,1
B1_red_rare,3832,12704,unbiased,biased,1
B1_red_rare,3833,12705,unbiased,biased,1
B1_red_rare,3834,12706,unbiased,biased,1
B1_red_rare,3835,12707,unbiased,biased,1
B1_red_rare,3836,12708,unbiased,biased,1
B1_red_rare,3837,12709,unbiased,biased,1
B1_red_rare,3838,12710,unbiased,biased,1
B1_red_rare,3839,12711,unbiased,biased,1
B1_red_rare,3840,12712,unbiased,biased,1
B1_red_rare,3841,12713,unbiased,biased,1
B1_red_rare,3842,12714,unbiased,biased,1
B1_red_rare,3843,12715,unbiased,biased,1
B1_red_rare,3844,12716,unbiased,biased,2
B1_red_rare,3845,12717,unbiased,biased,1
B1_red_rare,3846,12718,unbiased,biased,1
B1_red_rare,3847,12719,unbiased,biased,1
B1_red_rare,3848,12720,unbiased,biased,1
B1_red_rare,3849,12721,unbiased,biased,1
B1_red_rare,3850,12722,unbiased,biased,1
B1_red_rare,3451,12323,unbiased,biased,1
B1_red_rare,3452,12324,unbiased,biased,1
B1_red_rare,3453,12325,unbiased,biased,4
B1_red_rare,3454,12326,unbiased,biased,1
B1_red_rare,3455,12327,unbiased,biased,2
B1_red_rare,3456,12328,unbiased,biased,1
B1_red_rare,3457,12329,unbiased,biased,1
B1_red_rare,3458,12330,unbiased,biased,1
B1_red_rare,3459,12331,unbiased,biased,1
B1_red_rare,3460,12332,unbiased,biased,6
B1_red_rare,3461,12333,unbiased,biased,1
B1_red_rare,3462,12334,unbiased,biased,1
B1_red_rare,3463,12335,unbiased,biased,2
B1_red_rare,3464,12336,unbiased,biased,4
B1_red_rare,3465,12337,unbiased,biased,2
B1_red_rare,3466,12338,unbiased,biased,1
B1_red_rare,3467,12339,unbiased,biased,1
B1_red_rare,3468,12340,unbiased,biased,1
B1_red_rare,3469,12341,unbiased,biased,1
B1_red_rare,3470,12342,unbiased,biased,1
B1_red_rare,3471,12343,unbiased,biased,1
B1_red_rare,3472,12344,unbiased,biased,1
B1_red_rare,3473,12345,unbiased,biased,2
B1_red_rare,3474,12346,unbiased,biased,1
B1_red_rare,3475,12347,unbiased,biased,1
B1_red_rare,3476,12348,unbiased,biased,2
B1_red_rare,3477,12349,unbiased,biased,1
B1_red_rare,3478,12350,unbiased,biased,1
B1_red_rare,3479,12351,unbiased,biased,1
B1_red_rare,3480,12352,unbiased,biased,1
B1_red_rare,3481,12353,unbiased,biased,1
B1_red_rare,3482,12354,unbiased,biased,3
B1_red_rare,3483,12355,unbiased,biased,1
B1_red_rare,3484,12356,unbiased,biased,1
B1_red_rare,3485,12357,unbiased,biased,2
B1_red_rare,3486,12358,unbiased,biased,10
B1_red_rare,3487,12359,unbiased,biased,1
B1_red_rare,3488,12360,unbiased,biased,1
B1_red_rare,3489,12361,unbiased,biased,1
B1_red_rare,3490,12362,unbiased,biased,1
B1_red_rare,3491,12363,unbiased,biased,1
B1_red_rare,3492,12364,unbiased,biased,1
B1_red_rare,3493,12365,unbiased,biased,1
B1_red_rare,3494,12366,unbiased,biased,1
B1_red_rare,3495,12367,unbiased,biased,1
B1_red_rare,3496,12368,unbiased,biased,3
B1_red_rare,3497,12369,unbiased,biased,1
B1_red_rare,3498,12370,unbiased,biased,1
B1_red_rare,3499,12371,unbiased,biased,1
B1_red_rare,3500,12372,unbiased,biased,1
B1_red_rare,3601,12473,unbiased,biased,1
B1_red_rare,3602,12474,unbiased,biased,1
B1_red_rare,3603,12475,unbiased,biased,1
B1_red_rare,3604,12476,unbiased,biased,1
B1_red_rare,3605,12477,unbiased,biased,1
B1_red_rare,3606,12478,unbiased,biased,1
B1_red_rare,3607,12479,unbiased,biased,2
B1_red_rare,3608,12480,unbiased,biased,1
B1_red_rare,3609,12481,unbiased,biased,1
B1_red_rare,3610,12482,unbiased,biased,1
B1_red_rare,3611,12483,unbiased,biased,1
B1_red_rare,3612,12484,unbiased,biased,1
B1_red_rare,3613,12485,unbiased,biased,1
B1_red_rare,3614,12486,unbiased,biased,1
B1_red_rare,3615,12487,unbiased,biased,3
B1_red_rare,3616,12488,unbiased,biased,1
B1_red_rare,3617,12489,unbiased,biased,1
B1_red_rare,3618,12490,unbiased,biased,1
B1_red_rare,3619,12491,unbiased,biased,1
B1_red_rare,3620,12492,unbiased,biased,1
B1_red_rare,3621,12493,unbiased,biased,1
B1_red_rare,3622,12494,unbiased,biased,1
B1_red_rare,3623,12495,unbiased,biased,1
B1_red_rare,3624,12496,unbiased,biased,1
B1_red_rare,3625,12497,unbiased,biased,1
B1_red_rare,3626,12498,unbiased,biased,1
B1_red_rare,3627,12499,unbiased,biased,2
B1_red_rare,3628,12500,unbiased,biased,1
B1_red_rare,3629,12501,unbiased,biased,1
B1_red_rare,3630,12502,unbiased,biased,1
B1_red_rare,3631,12503,unbiased,biased,1
B1_red_rare,3632,12504,unbiased,biased,7
B1_red_rare,3633,12505,unbiased,biased,1
B1_red_rare,3634,12506,unbiased,biased,1
B1_red_rare,3635,12507,unbiased,biased,1
B1_red_rare,3636,12508,unbiased,biased,1
B1_red_rare,3637,12509,unbiased,biased,1
B1_red_rare,3638,12510,unbiased,biased,3
B1_red_rare,3639,12511,unbiased,biased,3
B1_red_rare,3640,12512,unbiased,biased,1
B1_red_rare,3641,12513,unbiased,biased,1
B1_red_rare,3642,12514,unbiased,biased,3
B1_red_rare,3643,12515,unbiased,biased,1
B1_red_rare,3644,12516,unbiased,biased,1
B1_red_rare,3645,12517,unbiased,biased,1
B1_red_rare,3646,12518,unbiased,biased,1
B1_red_rare,3647,12519,unbiased,biased,8
B1_red_rare,3648,12520,unbiased,biased,1
B1_red_rare,3649,12521,unbiased,biased,1
B1_red_rare,3650,12522,unbiased,biased,1
B1_red_rare,3701,12573,unbiased,biased,1
B1_red_rare,3702,12574,unbiased,biased,1
B1_red_rare,3703,12575,unbiased,biased,1
B1_red_rare,3704,12576,unbiased,biased,2
B1_red_rare,3705,12577,unbiased,biased,1
B1_red_rare,3706,12578,unbiased,biased,1
B1_red_rare,3707,12579,unbiased,biased,2
B1_red_rare,3708,12580,unbiased,biased,1
B1_red_rare,3709,12581,unbiased,biased,7
B1_red_rare,3710,12582,unbiased,biased,1
B1_red_rare,3711,12583,unbiased,biased,1
B1_red_rare,3712,12584,unbiased,biased,1
B1_red_rare,3713,12585,unbiased,biased,1
B1_red_rare,3714,12586,unbiased,biased,1
B1_red_rare,3715,12587,unbiased,biased,1
B1_red_rare,3716,12588,unbiased,biased,2
B1_red_rare,3717,12589,unbiased,biased,1
B1_red_rare,3718,12590,unbiased,biased,1
B1_red_rare,3719,12591,unbiased,biased,1
B1_red_rare,3720,12592,unbiased,biased,1
B1_red_rare,3721,12593,unbiased,biased,1
B1_red_rare,3722,12594,unbiased,biased,1
B1_red_rare,3723,12595,unbiased,biased,1
B1_red_rare,3724,12596,unbiased,biased,1
B1_red_rare,3725,12597,unbiased,biased,1
B1_red_rare,3726,12598,unbiased,biased,1
B1_red_rare,3727,12599,unbiased,biased,1
B1_red_rare,3728,12600,unbiased,biased,8
B1_red_rare,3729,12601,unbiased,biased,1
B1_red_rare,3730,12602,unbiased,biased,2
B1_red_rare,3731,12603,unbiased,biased,1
B1_red_rare,3732,12604,unbiased,biased,1
B1_red_rare,3733,12605,unbiased,biased,1
B1_red_rare,3734,12606,unbiased,biased,1
B1_red_rare,3735,12607,unbiased,biased,1
B1_red_rare,3736,12608,unbiased,biased,3
B1_red_rare,3737,12609,unbiased,biased,1
B1_red_rare,3738,12610,unbiased,biased,1
B1_red_rare,3739,12611,unbiased,biased,1
B1_red_rare,3740,12612,unbiased,biased,1
B1_red_rare,3741,12613,unbiased,biased,1
B1_red_rare,3742,12614,unbiased,biased,1
B1_red_rare,3743,12615,unbiased,biased,1
B1_red_rare,3744,12616,unbiased,biased,1
B1_red_rare,3745,12617,unbiased,biased,1
B1_red_rare,3746,12618,unbiased,biased,2
B1_red_rare,3747,12619,unbiased,biased,1
B1_red_rare,3748,12620,unbiased,biased,2
B1_red_rare,3749,12621,unbiased,biased,1
B1_red_rare,3750,12622,unbiased,biased,1
B1_red_rare,3901,12773,unbiased,biased,1
B1_red_rare,3902,12774,unbiased,biased,1
B1_red_rare,3903,12775,unbiased,biased,2
B1_red_rare,3904,12776,unbiased,biased,1
B1_red_rare,3905,12777,unbiased,biased,1
B1_red_rare,3906,12778,unbiased,biased,1
B1_red_rare,3907,12779,unbiased,biased,1
B1_red_rare,3908,12780,unbiased,biased,1
B1_red_rare,3909,12781,unbiased,biased,2
B1_red_rare,3910,12782,unbiased,biased,1
B1_red_rare,3911,12783,unbiased,biased,1
B1_red_rare,3912,12784,unbiased,biased,1
B1_red_rare,3913,12785,unbiased,biased,1
B1_red_rare,3914,12786,unbiased,biased,1
B1_red_rare,3915,12787,unbiased,biased,1
B1_red_rare,3916,12788,unbiased,biased,1
B1_red_rare,3917,12789,unbiased,biased,1
B1_red_rare,3918,12790,unbiased,biased,1
B1_red_rare,3919,12791,unbiased,biased,1
B1_red_rare,3920,12792,unbiased,biased,1
B1_red_rare,3921,12793,unbiased,biased,1
B1_red_rare,3922,12794,unbiased,biased,1
B1_red_rare,3923,12795,unbiased,biased,1
B1_red_rare,3924,12796,unbiased,biased,2
B1_red_rare,3925,12797,unbiased,biased,1
B1_red_rare,3926,12798,unbiased,biased,1
B1_red_rare,3927,12799,unbiased,biased,1
B1_red_rare,3928,12800,unbiased,biased,1
B1_red_rare,3929,12801,unbiased,biased,1
B1_red_rare,3930,12802,unbiased,biased,1
B1_red_rare,3931,12803,unbiased,biased,2
B1_red_rare,3932,12804,unbiased,biased,1
B1_red_rare,3933,12805,unbiased,biased,1
B1_red_rare,3934,12806,unbiased,biased,1
B1_red_rare,3935,12807,unbiased,biased,1
B1_red_rare,3936,12808,unbiased,biased,1
B1_red_rare,3937,12809,unbiased,biased,1
B1_red_rare,3938,12810,unbiased,biased,2
B1_red_rare,3939,12811,unbiased,biased,1
B1_red_rare,3940,12812,unbiased,biased,2
B1_red_rare,3941,12813,unbiased,biased,1
B1_red_rare,3942,12814,unbiased,biased,2
B1_red_rare,3943,12815,unbiased,biased,1
B1_red_rare,3944,12816,unbiased,biased,1
B1_red_rare,3945,12817,unbiased,biased,1
B1_red_rare,3946,12818,unbiased,biased,1
B1_red_rare,3947,12819,unbiased,biased,1
B1_red_rare,3948,12820,unbiased,biased,1
B1_red_rare,3949,12821,unbiased,biased,1
B1_red_rare,3950,12822,unbiased,biased,1
B1_red_rare,3751,12623,unbiased,biased,2
B1_red_rare,3752,12624,unbiased,biased,1
B1_red_rare,3753,12625,unbiased,biased,1
B1_red_rare,3754,12626,unbiased,biased,1
B1_red_rare,3755,12627,unbiased,biased,1
B1_red_rare,3756,12628,unbiased,biased,1
B1_red_rare,3757,12629,unbiased,biased,1
B1_red_rare,3758,12630,unbiased,biased,1
B1_red_rare,3759,12631,unbiased,biased,1
B1_red_rare,3760,12632,unbiased,biased,1
B1_red_rare,3761,12633,unbiased,biased,1
B1_red_rare,3762,12634,unbiased,biased,2
B1_red_rare,3763,12635,unbiased,biased,1
B1_red_rare,3764,12636,unbiased,biased,2
B1_red_rare,3765,12637,unbiased,biased,2
B1_red_rare,3766,12638,unbiased,biased,1
B1_red_rare,3767,12639,unbiased,biased,1
B1_red_rare,3768,12640,unbiased,biased,5
B1_red_rare,3769,12641,unbiased,biased,1
B1_red_rare,3770,12642,unbiased,biased,1
B1_red_rare,3771,12643,unbiased,biased,1
B1_red_rare,3772,12644,unbiased,biased,2
B1_red_rare,3773,12645,unbiased,biased,3
B1_red_rare,3774,12646,unbiased,biased,1
B1_red_rare,3775,12647,unbiased,biased,1
B1_red_rare,3776,12648,unbiased,biased,2
B1_red_rare,3777,12649,unbiased,biased,1
B1_red_rare,3778,12650,unbiased,biased,1
B1_red_rare,3779,12651,unbiased,biased,1
B1_red_rare,3780,12652,unbiased,biased,1
B1_red_rare,3781,12653,unbiased,biased,1
B1_red_rare,3782,12654,unbiased,biased,1
B1_red_rare,3783,12655,unbiased,biased,1
B1_red_rare,3784,12656,unbiased,biased,3
B1_red_rare,3785,12657,unbiased,biased,1
B1_red_rare,3786,12658,unbiased,biased,1
B1_red_rare,3787,12659,unbiased,biased,2
B1_red_rare,3788,12660,unbiased,biased,1
B1_red_rare,3789,12661,unbiased,biased,1
B1_red_rare,3790,12662,unbiased,biased,1
B1_red_rare,3791,12663,unbiased,biased,4
B1_red_rare,3792,12664,unbiased,biased,1
B1_red_rare,3793,12665,unbiased,biased,1
B1_red_rare,3794,12666,unbiased,biased,1
B1_red_rare,3795,12667,unbiased,biased,1
B1_red_rare,3796,12668,unbiased,biased,1
B1_red_rare,3797,12669,unbiased,biased,4
B1_red_rare,3798,12670,unbiased,biased,6
B1_red_rare,3799,12671,unbiased,biased,2
B1_red_rare,3800,12672,unbiased,biased,1
B1_red_rare,3951,12823,unbiased,biased,1
B1_red_rare,3952,12824,unbiased,biased,1
B1_red_rare,3953,12825,unbiased,biased,1
B1_red_rare,3954,12826,unbiased,biased,1
B1_red_rare,3955,12827,unbiased,biased,1
B1_red_rare,3956,12828,unbiased,biased,1
B1_red_rare,3957,12829,unbiased,biased,2
B1_red_rare,3958,12830,unbiased,biased,1
B1_red_rare,3959,12831,unbiased,biased,1
B1_red_rare,3960,12832,unbiased,biased,2
B1_red_rare,3961,12833,unbiased,biased,1
B1_red_rare,3962,12834,unbiased,biased,1
B1_red_rare,3963,12835,unbiased,biased,1
B1_red_rare,3964,12836,unbiased,biased,1
B1_red_rare,3965,12837,unbiased,biased,1
B1_red_rare,3966,12838,unbiased,biased,2
B1_red_rare,3967,12839,unbiased,biased,4
B1_red_rare,3968,12840,unbiased,biased,1
B1_red_rare,3969,12841,unbiased,biased,1
B1_red_rare,3970,12842,unbiased,biased,3
B1_red_rare,3971,12843,unbiased,biased,1
B1_red_rare,3972,12844,unbiased,biased,1
B1_red_rare,3973,12845,unbiased,biased,1
B1_red_rare,3974,12846,unbiased,biased,2
B1_red_rare,3975,12847,unbiased,biased,2
B1_red_rare,3976,12848,unbiased,biased,1
B1_red_rare,3977,12849,unbiased,biased,1
B1_red_rare,3978,12850,unbiased,biased,1
B1_red_rare,3979,12851,unbiased,biased,1
B1_red_rare,3980,12852,unbiased,biased,1
B1_red_rare,3981,12853,unbiased,biased,1
B1_red_rare,3982,12854,unbiased,biased,2
B1_red_rare,3983,12855,unbiased,biased,1
B1_red_rare,3984,12856,unbiased,biased,1
B1_red_rare,3985,12857,unbiased,biased,1
B1_red_rare,3986,12858,unbiased,biased,1
B1_red_rare,3987,12859,unbiased,biased,1
B1_red_rare,3988,12860,unbiased,biased,1
B1_red_rare,3989,12861,unbiased,biased,1
B1_red_rare,3990,12862,unbiased,biased,1
B1_red_rare,3991,12863,unbiased,biased,1
B1_red_rare,3992,12864,unbiased,biased,1
B1_red_rare,3993,12865,unbiased,biased,1
B1_red_rare,3994,12866,unbiased,biased,1
B1_red_rare,3995,12867,unbiased,biased,1
B1_red_rare,3996,12868,unbiased,biased,1
B1_red_rare,3997,12869,unbiased,biased,1
B1_red_rare,3998,12870,unbiased,biased,1
B1_red_rare,3999,12871,unbiased,biased,3
B1_red_rare,4000,12872,unbiased,biased,1
B1_red_rare,4001,12873,unbiased,biased,1
B1_red_rare,4002,12874,unbiased,biased,1
B1_red_rare,4003,12875,unbiased,biased,1
B1_red_rare,4004,12876,unbiased,biased,2
B1_red_rare,4005,12877,unbiased,biased,1
B1_red_rare,4006,12878,unbiased,biased,1
B1_red_rare,4007,12879,unbiased,biased,1
B1_red_rare,4008,12880,unbiased,biased,1
B1_red_rare,4009,12881,unbiased,biased,1
B1_red_rare,4010,12882,unbiased,biased,1
B1_red_rare,4011,12883,unbiased,biased,1
B1_red_rare,4012,12884,unbiased,biased,1
B1_red_rare,4013,12885,unbiased,biased,1
B1_red_rare,4014,12886,unbiased,biased,1
B1_red_rare,4015,12887,unbiased,biased,1
B1_red_rare,4016,12888,unbiased,biased,1
B1_red_rare,4017,12889,unbiased,biased,3
B1_red_rare,4018,12890,unbiased,biased,1
B1_red_rare,4019,12891,unbiased,biased,1
B1_red_rare,4020,12892,unbiased,biased,2
B1_red_rare,4021,12893,unbiased,biased,1
B1_red_rare,4022,12894,unbiased,biased,1
B1_red_rare,4023,12895,unbiased,biased,1
B1_red_rare,4024,12896,unbiased,biased,1
B1_red_rare,4025,12897,unbiased,biased,1
B1_red_rare,4026,12898,unbiased,biased,1
B1_red_rare,4027,12899,unbiased,biased,1
B1_red_rare,4028,12900,unbiased,biased,1
B1_red_rare,4029,12901,unbiased,biased,1
B1_red_rare,4030,12902,unbiased,biased,1
B1_red_rare,4031,12903,unbiased,biased,1
B1_red_rare,4032,12904,unbiased,biased,2
B1_red_rare,4033,12905,unbiased,biased,1
B1_red_rare,4034,12906,unbiased,biased,3
B1_red_rare,4035,12907,unbiased,biased,1
B1_red_rare,4036,12908,unbiased,biased,1
B1_red_rare,4037,12909,unbiased,biased,1
B1_red_rare,4038,12910,unbiased,biased,2
B1_red_rare,4039,12911,unbiased,biased,1
B1_red_rare,4040,12912,unbiased,biased,1
B1_red_rare,4041,12913,unbiased,biased,1
B1_red_rare,4042,12914,unbiased,biased,1
B1_red_rare,4043,12915,unbiased,biased,5
B1_red_rare,4044,12916,unbiased,biased,1
B1_red_rare,4045,12917,unbiased,biased,1
B1_red_rare,4046,12918,unbiased,biased,1
B1_red_rare,4047,12919,unbiased,biased,1
B1_red_rare,4048,12920,unbiased,biased,1
B1_red_rare,4049,12921,unbiased,biased,1
B1_red_rare,4050,12922,unbiased,biased,1
B1_red_rare,3851,12723,unbiased,biased,1
B1_red_rare,3852,12724,unbiased,biased,1
B1_red_rare,3853,12725,unbiased,biased,12
B1_red_rare,3854,12726,unbiased,biased,1
B1_red_rare,3855,12727,unbiased,biased,2
B1_red_rare,3856,12728,unbiased,biased,1
B1_red_rare,3857,12729,unbiased,biased,1
B1_red_rare,3858,12730,unbiased,biased,1
B1_red_rare,3859,12731,unbiased,biased,1
B1_red_rare,3860,12732,unbiased,biased,1
B1_red_rare,3861,12733,unbiased,biased,1
B1_red_rare,3862,12734,unbiased,biased,4
B1_red_rare,3863,12735,unbiased,biased,1
B1_red_rare,3864,12736,unbiased,biased,1
B1_red_rare,3865,12737,unbiased,biased,1
B1_red_rare,3866,12738,unbiased,biased,1
B1_red_rare,3867,12739,unbiased,biased,1
B1_red_rare,3868,12740,unbiased,biased,1
B1_red_rare,3869,12741,unbiased,biased,2
B1_red_rare,3870,12742,unbiased,biased,1
B1_red_rare,3871,12743,unbiased,biased,1
B1_red_rare,3872,12744,unbiased,biased,1
B1_red_rare,3873,12745,unbiased,biased,1
B1_red_rare,3874,12746,unbiased,biased,1
B1_red_rare,3875,12747,unbiased,biased,5
B1_red_rare,3876,12748,unbiased,biased,1
B1_red_rare,3877,12749,unbiased,biased,1
B1_red_rare,3878,12750,unbiased,biased,1
B1_red_rare,3879,12751,unbiased,biased,1
B1_red_rare,3880,12752,unbiased,biased,1
B1_red_rare,3881,12753,unbiased,biased,1
B1_red_rare,3882,12754,unbiased,biased,1
B1_red_rare,3883,12755,unbiased,biased,2
B1_red_rare,3884,12756,unbiased,biased,1
B1_red_rare,3885,12757,unbiased,biased,1
B1_red_rare,3886,12758,unbiased,biased,1
B1_red_rare,3887,12759,unbiased,biased,1
B1_red_rare,3888,12760,unbiased,biased,1
B1_red_rare,3889,12761,unbiased,biased,1
B1_red_rare,3890,12762,unbiased,biased,1
B1_red_rare,3891,12763,unbiased,biased,1
B1_red_rare,3892,12764,unbiased,biased,1
B1_red_rare,3893,12765,unbiased,biased,1
B1_red_rare,3894,12766,unbiased,biased,1
B1_red_rare,3895,12767,unbiased,biased,1
B1_red_rare,3896,12768,unbiased,biased,3
B1_red_rare,3897,12769,unbiased,biased,1
B1_red_rare,3898,12770,unbiased,biased,2
B1_red_rare,3899,12771,unbiased,biased,1
B1_red_rare,3900,12772,unbiased,biased,1
B1_red_rare,4051,12923,unbiased,biased,2
B1_red_rare,4052,12924,unbiased,biased,1
B1_red_rare,4053,12925,unbiased,biased,2
B1_red_rare,4054,12926,unbiased,biased,1
B1_red_rare,4055,12927,unbiased,biased,1
B1_red_rare,4056,12928,unbiased,biased,1
B1_red_rare,4057,12929,unbiased,biased,1
B1_red_rare,4058,12930,unbiased,biased,1
B1_red_rare,4059,12931,unbiased,biased,1
B1_red_rare,4060,12932,unbiased,biased,1
B1_red_rare,4061,12933,unbiased,biased,2
B1_red_rare,4062,12934,unbiased,biased,1
B1_red_rare,4063,12935,unbiased,biased,1
B1_red_rare,4064,12936,unbiased,biased,1
B1_red_rare,4065,12937,unbiased,biased,1
B1_red_rare,4066,12938,unbiased,biased,1
B1_red_rare,4067,12939,unbiased,biased,1
B1_red_rare,4068,12940,unbiased,biased,1
B1_red_rare,4069,12941,unbiased,biased,1
B1_red_rare,4070,12942,unbiased,biased,1
B1_red_rare,4071,12943,unbiased,biased,1
B1_red_rare,4072,12944,unbiased,biased,2
B1_red_rare,4073,12945,unbiased,biased,1
B1_red_rare,4074,12946,unbiased,biased,1
B1_red_rare,4075,12947,unbiased,biased,1
B1_red_rare,4076,12948,unbiased,biased,1
B1_red_rare,4077,12949,unbiased,biased,1
B1_red_rare,4078,12950,unbiased,biased,2
B1_red_rare,4079,12951,unbiased,biased,1
B1_red_rare,4080,12952,unbiased,biased,1
B1_red_rare,4081,12953,unbiased,biased,3
B1_red_rare,4082,12954,unbiased,biased,1
B1_red_rare,4083,12955,unbiased,biased,1
B1_red_rare,4084,12956,unbiased,biased,1
B1_red_rare,4085,12957,unbiased,biased,1
B1_red_rare,4086,12958,unbiased,biased,1
B1_red_rare,4087,12959,unbiased,biased,1
B1_red_rare,4088,12960,unbiased,biased,1
B1_red_rare,4089,12961,unbiased,biased,1
B1_red_rare,4090,12962,unbiased,biased,1
B1_red_rare,4091,12963,unbiased,biased,1
B1_red_rare,4092,12964,unbiased,biased,1
B1_red_rare,4093,12965,unbiased,biased,2
B1_red_rare,4094,12966,unbiased,biased,1
B1_red_rare,4095,12967,unbiased,biased,1
B1_red_rare,4096,12968,unbiased,biased,2
B1_red_rare,4097,12969,unbiased,biased,1
B1_red_rare,4098,12970,unbiased,biased,1
B1_red_rare,4099,12971,unbiased,biased,1
B1_red_rare,4100,12972,unbiased,biased,2
B1_red_rare,4101,12973,unbiased,biased,1
B1_red_rare,4102,12974,unbiased,biased,1
B1_red_rare,4103,12975,unbiased,biased,1
B1_red_rare,4104,12976,unbiased,biased,1
B1_red_rare,4105,12977,unbiased,biased,1
B1_red_rare,4106,12978,unbiased,biased,1
B1_red_rare,4107,12979,unbiased,biased,1
B1_red_rare,4108,12980,unbiased,biased,1
B1_red_rare,4109,12981,unbiased,biased,1
B1_red_rare,4110,12982,unbiased,biased,1
B1_red_rare,4111,12983,unbiased,biased,1
B1_red_rare,4112,12984,unbiased,biased,1
B1_red_rare,4113,12985,unbiased,biased,1
B1_red_rare,4114,12986,unbiased,biased,1
B1_red_rare,4115,12987,unbiased,biased,1
B1_red_rare,4116,12988,unbiased,biased,1
B1_red_rare,4117,12989,unbiased,biased,1
B1_red_rare,4118,12990,unbiased,biased,1
B1_red_rare,4119,12991,unbiased,biased,1
B1_red_rare,4120,12992,unbiased,biased,4
B1_red_rare,4121,12993,unbiased,biased,1
B1_red_rare,4122,12994,unbiased,biased,1
B1_red_rare,4123,12995,unbiased,biased,1
B1_red_rare,4124,12996,unbiased,biased,1
B1_red_rare,4125,12997,unbiased,biased,1
B1_red_rare,4126,12998,unbiased,biased,1
B1_red_rare,4127,12999,unbiased,biased,1
B1_red_rare,4128,13000,unbiased,biased,1
B1_red_rare,4129,13001,unbiased,biased,1
B1_red_rare,4130,13002,unbiased,biased,1
B1_red_rare,4131,13003,unbiased,biased,1
B1_red_rare,4132,13004,unbiased,biased,1
B1_red_rare,4133,13005,unbiased,biased,1
B1_red_rare,4134,13006,unbiased,biased,1
B1_red_rare,4135,13007,unbiased,biased,5
B1_red_rare,4136,13008,unbiased,biased,1
B1_red_rare,4137,13009,unbiased,biased,6
B1_red_rare,4138,13010,unbiased,biased,3
B1_red_rare,4139,13011,unbiased,biased,1
B1_red_rare,4140,13012,unbiased,biased,1
B1_red_rare,4141,13013,unbiased,biased,1
B1_red_rare,4142,13014,unbiased,biased,1
B1_red_rare,4143,13015,unbiased,biased,1
B1_red_rare,4144,13016,unbiased,biased,2
B1_red_rare,4145,13017,unbiased,biased,1
B1_red_rare,4146,13018,unbiased,biased,1
B1_red_rare,4147,13019,unbiased,biased,1
B1_red_rare,4148,13020,unbiased,biased,1
B1_red_rare,4149,13021,unbiased,biased,1
B1_red_rare,4150,13022,unbiased,biased,1
B1_red_rare,4151,13023,unbiased,biased,1
B1_red_rare,4152,13024,unbiased,biased,1
B1_red_rare,4153,13025,unbiased,biased,1
B1_red_rare,4154,13026,unbiased,biased,1
B1_red_rare,4155,13027,unbiased,biased,1
B1_red_rare,4156,13028,unbiased,biased,1
B1_red_rare,4157,13029,unbiased,biased,1
B1_red_rare,4158,13030,unbiased,biased,1
B1_red_rare,4159,13031,unbiased,biased,1
B1_red_rare,4160,13032,unbiased,biased,1
B1_red_rare,4161,13033,unbiased,biased,1
B1_red_rare,4162,13034,unbiased,biased,6
B1_red_rare,4163,13035,unbiased,biased,1
B1_red_rare,4164,13036,unbiased,biased,1
B1_red_rare,4165,13037,unbiased,biased,2
B1_red_rare,4166,13038,unbiased,biased,1
B1_red_rare,4167,13039,unbiased,biased,1
B1_red_rare,4168,13040,unbiased,biased,1
B1_red_rare,4169,13041,unbiased,biased,1
B1_red_rare,4170,13042,unbiased,biased,1
B1_red_rare,4171,13043,unbiased,biased,1
B1_red_rare,4172,13044,unbiased,biased,1
B1_red_rare,4173,13045,unbiased,biased,2
B1_red_rare,4174,13046,unbiased,biased,1
B1_red_rare,4175,13047,unbiased,biased,1
B1_red_rare,4176,13048,unbiased,biased,1
B1_red_rare,4177,13049,unbiased,biased,1
B1_red_rare,4178,13050,unbiased,biased,1
B1_red_rare,4179,13051,unbiased,biased,2
B1_red_rare,4180,13052,unbiased,biased,1
B1_red_rare,4181,13053,unbiased,biased,2
B1_red_rare,4182,13054,unbiased,biased,1
B1_red_rare,4183,13055,unbiased,biased,1
B1_red_rare,4184,13056,unbiased,biased,1
B1_red_rare,4185,13057,unbiased,biased,1
B1_red_rare,4186,13058,unbiased,biased,2
B1_red_rare,4187,13059,unbiased,biased,1
B1_red_rare,4188,13060,unbiased,biased,1
B1_red_rare,4189,13061,unbiased,biased,1
B1_red_rare,4190,13062,unbiased,biased,1
B1_red_rare,4191,13063,unbiased,biased,2
B1_red_rare,4192,13064,unbiased,biased,2
B1_red_rare,4193,13065,unbiased,biased,1
B1_red_rare,4194,13066,unbiased,biased,3
B1_red_rare,4195,13067,unbiased,biased,1
B1_red_rare,4196,13068,unbiased,biased,1
B1_red_rare,4197,13069,unbiased,biased,1
B1_red_rare,4198,13070,unbiased,biased,1
B1_red_rare,4199,13071,unbiased,biased,1
B1_red_rare,4200,13072,unbiased,biased,1
B1_red_rare,4301,13173,unbiased,biased,2
B1_red_rare,4302,13174,unbiased,biased,1
B1_red_rare,4303,13175,unbiased,biased,1
B1_red_rare,4304,13176,unbiased,biased,1
B1_red_rare,4305,13177,unbiased,biased,1
B1_red_rare,4306,13178,unbiased,biased,1
B1_red_rare,4307,13179,unbiased,biased,2
B1_red_rare,4308,13180,unbiased,biased,3
B1_red_rare,4309,13181,unbiased,biased,1
B1_red_rare,4310,13182,unbiased,biased,1
B1_red_rare,4311,13183,unbiased,biased,1
B1_red_rare,4312,13184,unbiased,biased,1
B1_red_rare,4313,13185,unbiased,biased,1
B1_red_rare,4314,13186,unbiased,biased,1
B1_red_rare,4315,13187,unbiased,biased,1
B1_red_rare,4316,13188,unbiased,biased,1
B1_red_rare,4317,13189,unbiased,biased,1
B1_red_rare,4318,13190,unbiased,biased,1
B1_red_rare,4319,13191,unbiased,biased,1
B1_red_rare,4320,13192,unbiased,biased,1
B1_red_rare,4321,13193,unbiased,biased,1
B1_red_rare,4322,13194,unbiased,biased,1
B1_red_rare,4323,13195,unbiased,biased,3
B1_red_rare,4324,13196,unbiased,biased,1
B1_red_rare,4325,13197,unbiased,biased,1
B1_red_rare,4326,13198,unbiased,biased,3
B1_red_rare,4327,13199,unbiased,biased,1
B1_red_rare,4328,13200,unbiased,biased,1
B1_red_rare,4329,13201,unbiased,biased,1
B1_red_rare,4330,13202,unbiased,biased,1
B1_red_rare,4331,13203,unbiased,biased,1
B1_red_rare,4332,13204,unbiased,biased,1
B1_red_rare,4333,13205,unbiased,biased,1
B1_red_rare,4334,13206,unbiased,biased,1
B1_red_rare,4335,13207,unbiased,biased,1
B1_red_rare,4336,13208,unbiased,biased,1
B1_red_rare,4337,13209,unbiased,biased,1
B1_red_rare,4338,13210,unbiased,biased,1
B1_red_rare,4339,13211,unbiased,biased,5
B1_red_rare,4340,13212,unbiased,biased,1
B1_red_rare,4341,13213,unbiased,biased,1
B1_red_rare,4342,13214,unbiased,biased,1
B1_red_rare,4343,13215,unbiased,biased,1
B1_red_rare,4344,13216,unbiased,biased,3
B1_red_rare,4345,13217,unbiased,biased,1
B1_red_rare,4346,13218,unbiased,biased,1
B1_red_rare,4347,13219,unbiased,biased,1
B1_red_rare,4348,13220,unbiased,biased,1
B1_red_rare,4349,13221,unbiased,biased,2
B1_red_rare,4350,13222,unbiased,biased,1
B1_red_rare,4201,13073,unbiased,biased,1
B1_red_rare,4202,13074,unbiased,biased,1
B1_red_rare,4203,13075,unbiased,biased,1
B1_red_rare,4204,13076,unbiased,biased,1
B1_red_rare,4205,13077,unbiased,biased,1
B1_red_rare,4206,13078,unbiased,biased,1
B1_red_rare,4207,13079,unbiased,biased,1
B1_red_rare,4208,13080,unbiased,biased,1
B1_red_rare,4209,13081,unbiased,biased,1
B1_red_rare,4210,13082,unbiased,biased,4
B1_red_rare,4211,13083,unbiased,biased,1
B1_red_rare,4212,13084,unbiased,biased,1
B1_red_rare,4213,13085,unbiased,biased,3
B1_red_rare,4214,13086,unbiased,biased,1
B1_red_rare,4215,13087,unbiased,biased,3
B1_red_rare,4216,13088,unbiased,biased,1
B1_red_rare,4217,13089,unbiased,biased,4
B1_red_rare,4218,13090,unbiased,biased,2
B1_red_rare,4219,13091,unbiased,biased,1
B1_red_rare,4220,13092,unbiased,biased,1
B1_red_rare,4221,13093,unbiased,biased,1
B1_red_rare,4222,13094,unbiased,biased,1
B1_red_rare,4223,13095,unbiased,biased,1
B1_red_rare,4224,13096,unbiased,biased,1
B1_red_rare,4225,13097,unbiased,biased,1
B1_red_rare,4226,13098,unbiased,biased,1
B1_red_rare,4227,13099,unbiased,biased,1
B1_red_rare,4228,13100,unbiased,biased,2
B1_red_rare,4229,13101,unbiased,biased,1
B1_red_rare,4230,13102,unbiased,biased,2
B1_red_rare,4231,13103,unbiased,biased,1
B1_red_rare,4232,13104,unbiased,biased,1
B1_red_rare,4233,13105,unbiased,biased,1
B1_red_rare,4234,13106,unbiased,biased,1
B1_red_rare,4235,13107,unbiased,biased,2
B1_red_rare,4236,13108,unbiased,biased,1
B1_red_rare,4237,13109,unbiased,biased,1
B1_red_rare,4238,13110,unbiased,biased,1
B1_red_rare,4239,13111,unbiased,biased,1
B1_red_rare,4240,13112,unbiased,biased,1
B1_red_rare,4241,13113,unbiased,biased,1
B1_red_rare,4242,13114,unbiased,biased,2
B1_red_rare,4243,13115,unbiased,biased,1
B1_red_rare,4244,13116,unbiased,biased,2
B1_red_rare,4245,13117,unbiased,biased,1
B1_red_rare,4246,13118,unbiased,biased,1
B1_red_rare,4247,13119,unbiased,biased,7
B1_red_rare,4248,13120,unbiased,biased,1
B1_red_rare,4249,13121,unbiased,biased,1
B1_red_rare,4250,13122,unbiased,biased,2
B1_red_rare,4351,13223,unbiased,biased,2
B1_red_rare,4352,13224,unbiased,biased,1
B1_red_rare,4353,13225,unbiased,biased,1
B1_red_rare,4354,13226,unbiased,biased,1
B1_red_rare,4355,13227,unbiased,biased,1
B1_red_rare,4356,13228,unbiased,biased,1
B1_red_rare,4357,13229,unbiased,biased,1
B1_red_rare,4358,13230,unbiased,biased,1
B1_red_rare,4359,13231,unbiased,biased,1
B1_red_rare,4360,13232,unbiased,biased,1
B1_red_rare,4361,13233,unbiased,biased,2
B1_red_rare,4362,13234,unbiased,biased,1
B1_red_rare,4363,13235,unbiased,biased,1
B1_red_rare,4364,13236,unbiased,biased,1
B1_red_rare,4365,13237,unbiased,biased,2
B1_red_rare,4366,13238,unbiased,biased,3
B1_red_rare,4367,13239,unbiased,biased,1
B1_red_rare,4368,13240,unbiased,biased,2
B1_red_rare,4369,13241,unbiased,biased,1
B1_red_rare,4370,13242,unbiased,biased,1
B1_red_rare,4371,13243,unbiased,biased,1
B1_red_rare,4372,13244,unbiased,biased,1
B1_red_rare,4373,13245,unbiased,biased,1
B1_red_rare,4374,13246,unbiased,biased,1
B1_red_rare,4375,13247,unbiased,biased,1
B1_red_rare,4376,13248,unbiased,biased,1
B1_red_rare,4377,13249,unbiased,biased,1
B1_red_rare,4378,13250,unbiased,biased,1
B1_red_rare,4379,13251,unbiased,biased,1
B1_red_rare,4380,13252,unbiased,biased,1
B1_red_rare,4381,13253,unbiased,biased,1
B1_red_rare,4382,13254,unbiased,biased,8
B1_red_rare,4383,13255,unbiased,biased,1
B1_red_rare,4384,13256,unbiased,biased,2
B1_red_rare,4385,13257,unbiased,biased,3
B1_red_rare,4386,13258,unbiased,biased,1
B1_red_rare,4387,13259,unbiased,biased,1
B1_red_rare,4388,13260,unbiased,biased,1
B1_red_rare,4389,13261,unbiased,biased,1
B1_red_rare,4390,13262,unbiased,biased,1
B1_red_rare,4391,13263,unbiased,biased,2
B1_red_rare,4392,13264,unbiased,biased,2
B1_red_rare,4393,13265,unbiased,biased,1
B1_red_rare,4394,13266,unbiased,biased,1
B1_red_rare,4395,13267,unbiased,biased,6
B1_red_rare,4396,13268,unbiased,biased,1
B1_red_rare,4397,13269,unbiased,biased,1
B1_red_rare,4398,13270,unbiased,biased,1
B1_red_rare,4399,13271,unbiased,biased,1
B1_red_rare,4400,13272,unbiased,biased,1
B1_red_rare,4251,13123,unbiased,biased,3
B1_red_rare,4252,13124,unbiased,biased,1
B1_red_rare,4253,13125,unbiased,biased,1
B1_red_rare,4254,13126,unbiased,biased,1
B1_red_rare,4255,13127,unbiased,biased,1
B1_red_rare,4256,13128,unbiased,biased,1
B1_red_rare,4257,13129,unbiased,biased,3
B1_red_rare,4258,13130,unbiased,biased,1
B1_red_rare,4259,13131,unbiased,biased,1
B1_red_rare,4260,13132,unbiased,biased,2
B1_red_rare,4261,13133,unbiased,biased,1
B1_red_rare,4262,13134,unbiased,biased,1
B1_red_rare,4263,13135,unbiased,biased,1
B1_red_rare,4264,13136,unbiased,biased,3
B1_red_rare,4265,13137,unbiased,biased,1
B1_red_rare,4266,13138,unbiased,biased,3
B1_red_rare,4267,13139,unbiased,biased,1
B1_red_rare,4268,13140,unbiased,biased,1
B1_red_rare,4269,13141,unbiased,biased,1
B1_red_rare,4270,13142,unbiased,biased,2
B1_red_rare,4271,13143,unbiased,biased,1
B1_red_rare,4272,13144,unbiased,biased,1
B1_red_rare,4273,13145,unbiased,biased,1
B1_red_rare,4274,13146,unbiased,biased,2
B1_red_rare,4275,13147,unbiased,biased,1
B1_red_rare,4276,13148,unbiased,biased,1
B1_red_rare,4277,13149,unbiased,biased,1
B1_red_rare,4278,13150,unbiased,biased,1
B1_red_rare,4279,13151,unbiased,biased,1
B1_red_rare,4280,13152,unbiased,biased,1
B1_red_rare,4281,13153,unbiased,biased,1
B1_red_rare,4282,13154,unbiased,biased,1
B1_red_rare,4283,13155,unbiased,biased,1
B1_red_rare,4284,13156,unbiased,biased,2
B1_red_rare,4285,13157,unbiased,biased,1
B1_red_rare,4286,13158,unbiased,biased,1
B1_red_rare,4287,13159,unbiased,biased,1
B1_red_rare,4288,13160,unbiased,biased,1
B1_red_rare,4289,13161,unbiased,biased,1
B1_red_rare,4290,13162,unbiased,biased,1
B1_red_rare,4291,13163,unbiased,biased,7
B1_red_rare,4292,13164,unbiased,biased,2
B1_red_rare,4293,13165,unbiased,biased,1
B1_red_rare,4294,13166,unbiased,biased,6
B1_red_rare,4295,13167,unbiased,biased,1
B1_red_rare,4296,13168,unbiased,biased,1
B1_red_rare,4297,13169,unbiased,biased,1
B1_red_rare,4298,13170,unbiased,biased,1
B1_red_rare,4299,13171,unbiased,biased,1
B1_red_rare,4300,13172,unbiased,biased,1
B1_red_rare,4401,13273,unbiased,biased,1
B1_red_rare,4402,13274,unbiased,biased,1
B1_red_rare,4403,13275,unbiased,biased,1
B1_red_rare,4404,13276,unbiased,biased,1
B1_red_rare,4405,13277,unbiased,biased,1
B1_red_rare,4406,13278,unbiased,biased,1
B1_red_rare,4407,13279,unbiased,biased,1
B1_red_rare,4408,13280,unbiased,biased,5
B1_red_rare,4409,13281,unbiased,biased,1
B1_red_rare,4410,13282,unbiased,biased,2
B1_red_rare,4411,13283,unbiased,biased,1
B1_red_rare,4412,13284,unbiased,biased,1
B1_red_rare,4413,13285,unbiased,biased,1
B1_red_rare,4414,13286,unbiased,biased,1
B1_red_rare,4415,13287,unbiased,biased,1
B1_red_rare,4416,13288,unbiased,biased,3
B1_red_rare,4417,13289,unbiased,biased,1
B1_red_rare,4418,13290,unbiased,biased,1
B1_red_rare,4419,13291,unbiased,biased,1
B1_red_rare,4420,13292,unbiased,biased,1
B1_red_rare,4421,13293,unbiased,biased,1
B1_red_rare,4422,13294,unbiased,biased,2
B1_red_rare,4423,13295,unbiased,biased,1
B1_red_rare,4424,13296,unbiased,biased,1
B1_red_rare,4425,13297,unbiased,biased,1
B1_red_rare,4426,13298,unbiased,biased,1
B1_red_rare,4427,13299,unbiased,biased,1
B1_red_rare,4428,13300,unbiased,biased,1
B1_red_rare,4429,13301,unbiased,biased,1
B1_red_rare,4430,13302,unbiased,biased,1
B1_red_rare,4431,13303,unbiased,biased,2
B1_red_rare,4432,13304,unbiased,biased,1
B1_red_rare,4433,13305,unbiased,biased,1
B1_red_rare,4434,13306,unbiased,biased,1
B1_red_rare,4435,13307,unbiased,biased,1
B1_red_rare,4436,13308,unbiased,biased,1
B1_red_rare,4437,13309,unbiased,biased,1
B1_red_rare,4438,13310,unbiased,biased,1
B1_red_rare,4439,13311,unbiased,biased,2
B1_red_rare,4440,13312,unbiased,biased,1
B1_red_rare,4441,13313,unbiased,biased,1
B1_red_rare,4442,13314,unbiased,biased,2
B1_red_rare,4443,13315,unbiased,biased,1
B1_red_rare,4444,13316,unbiased,biased,2
B1_red_rare,4445,13317,unbiased,biased,1
B1_red_rare,4446,13318,unbiased,biased,7
B1_red_rare,4447,13319,unbiased,biased,1
B1_red_rare,4448,13320,unbiased,biased,1
B1_red_rare,4449,13321,unbiased,biased,1
B1_red_rare,4450,13322,unbiased,biased,1
B1_red_rare,4601,13473,unbiased,biased,1
B1_red_rare,4602,13474,unbiased,biased,1
B1_red_rare,4603,13475,unbiased,biased,1
B1_red_rare,4604,13476,unbiased,biased,1
B1_red_rare,4605,13477,unbiased,biased,1
B1_red_rare,4606,13478,unbiased,biased,1
B1_red_rare,4607,13479,unbiased,biased,1
B1_red_rare,4608,13480,unbiased,biased,1
B1_red_rare,4609,13481,unbiased,biased,1
B1_red_rare,4610,13482,unbiased,biased,1
B1_red_rare,4611,13483,unbiased,biased,1
B1_red_rare,4612,13484,unbiased,biased,1
B1_red_rare,4613,13485,unbiased,biased,1
B1_red_rare,4614,13486,unbiased,biased,1
B1_red_rare,4615,13487,unbiased,biased,1
B1_red_rare,4616,13488,unbiased,biased,1
B1_red_rare,4617,13489,unbiased,biased,1
B1_red_rare,4618,13490,unbiased,biased,1
B1_red_rare,4619,13491,unbiased,biased,2
B1_red_rare,4620,13492,unbiased,biased,1
B1_red_rare,4621,13493,unbiased,biased,1
B1_red_rare,4622,13494,unbiased,biased,1
B1_red_rare,4623,13495,unbiased,biased,1
B1_red_rare,4624,13496,unbiased,biased,1
B1_red_rare,4625,13497,unbiased,biased,1
B1_red_rare,4626,13498,unbiased,biased,1
B1_red_rare,4627,13499,unbiased,biased,1
B1_red_rare,4628,13500,unbiased,biased,1
B1_red_rare,4629,13501,unbiased,biased,1
B1_red_rare,4630,13502,unbiased,biased,1
B1_red_rare,4631,13503,unbiased,biased,1
B1_red_rare,4632,13504,unbiased,biased,1
B1_red_rare,4633,13505,unbiased,biased,1
B1_red_rare,4634,13506,unbiased,biased,1
B1_red_rare,4635,13507,unbiased,biased,1
B1_red_rare,4636,13508,unbiased,biased,1
B1_red_rare,4637,13509,unbiased,biased,1
B1_red_rare,4638,13510,unbiased,biased,2
B1_red_rare,4639,13511,unbiased,biased,1
B1_red_rare,4640,13512,unbiased,biased,1
B1_red_rare,4641,13513,unbiased,biased,1
B1_red_rare,4642,13514,unbiased,biased,1
B1_red_rare,4643,13515,unbiased,biased,1
B1_red_rare,4644,13516,unbiased,biased,2
B1_red_rare,4645,13517,unbiased,biased,1
B1_red_rare,4646,13518,unbiased,biased,1
B1_red_rare,4647,13519,unbiased,biased,1
B1_red_rare,4648,13520,unbiased,biased,4
B1_red_rare,4649,13521,unbiased,biased,1
B1_red_rare,4650,13522,unbiased,biased,1
B1_red_rare,4501,13373,unbiased,biased,3
B1_red_rare,4502,13374,unbiased,biased,1
B1_red_rare,4503,13375,unbiased,biased,1
B1_red_rare,4504,13376,unbiased,biased,1
B1_red_rare,4505,13377,unbiased,biased,1
B1_red_rare,4506,13378,unbiased,biased,1
B1_red_rare,4507,13379,unbiased,biased,1
B1_red_rare,4508,13380,unbiased,biased,1
B1_red_rare,4509,13381,unbiased,biased,1
B1_red_rare,4510,13382,unbiased,biased,1
B1_red_rare,4511,13383,unbiased,biased,2
B1_red_rare,4512,13384,unbiased,biased,1
B1_red_rare,4513,13385,unbiased,biased,2
B1_red_rare,4514,13386,unbiased,biased,1
B1_red_rare,4515,13387,unbiased,biased,2
B1_red_rare,4516,13388,unbiased,biased,1
B1_red_rare,4517,13389,unbiased,biased,1
B1_red_rare,4518,13390,unbiased,biased,1
B1_red_rare,4519,13391,unbiased,biased,1
B1_red_rare,4520,13392,unbiased,biased,2
B1_red_rare,4521,13393,unbiased,biased,1
B1_red_rare,4522,13394,unbiased,biased,1
B1_red_rare,4523,13395,unbiased,biased,1
B1_red_rare,4524,13396,unbiased,biased,1
B1_red_rare,4525,13397,unbiased,biased,1
B1_red_rare,4526,13398,unbiased,biased,1
B1_red_rare,4527,13399,unbiased,biased,1
B1_red_rare,4528,13400,unbiased,biased,1
B1_red_rare,4529,13401,unbiased,biased,1
B1_red_rare,4530,13402,unbiased,biased,1
B1_red_rare,4531,13403,unbiased,biased,3
B1_red_rare,4532,13404,unbiased,biased,2
B1_red_rare,4533,13405,unbiased,biased,1
B1_red_rare,4534,13406,unbiased,biased,2
B1_red_rare,4535,13407,unbiased,biased,1
B1_red_rare,4536,13408,unbiased,biased,1
B1_red_rare,4537,13409,unbiased,biased,1
B1_red_rare,4538,13410,unbiased,biased,2
B1_red_rare,4539,13411,unbiased,biased,1
B1_red_rare,4540,13412,unbiased,biased,1
B1_red_rare,4541,13413,unbiased,biased,1
B1_red_rare,4542,13414,unbiased,biased,1
B1_red_rare,4543,13415,unbiased,biased,1
B1_red_rare,4544,13416,unbiased,biased,1
B1_red_rare,4545,13417,unbiased,biased,2
B1_red_rare,4546,13418,unbiased,biased,1
B1_red_rare,4547,13419,unbiased,biased,1
B1_red_rare,4548,13420,unbiased,biased,1
B1_red_rare,4549,13421,unbiased,biased,1
B1_red_rare,4550,13422,unbiased,biased,1
B1_red_rare,4451,13323,unbiased,biased,1
B1_red_rare,4452,13324,unbiased,biased,2
B1_red_rare,4453,13325,unbiased,biased,4
B1_red_rare,4454,13326,unbiased,biased,1
B1_red_rare,4455,13327,unbiased,biased,2
B1_red_rare,4456,13328,unbiased,biased,1
B1_red_rare,4457,13329,unbiased,biased,1
B1_red_rare,4458,13330,unbiased,biased,1
B1_red_rare,4459,13331,unbiased,biased,3
B1_red_rare,4460,13332,unbiased,biased,1
B1_red_rare,4461,13333,unbiased,biased,1
B1_red_rare,4462,13334,unbiased,biased,1
B1_red_rare,4463,13335,unbiased,biased,1
B1_red_rare,4464,13336,unbiased,biased,1
B1_red_rare,4465,13337,unbiased,biased,1
B1_red_rare,4466,13338,unbiased,biased,1
B1_red_rare,4467,13339,unbiased,biased,1
B1_red_rare,4468,13340,unbiased,biased,3
B1_red_rare,4469,13341,unbiased,biased,1
B1_red_rare,4470,13342,unbiased,biased,1
B1_red_rare,4471,13343,unbiased,biased,1
B1_red_rare,4472,13344,unbiased,biased,1
B1_red_rare,4473,13345,unbiased,biased,1
B1_red_rare,4474,13346,unbiased,biased,1
B1_red_rare,4475,13347,unbiased,biased,1
B1_red_rare,4476,13348,unbiased,biased,1
B1_red_rare,4477,13349,unbiased,biased,1
B1_red_rare,4478,13350,unbiased,biased,2
B1_red_rare,4479,13351,unbiased,biased,1
B1_red_rare,4480,13352,unbiased,biased,1
B1_red_rare,4481,13353,unbiased,biased,1
B1_red_rare,4482,13354,unbiased,biased,2
B1_red_rare,4483,13355,unbiased,biased,1
B1_red_rare,4484,13356,unbiased,biased,2
B1_red_rare,4485,13357,unbiased,biased,1
B1_red_rare,4486,13358,unbiased,biased,1
B1_red_rare,4487,13359,unbiased,biased,1
B1_red_rare,4488,13360,unbiased,biased,1
B1_red_rare,4489,13361,unbiased,biased,14
B1_red_rare,4490,13362,unbiased,biased,1
B1_red_rare,4491,13363,unbiased,biased,1
B1_red_rare,4492,13364,unbiased,biased,1
B1_red_rare,4493,13365,unbiased,biased,1
B1_red_rare,4494,13366,unbiased,biased,1
B1_red_rare,4495,13367,unbiased,biased,1
B1_red_rare,4496,13368,unbiased,biased,1
B1_red_rare,4497,13369,unbiased,biased,1
B1_red_rare,4498,13370,unbiased,biased,2
B1_red_rare,4499,13371,unbiased,biased,1
B1_red_rare,4500,13372,unbiased,biased,1
B1_red_rare,4551,13423,unbiased,biased,1
B1_red_rare,4552,13424,unbiased,biased,1
B1_red_rare,4553,13425,unbiased,biased,1
B1_red_rare,4554,13426,unbiased,biased,2
B1_red_rare,4555,13427,unbiased,biased,1
B1_red_rare,4556,13428,unbiased,biased,1
B1_red_rare,4557,13429,unbiased,biased,1
B1_red_rare,4558,13430,unbiased,biased,1
B1_red_rare,4559,13431,unbiased,biased,1
B1_red_rare,4560,13432,unbiased,biased,1
B1_red_rare,4561,13433,unbiased,biased,1
B1_red_rare,4562,13434,unbiased,biased,2
B1_red_rare,4563,13435,unbiased,biased,1
B1_red_rare,4564,13436,unbiased,biased,1
B1_red_rare,4565,13437,unbiased,biased,1
B1_red_rare,4566,13438,unbiased,biased,1
B1_red_rare,4567,13439,unbiased,biased,1
B1_red_rare,4568,13440,unbiased,biased,1
B1_red_rare,4569,13441,unbiased,biased,6
B1_red_rare,4570,13442,unbiased,biased,3
B1_red_rare,4571,13443,unbiased,biased,1
B1_red_rare,4572,13444,unbiased,biased,2
B1_red_rare,4573,13445,unbiased,biased,1
B1_red_rare,4574,13446,unbiased,biased,2
B1_red_rare,4575,13447,unbiased,biased,1
B1_red_rare,4576,13448,unbiased,biased,1
B1_red_rare,4577,13449,unbiased,biased,1
B1_red_rare,4578,13450,unbiased,biased,2
B1_red_rare,4579,13451,unbiased,biased,1
B1_red_rare,4580,13452,unbiased,biased,1
B1_red_rare,4581,13453,unbiased,biased,1
B1_red_rare,4582,13454,unbiased,biased,1
B1_red_rare,4583,13455,unbiased,biased,1
B1_red_rare,4584,13456,unbiased,biased,1
B1_red_rare,4585,13457,unbiased,biased,5
B1_red_rare,4586,13458,unbiased,biased,1
B1_red_rare,4587,13459,unbiased,biased,1
B1_red_rare,4588,13460,unbiased,biased,1
B1_red_rare,4589,13461,unbiased,biased,1
B1_red_rare,4590,13462,unbiased,biased,1
B1_red_rare,4591,13463,unbiased,biased,2
B1_red_rare,4592,13464,unbiased,biased,1
B1_red_rare,4593,13465,unbiased,biased,1
B1_red_rare,4594,13466,unbiased,biased,2
B1_red_rare,4595,13467,unbiased,biased,1
B1_red_rare,4596,13468,unbiased,biased,3
B1_red_rare,4597,13469,unbiased,biased,1
B1_red_rare,4598,13470,unbiased,biased,1
B1_red_rare,4599,13471,unbiased,biased,1
B1_red_rare,4600,13472,unbiased,biased,2
B1_red_rare,4651,13523,unbiased,biased,1
B1_red_rare,4652,13524,unbiased,biased,1
B1_red_rare,4653,13525,unbiased,biased,2
B1_red_rare,4654,13526,unbiased,biased,2
B1_red_rare,4655,13527,unbiased,biased,2
B1_red_rare,4656,13528,unbiased,biased,1
B1_red_rare,4657,13529,unbiased,biased,1
B1_red_rare,4658,13530,unbiased,biased,1
B1_red_rare,4659,13531,unbiased,biased,1
B1_red_rare,4660,13532,unbiased,biased,1
B1_red_rare,4661,13533,unbiased,biased,1
B1_red_rare,4662,13534,unbiased,biased,1
B1_red_rare,4663,13535,unbiased,biased,1
B1_red_rare,4664,13536,unbiased,biased,2
B1_red_rare,4665,13537,unbiased,biased,1
B1_red_rare,4666,13538,unbiased,biased,1
B1_red_rare,4667,13539,unbiased,biased,1
B1_red_rare,4668,13540,unbiased,biased,1
B1_red_rare,4669,13541,unbiased,biased,1
B1_red_rare,4670,13542,unbiased,biased,1
B1_red_rare,4671,13543,unbiased,biased,1
B1_red_rare,4672,13544,unbiased,biased,1
B1_red_rare,4673,13545,unbiased,biased,2
B1_red_rare,4674,13546,unbiased,biased,1
B1_red_rare,4675,13547,unbiased,biased,1
B1_red_rare,4676,13548,unbiased,biased,1
B1_red_rare,4677,13549,unbiased,biased,1
B1_red_rare,4678,13550,unbiased,biased,1
B1_red_rare,4679,13551,unbiased,biased,1
B1_red_rare,4680,13552,unbiased,biased,1
B1_red_rare,4681,13553,unbiased,biased,1
B1_red_rare,4682,13554,unbiased,biased,1
B1_red_rare,4683,13555,unbiased,biased,1
B1_red_rare,4684,13556,unbiased,biased,1
B1_red_rare,4685,13557,unbiased,biased,1
B1_red_rare,4686,13558,unbiased,biased,1
B1_red_rare,4687,13559,unbiased,biased,1
B1_red_rare,4688,13560,unbiased,biased,10
B1_red_rare,4689,13561,unbiased,biased,1
B1_red_rare,4690,13562,unbiased,biased,2
B1_red_rare,4691,13563,unbiased,biased,1
B1_red_rare,4692,13564,unbiased,biased,1
B1_red_rare,4693,13565,unbiased,biased,2
B1_red_rare,4694,13566,unbiased,biased,1
B1_red_rare,4695,13567,unbiased,biased,1
B1_red_rare,4696,13568,unbiased,biased,1
B1_red_rare,4697,13569,unbiased,biased,13
B1_red_rare,4698,13570,unbiased,biased,1
B1_red_rare,4699,13571,unbiased,biased,1
B1_red_rare,4700,13572,unbiased,biased,1
B1_red_rare,4751,13623,unbiased,biased,1
B1_red_rare,4752,13624,unbiased,biased,1
B1_red_rare,4753,13625,unbiased,biased,1
B1_red_rare,4754,13626,unbiased,biased,1
B1_red_rare,4755,13627,unbiased,biased,1
B1_red_rare,4756,13628,unbiased,biased,1
B1_red_rare,4757,13629,unbiased,biased,1
B1_red_rare,4758,13630,unbiased,biased,1
B1_red_rare,4759,13631,unbiased,biased,1
B1_red_rare,4760,13632,unbiased,biased,1
B1_red_rare,4761,13633,unbiased,biased,1
B1_red_rare,4762,13634,unbiased,biased,1
B1_red_rare,4763,13635,unbiased,biased,1
B1_red_rare,4764,13636,unbiased,biased,1
B1_red_rare,4765,13637,unbiased,biased,1
B1_red_rare,4766,13638,unbiased,biased,1
B1_red_rare,4767,13639,unbiased,biased,1
B1_red_rare,4768,13640,unbiased,biased,1
B1_red_rare,4769,13641,unbiased,biased,1
B1_red_rare,4770,13642,unbiased,biased,1
B1_red_rare,4771,13643,unbiased,biased,1
B1_red_rare,4772,13644,unbiased,biased,1
B1_red_rare,4773,13645,unbiased,biased,1
B1_red_rare,4774,13646,unbiased,biased,1
B1_red_rare,4775,13647,unbiased,biased,1
B1_red_rare,4776,13648,unbiased,biased,1
B1_red_rare,4777,13649,unbiased,biased,2
B1_red_rare,4778,13650,unbiased,biased,3
B1_red_rare,4779,13651,unbiased,biased,2
B1_red_rare,4780,13652,unbiased,biased,2
B1_red_rare,4781,13653,unbiased,biased,1
B1_red_rare,4782,13654,unbiased,biased,1
B1_red_rare,4783,13655,unbiased,biased,1
B1_red_rare,4784,13656,unbiased,biased,1
B1_red_rare,4785,13657,unbiased,biased,2
B1_red_rare,4786,13658,unbiased,biased,1
B1_red_rare,4787,13659,unbiased,biased,2
B1_red_rare,4788,13660,unbiased,biased,1
B1_red_rare,4789,13661,unbiased,biased,1
B1_red_rare,4790,13662,unbiased,biased,1
B1_red_rare,4791,13663,unbiased,biased,1
B1_red_rare,4792,13664,unbiased,biased,1
B1_red_rare,4793,13665,unbiased,biased,1
B1_red_rare,4794,13666,unbiased,biased,1
B1_red_rare,4795,13667,unbiased,biased,1
B1_red_rare,4796,13668,unbiased,biased,1
B1_red_rare,4797,13669,unbiased,biased,2
B1_red_rare,4798,13670,unbiased,biased,1
B1_red_rare,4799,13671,unbiased,biased,1
B1_red_rare,4800,13672,unbiased,biased,1
B1_red_rare,4701,13573,unbiased,biased,1
B1_red_rare,4702,13574,unbiased,biased,1
B1_red_rare,4703,13575,unbiased,biased,2
B1_red_rare,4704,13576,unbiased,biased,1
B1_red_rare,4705,13577,unbiased,biased,1
B1_red_rare,4706,13578,unbiased,biased,1
B1_red_rare,4707,13579,unbiased,biased,1
B1_red_rare,4708,13580,unbiased,biased,1
B1_red_rare,4709,13581,unbiased,biased,1
B1_red_rare,4710,13582,unbiased,biased,4
B1_red_rare,4711,13583,unbiased,biased,1
B1_red_rare,4712,13584,unbiased,biased,1
B1_red_rare,4713,13585,unbiased,biased,9
B1_red_rare,4714,13586,unbiased,biased,2
B1_red_rare,4715,13587,unbiased,biased,1
B1_red_rare,4716,13588,unbiased,biased,1
B1_red_rare,4717,13589,unbiased,biased,2
B1_red_rare,4718,13590,unbiased,biased,1
B1_red_rare,4719,13591,unbiased,biased,1
B1_red_rare,4720,13592,unbiased,biased,1
B1_red_rare,4721,13593,unbiased,biased,2
B1_red_rare,4722,13594,unbiased,biased,1
B1_red_rare,4723,13595,unbiased,biased,1
B1_red_rare,4724,13596,unbiased,biased,2
B1_red_rare,4725,13597,unbiased,biased,1
B1_red_rare,4726,13598,unbiased,biased,1
B1_red_rare,4727,13599,unbiased,biased,1
B1_red_rare,4728,13600,unbiased,biased,1
B1_red_rare,4729,13601,unbiased,biased,1
B1_red_rare,4730,13602,unbiased,biased,2
B1_red_rare,4731,13603,unbiased,biased,1
B1_red_rare,4732,13604,unbiased,biased,3
B1_red_rare,4733,13605,unbiased,biased,1
B1_red_rare,4734,13606,unbiased,biased,1
B1_red_rare,4735,13607,unbiased,biased,1
B1_red_rare,4736,13608,unbiased,biased,1
B1_red_rare,4737,13609,unbiased,biased,1
B1_red_rare,4738,13610,unbiased,biased,1
B1_red_rare,4739,13611,unbiased,biased,1
B1_red_rare,4740,13612,unbiased,biased,2
B1_red_rare,4741,13613,unbiased,biased,1
B1_red_rare,4742,13614,unbiased,biased,1
B1_red_rare,4743,13615,unbiased,biased,1
B1_red_rare,4744,13616,unbiased,biased,1
B1_red_rare,4745,13617,unbiased,biased,1
B1_red_rare,4746,13618,unbiased,biased,1
B1_red_rare,4747,13619,unbiased,biased,1
B1_red_rare,4748,13620,unbiased,biased,1
B1_red_rare,4749,13621,unbiased,biased,1
B1_red_rare,4750,13622,unbiased,biased,1
B1_red_rare,4851,13723,unbiased,biased,1
B1_red_rare,4852,13724,unbiased,biased,1
B1_red_rare,4853,13725,unbiased,biased,1
B1_red_rare,4854,13726,unbiased,biased,1
B1_red_rare,4855,13727,unbiased,biased,2
B1_red_rare,4856,13728,unbiased,biased,1
B1_red_rare,4857,13729,unbiased,biased,1
B1_red_rare,4858,13730,unbiased,biased,1
B1_red_rare,4859,13731,unbiased,biased,1
B1_red_rare,4860,13732,unbiased,biased,1
B1_red_rare,4861,13733,unbiased,biased,1
B1_red_rare,4862,13734,unbiased,biased,1
B1_red_rare,4863,13735,unbiased,biased,2
B1_red_rare,4864,13736,unbiased,biased,1
B1_red_rare,4865,13737,unbiased,biased,1
B1_red_rare,4866,13738,unbiased,biased,1
B1_red_rare,4867,13739,unbiased,biased,1
B1_red_rare,4868,13740,unbiased,biased,1
B1_red_rare,4869,13741,unbiased,biased,2
B1_red_rare,4870,13742,unbiased,biased,1
B1_red_rare,4871,13743,unbiased,biased,2
B1_red_rare,4872,13744,unbiased,biased,2
B1_red_rare,4873,13745,unbiased,biased,6
B1_red_rare,4874,13746,unbiased,biased,2
B1_red_rare,4875,13747,unbiased,biased,1
B1_red_rare,4876,13748,unbiased,biased,1
B1_red_rare,4877,13749,unbiased,biased,1
B1_red_rare,4878,13750,unbiased,biased,1
B1_red_rare,4879,13751,unbiased,biased,1
B1_red_rare,4880,13752,unbiased,biased,1
B1_red_rare,4881,13753,unbiased,biased,1
B1_red_rare,4882,13754,unbiased,biased,1
B1_red_rare,4883,13755,unbiased,biased,1
B1_red_rare,4884,13756,unbiased,biased,2
B1_red_rare,4885,13757,unbiased,biased,1
B1_red_rare,4886,13758,unbiased,biased,1
B1_red_rare,4887,13759,unbiased,biased,1
B1_red_rare,4888,13760,unbiased,biased,1
B1_red_rare,4889,13761,unbiased,biased,1
B1_red_rare,4890,13762,unbiased,biased,1
B1_red_rare,4891,13763,unbiased,biased,1
B1_red_rare,4892,13764,unbiased,biased,1
B1_red_rare,4893,13765,unbiased,biased,1
B1_red_rare,4894,13766,unbiased,biased,1
B1_red_rare,4895,13767,unbiased,biased,1
B1_red_rare,4896,13768,unbiased,biased,1
B1_red_rare,4897,13769,unbiased,biased,1
B1_red_rare,4898,13770,unbiased,biased,1
B1_red_rare,4899,13771,unbiased,biased,1
B1_red_rare,4900,13772,unbiased,biased,1
B1_red_rare,4951,13823,unbiased,biased,1
B1_red_rare,4952,13824,unbiased,biased,2
B1_red_rare,4953,13825,unbiased,biased,1
B1_red_rare,4954,13826,unbiased,biased,1
B1_red_rare,4955,13827,unbiased,biased,2
B1_red_rare,4956,13828,unbiased,biased,2
B1_red_rare,4957,13829,unbiased,biased,1
B1_red_rare,4958,13830,unbiased,biased,2
B1_red_rare,4959,13831,unbiased,biased,1
B1_red_rare,4960,13832,unbiased,biased,1
B1_red_rare,4961,13833,unbiased,biased,1
B1_red_rare,4962,13834,unbiased,biased,1
B1_red_rare,4963,13835,unbiased,biased,1
B1_red_rare,4964,13836,unbiased,biased,1
B1_red_rare,4965,13837,unbiased,biased,1
B1_red_rare,4966,13838,unbiased,biased,1
B1_red_rare,4967,13839,unbiased,biased,1
B1_red_rare,4968,13840,unbiased,biased,1
B1_red_rare,4969,13841,unbiased,biased,1
B1_red_rare,4970,13842,unbiased,biased,1
B1_red_rare,4971,13843,unbiased,biased,2
B1_red_rare,4972,13844,unbiased,biased,1
B1_red_rare,4973,13845,unbiased,biased,4
B1_red_rare,4974,13846,unbiased,biased,1
B1_red_rare,4975,13847,unbiased,biased,1
B1_red_rare,4976,13848,unbiased,biased,1
B1_red_rare,4977,13849,unbiased,biased,1
B1_red_rare,4978,13850,unbiased,biased,1
B1_red_rare,4979,13851,unbiased,biased,2
B1_red_rare,4980,13852,unbiased,biased,1
B1_red_rare,4981,13853,unbiased,biased,1
B1_red_rare,4982,13854,unbiased,biased,1
B1_red_rare,4983,13855,unbiased,biased,1
B1_red_rare,4984,13856,unbiased,biased,1
B1_red_rare,4985,13857,unbiased,biased,1
B1_red_rare,4986,13858,unbiased,biased,1
B1_red_rare,4987,13859,unbiased,biased,1
B1_red_rare,4988,13860,unbiased,biased,1
B1_red_rare,4989,13861,unbiased,biased,1
B1_red_rare,4990,13862,unbiased,biased,1
B1_red_rare,4991,13863,unbiased,biased,1
B1_red_rare,4992,13864,unbiased,biased,1
B1_red_rare,4993,13865,unbiased,biased,1
B1_red_rare,4994,13866,unbiased,biased,1
B1_red_rare,4995,13867,unbiased,biased,1
B1_red_rare,4996,13868,unbiased,biased,1
B1_red_rare,4997,13869,unbiased,biased,1
B1_red_rare,4998,13870,unbiased,biased,1
B1_red_rare,4999,13871,unbiased,biased,1
B1_red_rare,5000,13872,unbiased,biased,1
B1_red_rare,4801,13673,unbiased,biased,1
B1_red_rare,4802,13674,unbiased,biased,1
B1_red_rare,4803,13675,unbiased,biased,2
B1_red_rare,4804,13676,unbiased,biased,1
B1_red_rare,4805,13677,unbiased,biased,1
B1_red_rare,4806,13678,unbiased,biased,2
B1_red_rare,4807,13679,unbiased,biased,1
B1_red_rare,4808,13680,unbiased,biased,1
B1_red_rare,4809,13681,unbiased,biased,1
B1_red_rare,4810,13682,unbiased,biased,1
B1_red_rare,4811,13683,unbiased,biased,1
B1_red_rare,4812,13684,unbiased,biased,2
B1_red_rare,4813,13685,unbiased,biased,1
B1_red_rare,4814,13686,unbiased,biased,1
B1_red_rare,4815,13687,unbiased,biased,1
B1_red_rare,4816,13688,unbiased,biased,1
B1_red_rare,4817,13689,unbiased,biased,1
B1_red_rare,4818,13690,unbiased,biased,2
B1_red_rare,4819,13691,unbiased,biased,1
B1_red_rare,4820,13692,unbiased,biased,1
B1_red_rare,4821,13693,unbiased,biased,1
B1_red_rare,4822,13694,unbiased,biased,1
B1_red_rare,4823,13695,unbiased,biased,2
B1_red_rare,4824,13696,unbiased,biased,1
B1_red_rare,4825,13697,unbiased,biased,1
B1_red_rare,4826,13698,unbiased,biased,1
B1_red_rare,4827,13699,unbiased,biased,1
B1_red_rare,4828,13700,unbiased,biased,1
B1_red_rare,4829,13701,unbiased,biased,1
B1_red_rare,4830,13702,unbiased,biased,1
B1_red_rare,4831,13703,unbiased,biased,1
B1_red_rare,4832,13704,unbiased,biased,2
B1_red_rare,4833,13705,unbiased,biased,1
B1_red_rare,4834,13706,unbiased,biased,1
B1_red_rare,4835,13707,unbiased,biased,2
B1_red_rare,4836,13708,unbiased,biased,1
B1_red_rare,4837,13709,unbiased,biased,1
B1_red_rare,4838,13710,unbiased,biased,1
B1_red_rare,4839,13711,unbiased,biased,1
B1_red_rare,4840,13712,unbiased,biased,1
B1_red_rare,4841,13713,unbiased,biased,1
B1_red_rare,4842,13714,unbiased,biased,2
B1_red_rare,4843,13715,unbiased,biased,1
B1_red_rare,4844,13716,unbiased,biased,2
B1_red_rare,4845,13717,unbiased,biased,5
B1_red_rare,4846,13718,unbiased,biased,2
B1_red_rare,4847,13719,unbiased,biased,6
B1_red_rare,4848,13720,unbiased,biased,1
B1_red_rare,4849,13721,unbiased,biased,1
B1_red_rare,4850,13722,unbiased,biased,1
B1_red_rare,4901,13773,unbiased,biased,1
B1_red_rare,4902,13774,unbiased,biased,1
B1_red_rare,4903,13775,unbiased,biased,1
B1_red_rare,4904,13776,unbiased,biased,1
B1_red_rare,4905,13777,unbiased,biased,1
B1_red_rare,4906,13778,unbiased,biased,1
B1_red_rare,4907,13779,unbiased,biased,1
B1_red_rare,4908,13780,unbiased,biased,1
B1_red_rare,4909,13781,unbiased,biased,1
B1_red_rare,4910,13782,unbiased,biased,1
B1_red_rare,4911,13783,unbiased,biased,1
B1_red_rare,4912,13784,unbiased,biased,1
B1_red_rare,4913,13785,unbiased,biased,1
B1_red_rare,4914,13786,unbiased,biased,1
B1_red_rare,4915,13787,unbiased,biased,1
B1_red_rare,4916,13788,unbiased,biased,2
B1_red_rare,4917,13789,unbiased,biased,1
B1_red_rare,4918,13790,unbiased,biased,1
B1_red_rare,4919,13791,unbiased,biased,1
B1_red_rare,4920,13792,unbiased,biased,1
B1_red_rare,4921,13793,unbiased,biased,2
B1_red_rare,4922,13794,unbiased,biased,1
B1_red_rare,4923,13795,unbiased,biased,1
B1_red_rare,4924,13796,unbiased,biased,1
B1_red_rare,4925,13797,unbiased,biased,1
B1_red_rare,4926,13798,unbiased,biased,1
B1_red_rare,4927,13799,unbiased,biased,1
B1_red_rare,4928,13800,unbiased,biased,1
B1_red_rare,4929,13801,unbiased,biased,3
B1_red_rare,4930,13802,unbiased,biased,1
B1_red_rare,4931,13803,unbiased,biased,1
B1_red_rare,4932,13804,unbiased,biased,2
B1_red_rare,4933,13805,unbiased,biased,2
B1_red_rare,4934,13806,unbiased,biased,1
B1_red_rare,4935,13807,unbiased,biased,1
B1_red_rare,4936,13808,unbiased,biased,1
B1_red_rare,4937,13809,unbiased,biased,1
B1_red_rare,4938,13810,unbiased,biased,1
B1_red_rare,4939,13811,unbiased,biased,4
B1_red_rare,4940,13812,unbiased,biased,1
B1_red_rare,4941,13813,unbiased,biased,1
B1_red_rare,4942,13814,unbiased,biased,1
B1_red_rare,4943,13815,unbiased,biased,1
B1_red_rare,4944,13816,unbiased,biased,1
B1_red_rare,4945,13817,unbiased,biased,1
B1_red_rare,4946,13818,unbiased,biased,1
B1_red_rare,4947,13819,unbiased,biased,1
B1_red_rare,4948,13820,unbiased,biased,1
B1_red_rare,4949,13821,unbiased,biased,1
B1_red_rare,4950,13822,unbiased,biased,1
